{
"type": "FeatureCollection",
"name": "Schools_Parcels",
"crs": { "type": "name", "properties": { "name": "urn:ogc:def:crs:OGC:1.3:CRS84" } },
"features": [
{ "type": "Feature", "properties": { "aun": 126515001, "school_num": 6533, "location_id": "1350", "school_name": "LONGSTRETH, WILLIAM C. SCHOOL", "school_name_label": "WILLIAM C. LONGSTRETH SCHOOL", "street_address": "5700 WILLOWS AVE", "zip_code": "19143", "phone_number": "(215) 400-7870", "active": null, "grade_level": "ELEMENTARY/MIDDLE", "grade_org": "K-8", "enrollment": 278, "type": 1, "type_specific": "DISTRICT", "objectid": 1, "Shape__Area": 14109.26171875, "Shape__Length": 495.39756611782423 }, "geometry": { "type": "Polygon", "coordinates": [ [ [ -75.232783365851503, 39.9399414155058 ], [ -75.232993050819701, 39.939793768031599 ], [ -75.233098449047105, 39.939909610999898 ], [ -75.233455047415305, 39.940302256806703 ], [ -75.233362406212095, 39.940367812359497 ], [ -75.233360641551599, 39.940369080084203 ], [ -75.233280191271703, 39.940426054155203 ], [ -75.233170344898497, 39.940503773903004 ], [ -75.233115937841106, 39.940542265520698 ], [ -75.232934221439393, 39.9406708774438 ], [ -75.232810777837102, 39.940758340071397 ], [ -75.232790007701695, 39.9407729398878 ], [ -75.232769022537795, 39.940787696034299 ], [ -75.232734977625398, 39.940811886178999 ], [ -75.232731255539505, 39.940814528877702 ], [ -75.232693124962097, 39.940841577852503 ], [ -75.232652290382404, 39.940870406627198 ], [ -75.232613365773304, 39.940897955096297 ], [ -75.232577406694404, 39.940923455804999 ], [ -75.232572868661805, 39.940926677500201 ], [ -75.232530394475006, 39.940956791332901 ], [ -75.232451044379502, 39.941012821555098 ], [ -75.232440773103207, 39.941004053532801 ], [ -75.232374902567898, 39.940948912798099 ], [ -75.232356673216898, 39.940933392811999 ], [ -75.232347656986093, 39.940925779701303 ], [ -75.232257501962806, 39.940850086821897 ], [ -75.232249072455105, 39.940843066598703 ], [ -75.232071981083493, 39.9406941524148 ], [ -75.231977789012504, 39.940614968288301 ], [ -75.231909449566103, 39.940557534090999 ], [ -75.232011610328001, 39.940485497637503 ], [ -75.232029674819401, 39.940472725024001 ], [ -75.232100414268501, 39.940422969595602 ], [ -75.232202337930005, 39.940351121490302 ], [ -75.232281209061597, 39.940295564097397 ], [ -75.232453420473703, 39.940174240861197 ], [ -75.232532467401896, 39.940118429252799 ], [ -75.232623270492795, 39.940054478334702 ], [ -75.232711373770996, 39.939992191249701 ], [ -75.232783365851503, 39.9399414155058 ] ] ] } },
{ "type": "Feature", "properties": { "aun": 126515001, "school_num": 5293, "location_id": "5350", "school_name": "MCKINLEY, WILLIAM SCHOOL", "school_name_label": "WILLIAM MCKINLEY SCHOOL", "street_address": "2101 N ORKNEY ST", "zip_code": "19122", "phone_number": "(215) 400-7440", "active": null, "grade_level": "ELEMENTARY/MIDDLE", "grade_org": "K-8", "enrollment": 285, "type": 1, "type_specific": "DISTRICT", "objectid": 2, "Shape__Area": 19454.24609375, "Shape__Length": 609.3377117590195 }, "geometry": { "type": "Polygon", "coordinates": [ [ [ -75.140792627412793, 39.984216435241599 ], [ -75.140552381332995, 39.984185728685702 ], [ -75.140802908915802, 39.983013393836103 ], [ -75.140812514307001, 39.982968476611298 ], [ -75.140835967756303, 39.982858716766998 ], [ -75.140849532273293, 39.982795271043202 ], [ -75.140862098392603, 39.982736509337201 ], [ -75.141178166777195, 39.982776724918303 ], [ -75.141356172089502, 39.982800355998897 ], [ -75.141670222355003, 39.982839686388701 ], [ -75.141569428556807, 39.9833100167222 ], [ -75.141531309947496, 39.983487904184102 ], [ -75.141503992611106, 39.983615339983601 ], [ -75.141466334574105, 39.983791061929097 ], [ -75.141452700703397, 39.983854684090701 ], [ -75.141363373106401, 39.9842714016523 ], [ -75.141359160031499, 39.984291052923297 ], [ -75.141048006344704, 39.984249822323598 ], [ -75.140871973836596, 39.984226573583101 ], [ -75.140792627412793, 39.984216435241599 ] ] ] } },
{ "type": "Feature", "properties": { "aun": 126515001, "school_num": 7521, "location_id": "5500", "school_name": "MARSHALL, THURGOOD SCHOOL", "school_name_label": "THURGOOD MARSHALL SCHOOL", "street_address": "5120 N 6TH ST", "zip_code": "19120", "phone_number": "(215) 400-3770", "active": null, "grade_level": "ELEMENTARY/MIDDLE", "grade_org": "K-8", "enrollment": 604, "type": 1, "type_specific": "DISTRICT", "objectid": 3, "Shape__Area": 16262.0625, "Shape__Length": 665.97327904458996 }, "geometry": { "type": "Polygon", "coordinates": [ [ [ -75.135051368184307, 40.030671872889599 ], [ -75.135051384195705, 40.030671571411503 ], [ -75.135074275426703, 40.0303810521537 ], [ -75.135012501294497, 40.030143902019702 ], [ -75.134972474258305, 40.030660844419103 ], [ -75.134589634910398, 40.030609053232901 ], [ -75.133944484396906, 40.030521931738498 ], [ -75.133994596101701, 40.030291929267001 ], [ -75.134075199259996, 40.029922086496804 ], [ -75.134083174409795, 40.029885466993903 ], [ -75.134099098681702, 40.0298123704315 ], [ -75.134103840005395, 40.029789975377597 ], [ -75.134110812114201, 40.029757103807697 ], [ -75.134122446318202, 40.0297060589239 ], [ -75.134547142954304, 40.029759288221499 ], [ -75.134552193878903, 40.029736496995604 ], [ -75.134910532865007, 40.029783505866199 ], [ -75.134908790320793, 40.029788995088502 ], [ -75.134957708518797, 40.029796186372501 ], [ -75.134991208453997, 40.029802946598998 ], [ -75.135055088793194, 40.0298158294746 ], [ -75.135123112199693, 40.029824004195497 ], [ -75.135152001079604, 40.029827466387403 ], [ -75.135151526777705, 40.029833806672002 ], [ -75.135176070653102, 40.029837332112699 ], [ -75.135281154198196, 40.029852459460798 ], [ -75.135286741900003, 40.0298532635708 ], [ -75.135209582203899, 40.030692871657102 ], [ -75.135051368184307, 40.030671872889599 ] ] ] } },
{ "type": "Feature", "properties": { "aun": 126515001, "school_num": 3795, "location_id": "4360", "school_name": "KENDERTON ELEMENTARY", "school_name_label": "KENDERTON ELEMENTARY SCHOOL", "street_address": "1500 W ONTARIO ST", "zip_code": "19140", "phone_number": "(215) 400-8340", "active": null, "grade_level": "ELEMENTARY/MIDDLE", "grade_org": "K-8", "enrollment": 302, "type": 1, "type_specific": "DISTRICT", "objectid": 4, "Shape__Area": 10941.6796875, "Shape__Length": 456.66021258967135 }, "geometry": { "type": "Polygon", "coordinates": [ [ [ -75.153734995036601, 40.006060990136298 ], [ -75.153720675210806, 40.006058860885098 ], [ -75.153917555381696, 40.005171206182702 ], [ -75.153960513049597, 40.004977498009502 ], [ -75.153961427614604, 40.004973343598401 ], [ -75.154565508353897, 40.005055915228802 ], [ -75.154493813043104, 40.005382333534399 ], [ -75.154428462317497, 40.0056798475607 ], [ -75.154361077148295, 40.005986697410599 ], [ -75.154328017860806, 40.006139717669697 ], [ -75.153734995036601, 40.006060990136298 ] ] ] } },
{ "type": "Feature", "properties": { "aun": 226512587, "school_num": null, "location_id": null, "school_name": "NEW MEDINA LEARNING INSTITUTE", "school_name_label": "NEW MEDINA LEARNING INSTITUTE", "street_address": "7401 LIMEKILN PIKE, 2ND FLOOR", "zip_code": "19138", "phone_number": "(215) 298-9994", "active": null, "grade_level": "ELEMENTARY/MIDDLE/HIGH", "grade_org": "K-12", "enrollment": null, "type": 3, "type_specific": "PRIVATE", "objectid": 5, "Shape__Area": 7896.4296875, "Shape__Length": 402.80834874812444 }, "geometry": { "type": "Polygon", "coordinates": [ [ [ -75.157885472964793, 40.067807260355799 ], [ -75.158166497193506, 40.067599028419799 ], [ -75.157979708076596, 40.067455056629001 ], [ -75.158309732463096, 40.067115311669802 ], [ -75.158958499319695, 40.067626723002299 ], [ -75.158649359909802, 40.067856439310098 ], [ -75.158579613526101, 40.0677857124927 ], [ -75.1582718876641, 40.068032207303403 ], [ -75.158225667614104, 40.068004727957799 ], [ -75.158219160318197, 40.068000970374001 ], [ -75.158179313165604, 40.067978004665498 ], [ -75.158132837179295, 40.067951163733099 ], [ -75.158087400843698, 40.0679251211034 ], [ -75.158039063444903, 40.0678970465544 ], [ -75.157996500603701, 40.067872148793199 ], [ -75.157954758374402, 40.0678477200331 ], [ -75.157904253348406, 40.067818178558497 ], [ -75.157885472964793, 40.067807260355799 ] ] ] } },
{ "type": "Feature", "properties": { "aun": 126515001, "school_num": 3701, "location_id": "5400", "school_name": "RICHMOND SCHOOL", "school_name_label": "RICHMOND SCHOOL", "street_address": "2944 BELGRADE ST", "zip_code": "19134", "phone_number": "(215) 400-7150", "active": null, "grade_level": "ELEMENTARY SCHOOL", "grade_org": "K-5", "enrollment": 352, "type": 1, "type_specific": "DISTRICT", "objectid": 6, "Shape__Area": 7715.890625, "Shape__Length": 363.79455726142174 }, "geometry": { "type": "Polygon", "coordinates": [ [ [ -75.110394043246004, 39.983833276718897 ], [ -75.1103774991916, 39.9838076842113 ], [ -75.110371727028706, 39.983798733729003 ], [ -75.110351478182295, 39.983767091176198 ], [ -75.110320493842707, 39.983718888517103 ], [ -75.110287415753007, 39.983668993307603 ], [ -75.110257001612197, 39.983621755458998 ], [ -75.110230448296704, 39.983581940804903 ], [ -75.110204349377696, 39.983542829264003 ], [ -75.110178098090103, 39.983502779391102 ], [ -75.110152891530902, 39.983463914747098 ], [ -75.110128275016393, 39.983426030025903 ], [ -75.110095972498797, 39.983376152594097 ], [ -75.110356119702402, 39.983236846080601 ], [ -75.110407844942898, 39.983209696061103 ], [ -75.110515217055095, 39.983152585952197 ], [ -75.110701247827905, 39.9830536308516 ], [ -75.110702445201795, 39.983052997256003 ], [ -75.110741837899894, 39.9830978464948 ], [ -75.110779499960003, 39.983140287332802 ], [ -75.110818941400197, 39.983184412333102 ], [ -75.110859737081697, 39.983229293791098 ], [ -75.110898080284201, 39.983273651426998 ], [ -75.110926490909804, 39.9833055772989 ], [ -75.110937353043795, 39.983317788271997 ], [ -75.110974832818101, 39.983361158542401 ], [ -75.111014088951094, 39.983405763512799 ], [ -75.111039525825902, 39.983434944910201 ], [ -75.111068038557093, 39.983467486919501 ], [ -75.111096295088302, 39.983499087083402 ], [ -75.1111239170327, 39.9835313822107 ], [ -75.111151252656597, 39.983562945416899 ], [ -75.110950198182493, 39.983669389137397 ], [ -75.110917799662602, 39.983648413715997 ], [ -75.110648735668804, 39.983793368647497 ], [ -75.110667007203304, 39.983822547527502 ], [ -75.110460565423693, 39.983934960884703 ], [ -75.110438812222498, 39.983902091009497 ], [ -75.110416367216104, 39.983867093425197 ], [ -75.110394043246004, 39.983833276718897 ] ] ] } },
{ "type": "Feature", "properties": { "aun": 226510020, "school_num": null, "location_id": null, "school_name": "NEW LIFE ALTERNATIVES CHRISTIAN ACADEMY", "school_name_label": "NEW LIFE ALTERNATIVES CHRISTIAN ACADEMY", "street_address": "1993-95 N 63RD ST", "zip_code": "19151", "phone_number": "(215) 877-3440", "active": "O", "grade_level": "ELEMENTARY SCHOOL", "grade_org": "PREK-7", "enrollment": null, "type": 3, "type_specific": "PRIVATE", "objectid": 7, "Shape__Area": 419.99609375, "Shape__Length": 87.963908209937046 }, "geometry": { "type": "Polygon", "coordinates": [ [ [ -75.247031366381904, 39.985531281249699 ], [ -75.247291941293895, 39.985466456512398 ], [ -75.247311194990502, 39.985514348446699 ], [ -75.247331416368198, 39.985564388942997 ], [ -75.247103499780494, 39.985619785317503 ], [ -75.2470640738143, 39.985571179760797 ], [ -75.247069615588401, 39.985569188916003 ], [ -75.247031366381904, 39.985531281249699 ] ] ] } },
{ "type": "Feature", "properties": { "aun": 126515001, "school_num": 3804, "location_id": "1460", "school_name": "ANDERSON, ADD B. SCHOOL", "school_name_label": "ADD B. ANDERSON SCHOOL", "street_address": "1034 S 60TH ST", "zip_code": "19143", "phone_number": "(215) 400-7890", "active": null, "grade_level": "ELEMENTARY/MIDDLE", "grade_org": "K-8", "enrollment": 331, "type": 1, "type_specific": "DISTRICT", "objectid": 8, "Shape__Area": 15161.22265625, "Shape__Length": 564.49822689657799 }, "geometry": { "type": "Polygon", "coordinates": [ [ [ -75.245873247544296, 39.946696195969999 ], [ -75.245750117637598, 39.9472926419948 ], [ -75.244376372597202, 39.947124629919102 ], [ -75.244387567094094, 39.947070408300803 ], [ -75.244398761614605, 39.947016185556102 ], [ -75.244409956075799, 39.9469619639355 ], [ -75.244421152022795, 39.9469077412204 ], [ -75.244432346448207, 39.946853519597497 ], [ -75.244443540897393, 39.946799296848098 ], [ -75.244091300855104, 39.946756214692797 ], [ -75.244147277043297, 39.946485103414801 ], [ -75.245873247544296, 39.946696195969999 ] ] ] } },
{ "type": "Feature", "properties": { "aun": 326510079, "school_num": null, "location_id": null, "school_name": "COMMUNITY PARTNERSHIP SCHOOL", "school_name_label": "COMMUNITY PARTNERSHIP SCHOOL", "street_address": "3033 W GLENWOOD AVE", "zip_code": "19121", "phone_number": "(215) 235-0461", "active": "O", "grade_level": "ELEMENTARY SCHOOL", "grade_org": "PREK-5", "enrollment": null, "type": 3, "type_specific": "PRIVATE", "objectid": 9, "Shape__Area": 6316.1953125, "Shape__Length": 329.96173364812586 }, "geometry": { "type": "Polygon", "coordinates": [ [ [ -75.184850588952102, 39.9813536561022 ], [ -75.185539577453895, 39.980900969452001 ], [ -75.185859821519699, 39.980943040281602 ], [ -75.185790116045993, 39.981257493814603 ], [ -75.185199255441503, 39.981656890881503 ], [ -75.184850588952102, 39.9813536561022 ] ] ] } },
{ "type": "Feature", "properties": { "aun": 126513452, "school_num": 8205, "location_id": "3414", "school_name": "OLNEY HIGH SCHOOL", "school_name_label": "OLNEY HIGH SCHOOL", "street_address": "100 W DUNCANNON AVE", "zip_code": "19120", "phone_number": "(215) 400-9140", "active": null, "grade_level": "HIGH SCHOOL", "grade_org": "9-12", "enrollment": 1148, "type": 1, "type_specific": "DISTRICT", "objectid": 10, "Shape__Area": 45069.03515625, "Shape__Length": 860.83542886621922 }, "geometry": { "type": "Polygon", "coordinates": [ [ [ -75.123063119100095, 40.028115692636902 ], [ -75.123131437476701, 40.027793855574402 ], [ -75.123133103629399, 40.0277936188727 ], [ -75.123727949827995, 40.027707457623499 ], [ -75.123732861823996, 40.027706747767901 ], [ -75.124269771898199, 40.0276313798635 ], [ -75.124564753293399, 40.0275904089821 ], [ -75.124811235242504, 40.027556436804403 ], [ -75.124864030846098, 40.027550018731702 ], [ -75.124962032776295, 40.027536089992303 ], [ -75.1249642471371, 40.027535770061199 ], [ -75.124934005395204, 40.027731033901198 ], [ -75.124913299111, 40.027856538651498 ], [ -75.124610376720199, 40.029322999733701 ], [ -75.124606432710706, 40.029322506362597 ], [ -75.122855365355903, 40.029101435241401 ], [ -75.122976360746904, 40.028524429707304 ], [ -75.122976821091399, 40.028522264258797 ], [ -75.123063119100095, 40.028115692636902 ] ] ] } },
{ "type": "Feature", "properties": { "aun": 226510019, "school_num": null, "location_id": null, "school_name": "JESUS IS THE WAY CHRISTIAN ACADEMY", "school_name_label": "JESUS IS THE WAY CHRISTIAN ACADEMY", "street_address": "6753 GERMANTOWN AVE", "zip_code": "19119", "phone_number": "(267) 970-9779", "active": "O", "grade_level": "ELEMENTARY/MIDDLE", "grade_org": "PREK-8", "enrollment": null, "type": 3, "type_specific": "PRIVATE", "objectid": 11, "Shape__Area": 302.6953125, "Shape__Length": 88.978078687089607 }, "geometry": { "type": "Polygon", "coordinates": [ [ [ -75.185835086342195, 40.053482248678101 ], [ -75.185778315302699, 40.053447501311503 ], [ -75.185986853842493, 40.053243487028602 ], [ -75.186018097802204, 40.053303698049497 ], [ -75.186019778707603, 40.053306958913701 ], [ -75.185911402603907, 40.053413299539798 ], [ -75.185909507650805, 40.053415159497298 ], [ -75.185846901322805, 40.053476564607998 ], [ -75.185838796218405, 40.053484524303499 ], [ -75.185835086342195, 40.053482248678101 ] ] ] } },
{ "type": "Feature", "properties": { "aun": 226515412, "school_num": null, "location_id": null, "school_name": "WILLIAM PENN CHARTER SCHOOL", "school_name_label": "WILLIAM PENN CHARTER SCHOOL", "street_address": "3000 W SCHOOL HOUSE LN", "zip_code": "19144", "phone_number": "(215) 844-3460", "active": "O", "grade_level": "ELEMENTARY/MIDDLE/HIGH", "grade_org": "PREK-12", "enrollment": null, "type": 3, "type_specific": "PRIVATE", "objectid": 12, "Shape__Area": 155471.01171875, "Shape__Length": 1748.9931515536075 }, "geometry": { "type": "Polygon", "coordinates": [ [ [ -75.185068364495507, 40.023520135218398 ], [ -75.184358252545195, 40.022906520820897 ], [ -75.184155484547603, 40.022730606221899 ], [ -75.184033805278702, 40.022622125885803 ], [ -75.183774824537196, 40.022398577329398 ], [ -75.183566316939206, 40.022213715859301 ], [ -75.183386604354098, 40.022055287822802 ], [ -75.183198719737206, 40.021885667621298 ], [ -75.183181795411997, 40.021871378872298 ], [ -75.183223399532494, 40.021783618041702 ], [ -75.183236635813998, 40.021775112174197 ], [ -75.1832394305587, 40.021774965158301 ], [ -75.183251783538296, 40.021774322244603 ], [ -75.183415247585998, 40.021783521592297 ], [ -75.183451448660193, 40.021758797246697 ], [ -75.183483462900995, 40.021738879674601 ], [ -75.183635523252804, 40.021639885269302 ], [ -75.183707037852201, 40.0215883690582 ], [ -75.184493092157496, 40.021322758709303 ], [ -75.184778792562796, 40.0212242661947 ], [ -75.185120128451203, 40.021106592073302 ], [ -75.185399777394693, 40.021008398750801 ], [ -75.185651274597703, 40.020922229630202 ], [ -75.185220477730795, 40.020553832727998 ], [ -75.185255377817498, 40.020529077657599 ], [ -75.1852636065328, 40.020523249469399 ], [ -75.185331199951193, 40.020477786215203 ], [ -75.185380229001197, 40.020444803986599 ], [ -75.185857516340107, 40.020852426506401 ], [ -75.186073629000504, 40.020758824801703 ], [ -75.186125461651599, 40.020739300590797 ], [ -75.186611692439996, 40.021151197693399 ], [ -75.186980121206105, 40.021466389165298 ], [ -75.187686570879507, 40.022071135302703 ], [ -75.188690469543403, 40.022937042684703 ], [ -75.188434498996799, 40.0230310656301 ], [ -75.1881897607838, 40.023120277190998 ], [ -75.186322522890407, 40.023828010662697 ], [ -75.185694379638903, 40.024062954617101 ], [ -75.185686156077594, 40.024055839981997 ], [ -75.185068364495507, 40.023520135218398 ] ] ] } },
{ "type": "Feature", "properties": { "aun": 126515001, "school_num": 5121, "location_id": "5390", "school_name": "POTTER-THOMAS SCHOOL", "school_name_label": "POTTER-THOMAS SCHOOL", "street_address": "3001 N 6TH ST", "zip_code": "19133", "phone_number": "(215) 400-7120", "active": null, "grade_level": "ELEMENTARY/MIDDLE", "grade_org": "K-8", "enrollment": 326, "type": 1, "type_specific": "DISTRICT", "objectid": 13, "Shape__Area": 25888.94140625, "Shape__Length": 658.77716529306463 }, "geometry": { "type": "Polygon", "coordinates": [ [ [ -75.139635788184805, 39.998188173932903 ], [ -75.139923316776404, 39.996832559748299 ], [ -75.139924464778005, 39.996832714247297 ], [ -75.141070760324894, 39.9969807206366 ], [ -75.140782929092694, 39.998339876950297 ], [ -75.139635788184805, 39.998188173932903 ] ] ] } },
{ "type": "Feature", "properties": { "aun": 100510000, "school_num": 7744, "location_id": "3364", "school_name": "FIRST PHILADELPHIA CHARTER", "school_name_label": "FIRST PHILADELPHIA PREPARATORY CHARTER SCHOOL", "street_address": "4300 TACONY ST", "zip_code": "19124", "phone_number": "(215) 743-3100", "active": null, "grade_level": "ELEMENTARY/MIDDLE/HIGH", "grade_org": "K-12", "enrollment": 1886, "type": 2, "type_specific": "CHARTER", "objectid": 14, "Shape__Area": 45133.98046875, "Shape__Length": 1074.9015576438201 }, "geometry": { "type": "Polygon", "coordinates": [ [ [ -75.079009463046006, 40.007375784281102 ], [ -75.082778113180495, 40.006877209607801 ], [ -75.082973601060004, 40.007366998075 ], [ -75.081929755871499, 40.007624039613503 ], [ -75.081873933801901, 40.007637785167098 ], [ -75.081868139232597, 40.007639211551201 ], [ -75.081812333411406, 40.0076529529479 ], [ -75.081807946776905, 40.007654033613797 ], [ -75.081752859710505, 40.007667597963 ], [ -75.081747440799006, 40.007668931704799 ], [ -75.081691521015202, 40.007682701931799 ], [ -75.0792145459165, 40.008292592116597 ], [ -75.079009463046006, 40.007375784281102 ] ] ] } },
{ "type": "Feature", "properties": { "aun": 126511530, "school_num": null, "location_id": null, "school_name": "FREIRE CHARTER SCHOOL", "school_name_label": "FREIRE CHARTER SCHOOL", "street_address": "1026 MARKET ST", "zip_code": "19107", "phone_number": "(267) 670-7499", "active": null, "grade_level": "MIDDLE SCHOOL", "grade_org": "5-8", "enrollment": null, "type": 2, "type_specific": "CHARTER", "objectid": 15, "Shape__Area": 4441.63671875, "Shape__Length": 267.30207185949138 }, "geometry": { "type": "Polygon", "coordinates": [ [ [ -75.157707197975796, 39.951551870910698 ], [ -75.157709352426494, 39.951541506077902 ], [ -75.1577128141071, 39.951524916592497 ], [ -75.157795589680603, 39.951127417525498 ], [ -75.157808799693896, 39.951063896911201 ], [ -75.158357285200296, 39.951137481411003 ], [ -75.158255752251407, 39.951624328837397 ], [ -75.157707197975796, 39.951551870910698 ] ] ] } },
{ "type": "Feature", "properties": { "aun": 126515001, "school_num": 7813, "location_id": "6090", "school_name": "RANDOLPH TECHNICAL HIGH SCHOOL", "school_name_label": "A. PHILIP RANDOLPH CAREER AND TECHNICAL HIGH SCHOOL", "street_address": "3101 HENRY AVE", "zip_code": "19129", "phone_number": "(215) 400-3840", "active": null, "grade_level": "HIGH SCHOOL", "grade_org": "9-12", "enrollment": 440, "type": 1, "type_specific": "DISTRICT", "objectid": 16, "Shape__Area": 58932.38671875, "Shape__Length": 1023.7770856569126 }, "geometry": { "type": "Polygon", "coordinates": [ [ [ -75.179518765320594, 40.007974279473402 ], [ -75.179522663360004, 40.007975382636097 ], [ -75.179531377772307, 40.008000450131298 ], [ -75.179563378801504, 40.0080926146317 ], [ -75.179637945860406, 40.008307338065997 ], [ -75.179777393955703, 40.008706425747398 ], [ -75.179824084946105, 40.008839120960502 ], [ -75.179828741233393, 40.0088523461568 ], [ -75.179884746233597, 40.009011460227903 ], [ -75.180072389604604, 40.0095561877664 ], [ -75.180100725267195, 40.009638855605402 ], [ -75.179090036925302, 40.010188964600601 ], [ -75.177849872108993, 40.008589033539003 ], [ -75.177356150652699, 40.007952196818401 ], [ -75.177958909559706, 40.007875252764798 ], [ -75.177945265279305, 40.007811000111303 ], [ -75.178051700835695, 40.0077963621832 ], [ -75.178188948690803, 40.007785090383202 ], [ -75.178301540091994, 40.007780036091297 ], [ -75.178398690898106, 40.007779214096999 ], [ -75.178505834139699, 40.007780727575501 ], [ -75.178587211240696, 40.007784580885897 ], [ -75.178728021916697, 40.007796600524301 ], [ -75.178819758001197, 40.007807536727597 ], [ -75.1788978007163, 40.007819150554198 ], [ -75.178991489790903, 40.007834982296501 ], [ -75.179100023976901, 40.007856273135403 ], [ -75.179111284811299, 40.007859459211801 ], [ -75.179518765320594, 40.007974279473402 ] ] ] } },
{ "type": "Feature", "properties": { "aun": 226518302, "school_num": null, "location_id": null, "school_name": "ST JOSEPH'S PREPARATORY SCHOOL", "school_name_label": "ST JOSEPH'S PREPARATORY SCHOOL", "street_address": "1733 W GIRARD AVE", "zip_code": "19130", "phone_number": "(215) 978-1950", "active": "O", "grade_level": "HIGH SCHOOL", "grade_org": "9-12", "enrollment": null, "type": 3, "type_specific": "PRIVATE", "objectid": 17, "Shape__Area": 29945.7109375, "Shape__Length": 778.81101146363915 }, "geometry": { "type": "Polygon", "coordinates": [ [ [ -75.164009433908006, 39.973784979146501 ], [ -75.164040293018104, 39.973637582472399 ], [ -75.164121192468698, 39.973251143161299 ], [ -75.164337985066993, 39.972215701942901 ], [ -75.165731537526696, 39.972393365686699 ], [ -75.165731383793599, 39.972394135971399 ], [ -75.165641371034695, 39.972829843455997 ], [ -75.1656015405337, 39.973022609532897 ], [ -75.165600305930795, 39.973028626414603 ], [ -75.165587006624804, 39.973092919558297 ], [ -75.165563020153698, 39.973209022538803 ], [ -75.165074505027903, 39.973146354771103 ], [ -75.164951940726596, 39.973745267216202 ], [ -75.164800829465406, 39.973726128976701 ], [ -75.164766556285201, 39.973889537664199 ], [ -75.164008283464099, 39.973790434775999 ], [ -75.164009433908006, 39.973784979146501 ] ] ] } },
{ "type": "Feature", "properties": { "aun": 226511922, "school_num": null, "location_id": null, "school_name": "GREATER HOPE CHRISTIAN ACADEMY", "school_name_label": "GREATER HOPE CHRISTIAN ACADEMY", "street_address": "7029 WOODLAND AVE", "zip_code": "19142", "phone_number": "(215) 729-0374", "active": "O", "grade_level": "ELEMENTARY/MIDDLE/HIGH", "grade_org": "PREK-12", "enrollment": null, "type": 3, "type_specific": "PRIVATE", "objectid": 18, "Shape__Area": 2056.3984375, "Shape__Length": 226.20395219128665 }, "geometry": { "type": "Polygon", "coordinates": [ [ [ -75.242934289149701, 39.920520982051798 ], [ -75.242387145657602, 39.920059204347901 ], [ -75.242538026926695, 39.9199558093975 ], [ -75.243085590688196, 39.920413017392498 ], [ -75.242934289149701, 39.920520982051798 ] ] ] } },
{ "type": "Feature", "properties": { "aun": 126515001, "school_num": 3849, "location_id": "5020", "school_name": "EDISON, THOMAS A. HIGH SCHOOL", "school_name_label": "THOMAS A. EDISON HIGH SCHOOL", "street_address": "151 W LUZERNE ST", "zip_code": "19140", "phone_number": "(215) 400-3900", "active": null, "grade_level": "HIGH SCHOOL", "grade_org": "9-12", "enrollment": 1020, "type": 1, "type_specific": "DISTRICT", "objectid": 19, "Shape__Area": 162866.1328125, "Shape__Length": 1632.9792588904461 }, "geometry": { "type": "Polygon", "coordinates": [ [ [ -75.1265998718075, 40.011763789246501 ], [ -75.127533986282998, 40.0116229365645 ], [ -75.127652901001994, 40.011061666864201 ], [ -75.130466150987104, 40.011422130757303 ], [ -75.130440739986994, 40.011538542307797 ], [ -75.1304677388719, 40.011542001035302 ], [ -75.129881500497902, 40.0142275927033 ], [ -75.126178360914807, 40.013753093844002 ], [ -75.1265998718075, 40.011763789246501 ] ] ] } },
{ "type": "Feature", "properties": { "aun": 126515001, "school_num": 7253, "location_id": "8120", "school_name": "CASTOR GARDENS MIDDLE SCHOOL", "school_name_label": "CASTOR GARDENS MIDDLE SCHOOL", "street_address": "1800 COTTMAN AVE", "zip_code": "19111", "phone_number": "(215) 400-3190", "active": null, "grade_level": "MIDDLE SCHOOL", "grade_org": "6-8", "enrollment": 1318, "type": 1, "type_specific": "DISTRICT", "objectid": 20, "Shape__Area": 23324.35546875, "Shape__Length": 687.9867883339989 }, "geometry": { "type": "Polygon", "coordinates": [ [ [ -75.069733676479103, 40.053135490075299 ], [ -75.069513613888901, 40.053010501399299 ], [ -75.069253446550107, 40.052862104475501 ], [ -75.067930344228799, 40.052107453744803 ], [ -75.068281680147805, 40.051735022767097 ], [ -75.068412051983799, 40.051597013510602 ], [ -75.068456032252996, 40.051621591097302 ], [ -75.068666023132494, 40.0517390766001 ], [ -75.068703506138803, 40.051759844209499 ], [ -75.068872850161995, 40.051854344508897 ], [ -75.068991992491107, 40.051920816306598 ], [ -75.069273728358496, 40.052078034968403 ], [ -75.070209590323898, 40.052598953928999 ], [ -75.070229376311403, 40.052609974544197 ], [ -75.070235267525405, 40.0526132554726 ], [ -75.069739236837407, 40.053138650679401 ], [ -75.069733676479103, 40.053135490075299 ] ] ] } },
{ "type": "Feature", "properties": { "aun": 126515001, "school_num": 3620, "location_id": "2240", "school_name": "BREGY, F. AMEDEE SCHOOL", "school_name_label": "F. AMEDEE BREGY SCHOOL", "street_address": "1700 BIGLER ST", "zip_code": "19145", "phone_number": "(215) 400-8210", "active": null, "grade_level": "ELEMENTARY/MIDDLE", "grade_org": "K-8", "enrollment": 232, "type": 1, "type_specific": "DISTRICT", "objectid": 21, "Shape__Area": 18116.6640625, "Shape__Length": 542.03420621700411 }, "geometry": { "type": "Polygon", "coordinates": [ [ [ -75.176157104745499, 39.914713463369203 ], [ -75.176393164557993, 39.913632434428301 ], [ -75.177403561784502, 39.913764572750203 ], [ -75.177177954550601, 39.914801859531998 ], [ -75.177095057025696, 39.9148342039623 ], [ -75.176157104745499, 39.914713463369203 ] ] ] } },
{ "type": "Feature", "properties": { "aun": 126515001, "school_num": 3663, "location_id": "1490", "school_name": "BLANKENBURG, RUDOLPH SCHOOL", "school_name_label": "RUDOLPH BLANKENBURG SCHOOL", "street_address": "4600 W GIRARD AVE", "zip_code": "19131", "phone_number": "(215) 400-7280", "active": null, "grade_level": "ELEMENTARY/MIDDLE", "grade_org": "K-8", "enrollment": 257, "type": 1, "type_specific": "DISTRICT", "objectid": 22, "Shape__Area": 22231.4921875, "Shape__Length": 719.04951265157092 }, "geometry": { "type": "Polygon", "coordinates": [ [ [ -75.214228982727704, 39.972882441533301 ], [ -75.214221610927595, 39.972840834833299 ], [ -75.214214043897897, 39.972800497608702 ], [ -75.214212720531194, 39.972797793517699 ], [ -75.214205137483404, 39.972755650557303 ], [ -75.214196879427902, 39.972713669501097 ], [ -75.214189436080702, 39.972673980349299 ], [ -75.214181222289298, 39.972630774908097 ], [ -75.214173586976898, 39.972590032972498 ], [ -75.214166505235895, 39.972546853672803 ], [ -75.214158424516697, 39.972506279840601 ], [ -75.214150236601796, 39.9724623823233 ], [ -75.214140203801406, 39.972407322302502 ], [ -75.214129460015798, 39.972353309749501 ], [ -75.214123089672, 39.972315190646903 ], [ -75.214114417309105, 39.972272507781497 ], [ -75.214106769431694, 39.972232104563297 ], [ -75.214099174741705, 39.972190316104303 ], [ -75.214090954428499, 39.972147288457101 ], [ -75.214083045708904, 39.972108265887599 ], [ -75.214075457685198, 39.972066299625901 ], [ -75.214067333694601, 39.972024064733297 ], [ -75.214059962086694, 39.971982458021998 ], [ -75.214052958918302, 39.971943294408 ], [ -75.214042164416398, 39.971890134420804 ], [ -75.214032328942494, 39.971835949339201 ], [ -75.214024472051904, 39.971795540367502 ], [ -75.214017461680697, 39.971756021821903 ], [ -75.214010112071406, 39.971714415591897 ], [ -75.214001917709794, 39.971670695864098 ], [ -75.2139938365886, 39.971629589289002 ], [ -75.213986293525295, 39.971586931367298 ], [ -75.213978474486296, 39.971544961116699 ], [ -75.213970842114506, 39.971504735049201 ], [ -75.213963016498397, 39.971462941473099 ], [ -75.2139623008282, 39.971451802796402 ], [ -75.214084533804794, 39.971525188853299 ], [ -75.214660664400299, 39.971872594326797 ], [ -75.214722103179398, 39.971909946766601 ], [ -75.214835602108195, 39.971978222929103 ], [ -75.214851831270494, 39.971987994687197 ], [ -75.214864268289901, 39.971995475211699 ], [ -75.215420295297704, 39.972330520190901 ], [ -75.215926695937299, 39.972636305673397 ], [ -75.216063818498597, 39.9727200599878 ], [ -75.216038129580099, 39.972722926657099 ], [ -75.215113309471704, 39.972825927692199 ], [ -75.214940187665107, 39.972845057356899 ], [ -75.214251378397094, 39.972920624180801 ], [ -75.214236820344397, 39.972922236251399 ], [ -75.214228982727704, 39.972882441533301 ] ] ] } },
{ "type": "Feature", "properties": { "aun": 126510021, "school_num": 7857, "location_id": "3384", "school_name": "FOLK ARTS CULTURAL TREASURES", "school_name_label": "FOLK ARTS-CULTURAL TREASURES CHARTER SCHOOL", "street_address": "1023 CALLOWHILL ST", "zip_code": "19123", "phone_number": "(215) 569-2600", "active": null, "grade_level": "ELEMENTARY/MIDDLE", "grade_org": "K-8", "enrollment": 503, "type": 2, "type_specific": "CHARTER", "objectid": 23, "Shape__Area": 3873.7265625, "Shape__Length": 267.83452602822661 }, "geometry": { "type": "Polygon", "coordinates": [ [ [ -75.155791627857198, 39.958869249609201 ], [ -75.156632045893005, 39.958977698917899 ], [ -75.156628883919396, 39.958980400325999 ], [ -75.156337573120098, 39.959228848191302 ], [ -75.156335484999502, 39.959270357086503 ], [ -75.156280078688397, 39.959272038421197 ], [ -75.155720391985895, 39.959198789074797 ], [ -75.155791627857198, 39.958869249609201 ] ] ] } },
{ "type": "Feature", "properties": { "aun": 126515001, "school_num": 3797, "location_id": "7360", "school_name": "MARSHALL, JOHN SCHOOL", "school_name_label": "JOHN MARSHALL SCHOOL", "street_address": "4500 GRISCOM ST", "zip_code": "19124", "phone_number": "(215) 400-3950", "active": null, "grade_level": "ELEMENTARY SCHOOL", "grade_org": "K-5", "enrollment": 250, "type": 1, "type_specific": "DISTRICT", "objectid": 24, "Shape__Area": 5588.9765625, "Shape__Length": 307.72201098982652 }, "geometry": { "type": "Polygon", "coordinates": [ [ [ -75.087936408934993, 40.014820615428903 ], [ -75.087633361145805, 40.0151508889887 ], [ -75.086936367329102, 40.014773680537601 ], [ -75.087239551127794, 40.014441590703498 ], [ -75.087936408934993, 40.014820615428903 ] ] ] } },
{ "type": "Feature", "properties": { "aun": 126513510, "school_num": 7683, "location_id": "3341", "school_name": "INDEPENDENCE CHARTER SCHOOL", "school_name_label": "INDEPENDENCE CHARTER SCHOOL", "street_address": "1600 LOMBARD ST", "zip_code": "19146", "phone_number": "(215) 238-8000", "active": null, "grade_level": "ELEMENTARY/MIDDLE", "grade_org": "K-8", "enrollment": 803, "type": 2, "type_specific": "CHARTER", "objectid": 25, "Shape__Area": 5864.55859375, "Shape__Length": 328.69226707128564 }, "geometry": { "type": "Polygon", "coordinates": [ [ [ -75.168642007140804, 39.945022694399 ], [ -75.168717843937102, 39.944667057333703 ], [ -75.169595156043201, 39.944774810629497 ], [ -75.169710516604994, 39.944788980451797 ], [ -75.169712392320406, 39.944789216365201 ], [ -75.169681306860497, 39.944931144349603 ], [ -75.1696338720201, 39.945145099949698 ], [ -75.168642007140804, 39.945022694399 ] ] ] } },
{ "type": "Feature", "properties": { "aun": 126513290, "school_num": 7588, "location_id": "3323", "school_name": "MASTERY CHARTER AT HARDY WILLIAMS", "school_name_label": "MASTERY CHARTER SCHOOL AT HARDY WILLIAMS", "street_address": "5400 WARRINGTON AVE", "zip_code": "19143", "phone_number": "(215) 724-2343", "active": null, "grade_level": "ELEMENTARY/MIDDLE/HIGH", "grade_org": "K-12", "enrollment": 1251, "type": 2, "type_specific": "CHARTER", "objectid": 26, "Shape__Area": 20050.5859375, "Shape__Length": 581.93027289264751 }, "geometry": { "type": "Polygon", "coordinates": [ [ [ -75.226294819729901, 39.9424027431997 ], [ -75.226268008368507, 39.942380327717203 ], [ -75.226113641088901, 39.942251360068902 ], [ -75.226094223032106, 39.9422351360327 ], [ -75.226086913179799, 39.942228946377703 ], [ -75.225855592761604, 39.942033241942298 ], [ -75.225829157082799, 39.942010883046898 ], [ -75.225689630700202, 39.941892831502798 ], [ -75.226880947151898, 39.941062388608401 ], [ -75.226886874871596, 39.941067419309803 ], [ -75.227017638426901, 39.941178425673499 ], [ -75.227041451060103, 39.941198647542798 ], [ -75.2271459853837, 39.941287379634403 ], [ -75.227551230100602, 39.941631400688699 ], [ -75.227549122154599, 39.941632886026902 ], [ -75.226375497230094, 39.942462807249797 ], [ -75.226370744387907, 39.942466168141799 ], [ -75.226294819729901, 39.9424027431997 ] ] ] } },
{ "type": "Feature", "properties": { "aun": 126515001, "school_num": 3615, "location_id": "1420", "school_name": "WASHINGTON, MARTHA SCHOOL", "school_name_label": "MARTHA WASHINGTON SCHOOL", "street_address": "766 N 44TH ST", "zip_code": "19104", "phone_number": "(215) 400-7770", "active": null, "grade_level": "ELEMENTARY/MIDDLE", "grade_org": "K-8", "enrollment": 205, "type": 1, "type_specific": "DISTRICT", "objectid": 27, "Shape__Area": 21918.296875, "Shape__Length": 594.39630440491817 }, "geometry": { "type": "Polygon", "coordinates": [ [ [ -75.211188521725205, 39.966649645710703 ], [ -75.211174717692899, 39.966544756451299 ], [ -75.211172479953206, 39.966527830041201 ], [ -75.211066365008193, 39.965721984039902 ], [ -75.211630421363296, 39.965677095035701 ], [ -75.212511374055396, 39.965606987681497 ], [ -75.212627818947198, 39.966539454057902 ], [ -75.211804388993698, 39.966603193436399 ], [ -75.211188685736204, 39.966650857808801 ], [ -75.211188521725205, 39.966649645710703 ] ] ] } },
{ "type": "Feature", "properties": { "aun": 126515001, "school_num": 3684, "location_id": "5210", "school_name": "BROWN, HENRY A. SCHOOL", "school_name_label": "HENRY A. BROWN SCHOOL", "street_address": "1946 E SERGEANT ST", "zip_code": "19125", "phone_number": "(215) 400-7490", "active": null, "grade_level": "ELEMENTARY/MIDDLE", "grade_org": "K-8", "enrollment": 334, "type": 1, "type_specific": "DISTRICT", "objectid": 28, "Shape__Area": 6623.4609375, "Shape__Length": 343.38039875332055 }, "geometry": { "type": "Polygon", "coordinates": [ [ [ -75.127398323923302, 39.9862225733239 ], [ -75.127482664593401, 39.986177753026602 ], [ -75.127489410986698, 39.986185386828197 ], [ -75.1275157359497, 39.986215133178902 ], [ -75.127544957704202, 39.986248540808901 ], [ -75.127571867329607, 39.986279944878099 ], [ -75.1275995592013, 39.986310657255601 ], [ -75.127626515037093, 39.986341965506298 ], [ -75.127654230668895, 39.986373694319603 ], [ -75.127682033447698, 39.986405328256403 ], [ -75.127710357878399, 39.986436459393197 ], [ -75.127737323765302, 39.9864675099262 ], [ -75.127765299141601, 39.986500098367401 ], [ -75.127793001852297, 39.986531634254497 ], [ -75.127812376996005, 39.986552649606502 ], [ -75.127821482060099, 39.986562525643301 ], [ -75.127849118049696, 39.9865935914574 ], [ -75.127876736236402, 39.986625156927303 ], [ -75.127903732123102, 39.986655434346602 ], [ -75.127931043136201, 39.986686234795997 ], [ -75.127955418173997, 39.986714388975798 ], [ -75.1279782089577, 39.986740685757397 ], [ -75.128000713895304, 39.986765702177699 ], [ -75.128025099478293, 39.986794115627298 ], [ -75.128051406247593, 39.986824876209198 ], [ -75.127903171882096, 39.9869027837087 ], [ -75.127819734061006, 39.9869464648838 ], [ -75.127786542296903, 39.986963760871099 ], [ -75.127619508993305, 39.987051441514801 ], [ -75.127443816087506, 39.986853809969297 ], [ -75.127266928461296, 39.986653473653597 ], [ -75.127132225302603, 39.986500927443203 ], [ -75.127110219325402, 39.986476005590902 ], [ -75.127089638155297, 39.986452709986501 ], [ -75.127049150019204, 39.986407163596702 ], [ -75.127181095428298, 39.986337558465301 ], [ -75.127304270438202, 39.986272572137899 ], [ -75.127398323923302, 39.9862225733239 ] ] ] } },
{ "type": "Feature", "properties": { "aun": 126515001, "school_num": 3657, "location_id": "2690", "school_name": "TAGGART, JOHN H. SCHOOL", "school_name_label": "JOHN H. TAGGART SCHOOL", "street_address": "400 W PORTER ST", "zip_code": "19148", "phone_number": "(215) 400-8290", "active": null, "grade_level": "ELEMENTARY/MIDDLE", "grade_org": "K-8", "enrollment": 484, "type": 1, "type_specific": "DISTRICT", "objectid": 29, "Shape__Area": 13423.6171875, "Shape__Length": 475.08633771315363 }, "geometry": { "type": "Polygon", "coordinates": [ [ [ -75.156157459852807, 39.917021297472601 ], [ -75.156067657501694, 39.917429065191897 ], [ -75.154661839350993, 39.917244892701802 ], [ -75.1547928146326, 39.916652230422699 ], [ -75.155927805943804, 39.916801682813002 ], [ -75.156029851788901, 39.916900110058002 ], [ -75.156157459852807, 39.917021297472601 ] ] ] } },
{ "type": "Feature", "properties": { "aun": 226518662, "school_num": null, "location_id": null, "school_name": "ST MALACHY SCHOOL", "school_name_label": "ST MALACHY SCHOOL", "street_address": "1012 W THOMPSON ST", "zip_code": "19122", "phone_number": "(215) 232-0696", "active": "O", "grade_level": "ELEMENTARY/MIDDLE", "grade_org": "PREK-8", "enrollment": null, "type": 3, "type_specific": "PRIVATE", "objectid": 30, "Shape__Area": 18729.0234375, "Shape__Length": 568.50351640916824 }, "geometry": { "type": "Polygon", "coordinates": [ [ [ -75.153696426907601, 39.972451399424401 ], [ -75.152689955516294, 39.972321981272898 ], [ -75.152938156436704, 39.971179387328 ], [ -75.153114110663196, 39.971202012792602 ], [ -75.153105875152605, 39.971239919251097 ], [ -75.153355729523099, 39.9712720477768 ], [ -75.153426110189798, 39.971281097487399 ], [ -75.153429638361203, 39.971264851984898 ], [ -75.153939905874296, 39.971330463215097 ], [ -75.153696426907601, 39.972451399424401 ] ] ] } },
{ "type": "Feature", "properties": { "aun": 126515001, "school_num": 6535, "location_id": "1380", "school_name": "MORTON, THOMAS G. SCHOOL", "school_name_label": "THOMAS G. MORTON SCHOOL", "street_address": "2501 S 63RD ST", "zip_code": "19142", "phone_number": "(215) 400-8160", "active": null, "grade_level": "ELEMENTARY SCHOOL", "grade_org": "K-5", "enrollment": 356, "type": 1, "type_specific": "DISTRICT", "objectid": 31, "Shape__Area": 7951.6953125, "Shape__Length": 359.04138974395244 }, "geometry": { "type": "Polygon", "coordinates": [ [ [ -75.2268217034309, 39.924231720520403 ], [ -75.226585608437901, 39.9240365080488 ], [ -75.226560823281901, 39.924015539238397 ], [ -75.226548604670796, 39.924005727650801 ], [ -75.226540731820194, 39.923998994001899 ], [ -75.226516479447895, 39.923978923263299 ], [ -75.226413738943904, 39.923892808555202 ], [ -75.226410449377695, 39.9238900444265 ], [ -75.226496739421194, 39.923829383744099 ], [ -75.226517484685004, 39.923814800367403 ], [ -75.226566496856606, 39.923780351466498 ], [ -75.226934920133104, 39.9235178121777 ], [ -75.227284889169496, 39.923806023260802 ], [ -75.227547776155802, 39.924020038437902 ], [ -75.227531760915298, 39.924031292119103 ], [ -75.227489778752599, 39.924060786288202 ], [ -75.227418086882693, 39.924111147206901 ], [ -75.227016505738803, 39.924393300818899 ], [ -75.2268217034309, 39.924231720520403 ] ] ] } },
{ "type": "Feature", "properties": { "aun": 126515001, "school_num": 3742, "location_id": "7300", "school_name": "HOPKINSON, FRANCIS SCHOOL", "school_name_label": "FRANCIS HOPKINSON SCHOOL", "street_address": "4001 L ST", "zip_code": "19124", "phone_number": "(215) 400-3970", "active": null, "grade_level": "ELEMENTARY/MIDDLE", "grade_org": "K-8", "enrollment": 572, "type": 1, "type_specific": "DISTRICT", "objectid": 32, "Shape__Area": 15251.640625, "Shape__Length": 542.98466937616945 }, "geometry": { "type": "Polygon", "coordinates": [ [ [ -75.101694515531193, 40.009008645524403 ], [ -75.101978009423306, 40.007705663960799 ], [ -75.102679091490003, 40.007795452348397 ], [ -75.1026806977615, 40.007795651573197 ], [ -75.102567797986197, 40.008317468787801 ], [ -75.102539054079699, 40.008450313210297 ], [ -75.1023985125547, 40.009100341792497 ], [ -75.101694515531193, 40.009008645524403 ] ] ] } },
{ "type": "Feature", "properties": { "aun": 326510060, "school_num": null, "location_id": null, "school_name": "HOPE PARTNERSHIP FOR EDUCATION", "school_name_label": "HOPE PARTNERSHIP FOR EDUCATION", "street_address": "2601 N 11TH ST", "zip_code": "19133", "phone_number": "(215) 232-5410", "active": "O", "grade_level": "MIDDLE SCHOOL", "grade_org": "5-8", "enrollment": null, "type": 3, "type_specific": "PRIVATE", "objectid": 33, "Shape__Area": 4333.8671875, "Shape__Length": 272.36177572973554 }, "geometry": { "type": "Polygon", "coordinates": [ [ [ -75.149077396589604, 39.992248888385902 ], [ -75.149084614671693, 39.992213088863799 ], [ -75.148878083359506, 39.992187194237097 ], [ -75.148986230960602, 39.991668891506897 ], [ -75.149470580893606, 39.991730724245699 ], [ -75.149356853251206, 39.992283752366099 ], [ -75.149089619540106, 39.992249294875201 ], [ -75.149077396589604, 39.992248888385902 ] ] ] } },
{ "type": "Feature", "properties": { "aun": 126519476, "school_num": 8206, "location_id": "3419", "school_name": "LINDLEY ACADEMY CHARTER @ BIRNEY", "school_name_label": "LINDLEY ACADEMY CHARTER @ BIRNEY", "street_address": "900 LINDLEY AVE", "zip_code": "19141", "phone_number": "(215) 456-3000", "active": null, "grade_level": "ELEMENTARY/MIDDLE", "grade_org": "K-8", "enrollment": 748, "type": 2, "type_specific": "CHARTER", "objectid": 34, "Shape__Area": 12630.265625, "Shape__Length": 523.30864456484574 }, "geometry": { "type": "Polygon", "coordinates": [ [ [ -75.138210819566396, 40.029397964902799 ], [ -75.138484035598793, 40.028147096165398 ], [ -75.139034753484793, 40.028217117979104 ], [ -75.139049423293898, 40.028218982109003 ], [ -75.138756971914503, 40.029562345971598 ], [ -75.138191217245307, 40.029487757565697 ], [ -75.138210819566396, 40.029397964902799 ] ] ] } },
{ "type": "Feature", "properties": { "aun": 126515001, "school_num": 3611, "location_id": "1360", "school_name": "MC MICHAEL, MORTON SCHOOL", "school_name_label": "MORTON MCMICHAEL SCHOOL", "street_address": "3543 FAIRMOUNT AVE", "zip_code": "19104", "phone_number": "(215) 400-7750", "active": null, "grade_level": "ELEMENTARY/MIDDLE", "grade_org": "K-8", "enrollment": 270, "type": 1, "type_specific": "DISTRICT", "objectid": 35, "Shape__Area": 19929.44921875, "Shape__Length": 564.69161857366794 }, "geometry": { "type": "Polygon", "coordinates": [ [ [ -75.193606133993796, 39.966260514711102 ], [ -75.194370295224999, 39.9661739534532 ], [ -75.194864816952105, 39.966117941179697 ], [ -75.195045121351498, 39.9670767735198 ], [ -75.195043248436207, 39.967076989728298 ], [ -75.193789324609497, 39.967219010511002 ], [ -75.193786399073105, 39.967219348536098 ], [ -75.193606133993796, 39.966260514711102 ] ] ] } },
{ "type": "Feature", "properties": { "aun": 226519042, "school_num": null, "location_id": null, "school_name": "ST ANTHONY OF PADUA REGIONAL CATHOLIC SCHOOL", "school_name_label": "ST ANTHONY OF PADUA REGIONAL CATHOLIC SCHOOL", "street_address": "913 PIERCE ST", "zip_code": "19148", "phone_number": "(215) 468-0353", "active": "O", "grade_level": "ELEMENTARY/MIDDLE", "grade_org": "PREK-8", "enrollment": null, "type": 3, "type_specific": "ARCHDIOCESE", "objectid": 36, "Shape__Area": 493.51171875, "Shape__Length": 88.935978465229866 }, "geometry": { "type": "Polygon", "coordinates": [ [ [ -75.161138058721406, 39.9275414122135 ], [ -75.161108946238897, 39.927686236659198 ], [ -75.160903804127599, 39.927660794996299 ], [ -75.160933054206893, 39.927515134627001 ], [ -75.161138058721406, 39.9275414122135 ] ] ] } },
{ "type": "Feature", "properties": { "aun": 226517510, "school_num": null, "location_id": null, "school_name": "CITY SCHOOL AT FAIRMOUNT", "school_name_label": "THE CITY SCHOOL AT FAIRMOUNT", "street_address": "860 N 24TH ST", "zip_code": "19130", "phone_number": "(215) 769-5363", "active": null, "grade_level": "ELEMENTARY SCHOOL", "grade_org": "PREK-5", "enrollment": null, "type": 3, "type_specific": "PRIVATE", "objectid": 37, "Shape__Area": 2611.24609375, "Shape__Length": 204.89793155828744 }, "geometry": { "type": "Polygon", "coordinates": [ [ [ -75.176148062625799, 39.971764351339097 ], [ -75.176174801094803, 39.971639797100302 ], [ -75.176183875728199, 39.971598798478702 ], [ -75.176191924873393, 39.971559984334903 ], [ -75.176192232550804, 39.971558509070903 ], [ -75.176196223181407, 39.971538915966903 ], [ -75.176200622919893, 39.971517334044201 ], [ -75.176209948137995, 39.971475825212302 ], [ -75.176218120829105, 39.971434290528499 ], [ -75.1762256100358, 39.971399204151098 ], [ -75.176226708699105, 39.971394006301402 ], [ -75.176464569833499, 39.971422101959497 ], [ -75.176473946065798, 39.971422940703903 ], [ -75.176548442740398, 39.971431914177799 ], [ -75.176574657257305, 39.971435112773797 ], [ -75.176605502132603, 39.971438883733299 ], [ -75.176650818483793, 39.971444429855502 ], [ -75.176641987804302, 39.9714850634371 ], [ -75.176633083916101, 39.971527629173899 ], [ -75.176624457445897, 39.9715689768814 ], [ -75.176619226279101, 39.971592570827497 ], [ -75.176615666424496, 39.971608562797897 ], [ -75.176606571625996, 39.971651221110598 ], [ -75.176597986310398, 39.971690361133298 ], [ -75.176582558612097, 39.971762973479699 ], [ -75.176573282128103, 39.971806562516001 ], [ -75.176570961428695, 39.971817472410102 ], [ -75.176530820949395, 39.971812428650999 ], [ -75.176148062625799, 39.971764351339097 ] ] ] } },
{ "type": "Feature", "properties": { "aun": 126515001, "school_num": 4726, "location_id": "8430", "school_name": "GREENBERG, JOSEPH SCHOOL", "school_name_label": "JOSEPH GREENBERG SCHOOL", "street_address": "600 SHARON LN", "zip_code": "19115", "phone_number": "(215) 400-3080", "active": null, "grade_level": "ELEMENTARY/MIDDLE", "grade_org": "K-8", "enrollment": 925, "type": 1, "type_specific": "DISTRICT", "objectid": 38, "Shape__Area": 24087.9921875, "Shape__Length": 690.11605394135745 }, "geometry": { "type": "Polygon", "coordinates": [ [ [ -75.057939285169596, 40.095379681685699 ], [ -75.057964477042503, 40.095414530421998 ], [ -75.057989720190804, 40.095486059563299 ], [ -75.057990839360698, 40.0954892315386 ], [ -75.0580169234957, 40.0955525087914 ], [ -75.058024808031206, 40.095586890265302 ], [ -75.058028549497294, 40.095641994443604 ], [ -75.058019326165194, 40.0957067481636 ], [ -75.058000316654997, 40.095755797298501 ], [ -75.057963487890206, 40.095812170225003 ], [ -75.0578938774146, 40.095899516935901 ], [ -75.057727481652293, 40.096067712524103 ], [ -75.057701790916795, 40.096088044326798 ], [ -75.057666343551105, 40.096061975915902 ], [ -75.057664825782098, 40.096060827580501 ], [ -75.057635190661003, 40.096039703476997 ], [ -75.057603672780502, 40.096018460933003 ], [ -75.057530483671997, 40.095968154603497 ], [ -75.0574659279294, 40.095930526508603 ], [ -75.057399409375506, 40.095894907905603 ], [ -75.057350642551398, 40.095872354590803 ], [ -75.057285915033603, 40.095843376886997 ], [ -75.057235831379202, 40.095823701919798 ], [ -75.057203820197003, 40.095811119120597 ], [ -75.057200709995101, 40.095809890676897 ], [ -75.057121524745398, 40.0957833235164 ], [ -75.057069223727794, 40.095770848804101 ], [ -75.057067201100196, 40.095770374552899 ], [ -75.057020027068603, 40.095755503758497 ], [ -75.056977049244296, 40.095748304517102 ], [ -75.056975825176195, 40.095748106895599 ], [ -75.056961080129994, 40.095745637256798 ], [ -75.056889236319904, 40.095731669559903 ], [ -75.056863524067097, 40.095728356169403 ], [ -75.056814693046505, 40.095722046928898 ], [ -75.056788530245001, 40.095719332296497 ], [ -75.056746728368296, 40.095714983036999 ], [ -75.056667199422805, 40.095710661025301 ], [ -75.056583074340907, 40.095709475026702 ], [ -75.056574760946702, 40.095709460450998 ], [ -75.056495928491501, 40.095709239745403 ], [ -75.056346096023603, 40.095702941332803 ], [ -75.056160446640405, 40.095697576205502 ], [ -75.056000762023203, 40.0956933024557 ], [ -75.055770757548302, 40.0956915972871 ], [ -75.055730575701801, 40.095694385850102 ], [ -75.055735756792899, 40.0956646838602 ], [ -75.055737087058901, 40.095657115860597 ], [ -75.055734697666296, 40.095630257186301 ], [ -75.055730521830995, 40.095582292491301 ], [ -75.055732439967599, 40.095543433757101 ], [ -75.055714113565003, 40.095439327879497 ], [ -75.0556889406122, 40.095329888409502 ], [ -75.0556552908795, 40.095237502985803 ], [ -75.055784139762693, 40.095217019197399 ], [ -75.056254792946802, 40.0951421672153 ], [ -75.056468973804897, 40.095106378823402 ], [ -75.056713679754594, 40.095067846340598 ], [ -75.056780976396894, 40.095054791210401 ], [ -75.056855515747898, 40.095047842473903 ], [ -75.056967909210798, 40.095052242745403 ], [ -75.057067736325493, 40.095055337105102 ], [ -75.057170747338702, 40.0950626777921 ], [ -75.057270912248001, 40.095081232780501 ], [ -75.057385143335395, 40.095101254725797 ], [ -75.057497467334102, 40.0951406809057 ], [ -75.057541625685701, 40.095156145398597 ], [ -75.057666034085898, 40.095194210045698 ], [ -75.057729884912007, 40.0952137871557 ], [ -75.057815167588402, 40.095259820704001 ], [ -75.057874924630298, 40.095305049163102 ], [ -75.057914406834996, 40.095346614214499 ], [ -75.057918522452795, 40.095350961267599 ], [ -75.057939285169596, 40.095379681685699 ] ] ] } },
{ "type": "Feature", "properties": { "aun": 126515001, "school_num": 7228, "location_id": "2540", "school_name": "KEY, FRANCIS SCOTT SCHOOL", "school_name_label": "FRANCIS S. KEY SCHOOL", "street_address": "2230 S 8TH ST", "zip_code": "19148", "phone_number": "(215) 400-8250", "active": null, "grade_level": "ELEMENTARY SCHOOL", "grade_org": "K-6", "enrollment": 371, "type": 1, "type_specific": "DISTRICT", "objectid": 39, "Shape__Area": 5120.390625, "Shape__Length": 304.25269127188341 }, "geometry": { "type": "Polygon", "coordinates": [ [ [ -75.160489337635696, 39.921337892343303 ], [ -75.160472649374796, 39.9213340825792 ], [ -75.160464425592593, 39.921332896723399 ], [ -75.160439961094596, 39.9213293618444 ], [ -75.1602331836839, 39.921299512798001 ], [ -75.160278286795503, 39.9211031432203 ], [ -75.160363596358295, 39.920714130646701 ], [ -75.160933958139907, 39.920790233079103 ], [ -75.160944019051897, 39.920791573012202 ], [ -75.160856294984498, 39.921180273506899 ], [ -75.160692327753495, 39.921157694576699 ], [ -75.160690940628598, 39.921166077633401 ], [ -75.160681292440799, 39.921206127372798 ], [ -75.160673521051805, 39.9212441392689 ], [ -75.160666368532105, 39.9212791523615 ], [ -75.160657321163796, 39.921320439925402 ], [ -75.160648954089893, 39.9213587289467 ], [ -75.160489337635696, 39.921337892343303 ] ] ] } },
{ "type": "Feature", "properties": { "aun": 126515001, "school_num": 3718, "location_id": "6300", "school_name": "LOGAN, JAMES SCHOOL", "school_name_label": "JAMES LOGAN SCHOOL", "street_address": "1700 LINDLEY AVE", "zip_code": "19141", "phone_number": "(215) 400-3670", "active": null, "grade_level": "ELEMENTARY SCHOOL", "grade_org": "K-5", "enrollment": 231, "type": 1, "type_specific": "DISTRICT", "objectid": 40, "Shape__Area": 25337.1484375, "Shape__Length": 647.09509372321645 }, "geometry": { "type": "Polygon", "coordinates": [ [ [ -75.151642628218696, 40.030387835071302 ], [ -75.151759728489097, 40.029836637795903 ], [ -75.151845031284793, 40.029847610472302 ], [ -75.152054722931496, 40.029873954907202 ], [ -75.152222110088999, 40.029895053204697 ], [ -75.152332195105004, 40.0299088600228 ], [ -75.152507049172698, 40.0299310142953 ], [ -75.152639520711503, 40.0299477767757 ], [ -75.152682619465594, 40.0299536361319 ], [ -75.152713085543496, 40.029956984266398 ], [ -75.153070524054797, 40.030003706327797 ], [ -75.153069623352494, 40.030006990441798 ], [ -75.153049020234803, 40.030082901540503 ], [ -75.153031072713802, 40.030144201871899 ], [ -75.153004379763004, 40.030221473198502 ], [ -75.1529868236982, 40.030267066381903 ], [ -75.152972577030198, 40.030301256564201 ], [ -75.1529635388885, 40.030324264642701 ], [ -75.152955010909693, 40.030343818719103 ], [ -75.152945573405205, 40.030363594375999 ], [ -75.1529335984131, 40.030389953148898 ], [ -75.152913854574095, 40.030430805928397 ], [ -75.152904299257898, 40.030449256675404 ], [ -75.152885744227206, 40.030485881279702 ], [ -75.152871437754399, 40.030512864212703 ], [ -75.152853760644106, 40.030544655561002 ], [ -75.152828723729698, 40.030587371994599 ], [ -75.152820859502, 40.030599993102598 ], [ -75.1527670545821, 40.030682115932699 ], [ -75.152743625582801, 40.030717308050399 ], [ -75.152704303095703, 40.030771677039397 ], [ -75.152651138597193, 40.030840886957101 ], [ -75.152596751012197, 40.030907521564302 ], [ -75.152550485328902, 40.030957558387797 ], [ -75.152499412376599, 40.031013225949501 ], [ -75.152472469088806, 40.031042157555099 ], [ -75.152469037373805, 40.031045842813498 ], [ -75.152451827256101, 40.031064314115604 ], [ -75.152450644528301, 40.031065625376399 ], [ -75.152449555402796, 40.031066826127002 ], [ -75.152384307687299, 40.0311387112205 ], [ -75.152249139965406, 40.031285455975897 ], [ -75.152239229918706, 40.031296209592 ], [ -75.152232969382098, 40.031295406862597 ], [ -75.152200582713604, 40.0312912729582 ], [ -75.152093679983096, 40.031277522281798 ], [ -75.1520659474524, 40.031273977914203 ], [ -75.152054846027994, 40.031272565606301 ], [ -75.151918538425704, 40.031255135698899 ], [ -75.1517930988187, 40.031239208414902 ], [ -75.151469637349294, 40.031199280207403 ], [ -75.151484175451102, 40.031132324518197 ], [ -75.151517017595694, 40.030976124945497 ], [ -75.151530659506506, 40.030910876676501 ], [ -75.151537640226294, 40.030877485223002 ], [ -75.151556601934004, 40.030786789809703 ], [ -75.151574261332797, 40.0307056551366 ], [ -75.151608669143201, 40.030546894910003 ], [ -75.151628844436303, 40.030449906305698 ], [ -75.151642628218696, 40.030387835071302 ] ] ] } },
{ "type": "Feature", "properties": { "aun": 226510073, "school_num": null, "location_id": null, "school_name": "ST JAMES SCHOOL", "school_name_label": "ST JAMES SCHOOL", "street_address": "3201-29 W CLEARFIELD ST", "zip_code": "19132", "phone_number": "(215) 226-1276", "active": "O", "grade_level": "MIDDLE SCHOOL", "grade_org": "4-8", "enrollment": null, "type": 3, "type_specific": "PRIVATE", "objectid": 41, "Shape__Area": 11230.55078125, "Shape__Length": 457.82306980079431 }, "geometry": { "type": "Polygon", "coordinates": [ [ [ -75.183480139530701, 40.004253626519201 ], [ -75.183384465518401, 40.004689365697601 ], [ -75.181995275776401, 40.004503749633102 ], [ -75.182112658703204, 40.0039685637703 ], [ -75.183480139530701, 40.004253626519201 ] ] ] } },
{ "type": "Feature", "properties": { "aun": 126515001, "school_num": 3668, "location_id": "4280", "school_name": "GOMPERS, SAMUEL SCHOOL", "school_name_label": "SAMUEL GOMPERS SCHOOL", "street_address": "5701 WYNNEFIELD AVE", "zip_code": "19131", "phone_number": "(215) 400-7250", "active": null, "grade_level": "ELEMENTARY/MIDDLE", "grade_org": "K-8", "enrollment": 238, "type": 1, "type_specific": "DISTRICT", "objectid": 42, "Shape__Area": 32265.73828125, "Shape__Length": 780.35241881864408 }, "geometry": { "type": "Polygon", "coordinates": [ [ [ -75.237643403154607, 39.992133292768401 ], [ -75.239026078394005, 39.992158567780201 ], [ -75.2390303325855, 39.992173877493798 ], [ -75.239037329760293, 39.9921892145505 ], [ -75.239038247857806, 39.992194441249403 ], [ -75.2390398155094, 39.992197940988 ], [ -75.239042494206501, 39.992201449263902 ], [ -75.239045630931997, 39.992208449898399 ], [ -75.239050292923494, 39.992218948217797 ], [ -75.239065774059299, 39.992241806073899 ], [ -75.239070520826502, 39.992250566203602 ], [ -75.239073283173994, 39.992252366673803 ], [ -75.239076527455794, 39.992255904214801 ], [ -75.239083013177293, 39.992262976981699 ], [ -75.239099753313695, 39.992282396928097 ], [ -75.239118749511405, 39.992301430367299 ], [ -75.239151577461399, 39.992327262527901 ], [ -75.239195649081594, 39.992353340624398 ], [ -75.2392022687376, 39.992357385597799 ], [ -75.239211145827198, 39.992361046346801 ], [ -75.239224374835302, 39.9923682666074 ], [ -75.2392377216554, 39.9923728945829 ], [ -75.239244405598797, 39.992375200916698 ], [ -75.239257682835699, 39.992381116914402 ], [ -75.239271899860398, 39.992384861800801 ], [ -75.239268436293997, 39.992395215037199 ], [ -75.239258162522901, 39.992414042941697 ], [ -75.239255212237396, 39.992417879709102 ], [ -75.239253308717593, 39.992423463648798 ], [ -75.239254619150699, 39.992426554563401 ], [ -75.239278257589604, 39.992433970973501 ], [ -75.239293748476996, 39.992441241826697 ], [ -75.239300400309006, 39.992444416913102 ], [ -75.239307063778597, 39.9924467227953 ], [ -75.239311469730296, 39.9924494151537 ], [ -75.2393291743454, 39.9924580386107 ], [ -75.239333628561297, 39.992459425583803 ], [ -75.239352394506298, 39.992469362923998 ], [ -75.239357867131204, 39.992473818654801 ], [ -75.239371129759206, 39.992480170174503 ], [ -75.239375551816593, 39.992482427027198 ], [ -75.239395336225598, 39.992495431993497 ], [ -75.239399694546506, 39.9924994128531 ], [ -75.2394041496471, 39.9925008156101 ], [ -75.239415660236006, 39.992509723663801 ], [ -75.239418418179596, 39.992511089299697 ], [ -75.239432602495796, 39.9925230865475 ], [ -75.239435910546604, 39.9925249000703 ], [ -75.239453358245299, 39.992540434136799 ], [ -75.239473405812205, 39.992561649513497 ], [ -75.239478036592502, 39.992567924851699 ], [ -75.239485768027507, 39.992578732426701 ], [ -75.238565489210103, 39.993031610002198 ], [ -75.238401029154801, 39.993252797076799 ], [ -75.238358082803799, 39.993312401878399 ], [ -75.238217739459202, 39.9935036999997 ], [ -75.238173491099104, 39.9935616803632 ], [ -75.238138732909803, 39.993605006496097 ], [ -75.238056174063402, 39.993708878495802 ], [ -75.237997334506105, 39.993788494448502 ], [ -75.237790321592996, 39.993858565116902 ], [ -75.237365985024297, 39.993318979474601 ], [ -75.237377436309004, 39.993294068763298 ], [ -75.2374011279814, 39.993250463447701 ], [ -75.237418293123, 39.993205084467903 ], [ -75.237434409166895, 39.993133920859002 ], [ -75.237643403154607, 39.992133292768401 ] ] ] } },
{ "type": "Feature", "properties": { "aun": 126517286, "school_num": 8151, "location_id": "3409", "school_name": "MASTERY CHARTER @ SMEDLEY", "school_name_label": "MASTERY CHARTER SCHOOL AT SMEDLEY", "street_address": "1790 BRIDGE ST", "zip_code": "19124", "phone_number": "(215) 537-2523", "active": null, "grade_level": "ELEMENTARY SCHOOL", "grade_org": "K-6", "enrollment": 757, "type": 2, "type_specific": "CHARTER", "objectid": 43, "Shape__Area": 11927.2890625, "Shape__Length": 464.47314385737127 }, "geometry": { "type": "Polygon", "coordinates": [ [ [ -75.073496005356702, 40.019657430062701 ], [ -75.073828252380196, 40.019384421719302 ], [ -75.074319500820494, 40.018979660677601 ], [ -75.074349330068301, 40.018955853057498 ], [ -75.074366438975503, 40.0189356651764 ], [ -75.074380533505902, 40.018919034872198 ], [ -75.074842773292303, 40.019352302168599 ], [ -75.074839148401097, 40.019355442319998 ], [ -75.074836804482203, 40.019357451097697 ], [ -75.074344725635996, 40.0197582788348 ], [ -75.074121481079899, 40.019939426714899 ], [ -75.073918095094598, 40.020103934099502 ], [ -75.073886236952802, 40.0201296935237 ], [ -75.0735031916808, 40.019671895979002 ], [ -75.073499819611399, 40.019671817379098 ], [ -75.073490111464594, 40.019662273190399 ], [ -75.073496005356702, 40.019657430062701 ] ] ] } },
{ "type": "Feature", "properties": { "aun": null, "school_num": null, "location_id": "3374", "school_name": "ALLIANCE FOR PROGRESS CHARTER SCHOOL (ANNEX)", "school_name_label": "ALLIANCE FOR PROGRESS CHARTER SCHOOL (ANNEX)", "street_address": "1821 CECIL B MOORE AVE", "zip_code": "19121", "phone_number": "(215) 232-4892", "active": "O", "grade_level": "MIDDLE SCHOOL", "grade_org": "6-8", "enrollment": null, "type": 2, "type_specific": "CHARTER", "objectid": 44, "Shape__Area": 2770.14453125, "Shape__Length": 219.7710690853138 }, "geometry": { "type": "Polygon", "coordinates": [ [ [ -75.165061326031406, 39.979971646944499 ], [ -75.165119974990503, 39.979705169288003 ], [ -75.165745243355104, 39.9797903558824 ], [ -75.165687013125506, 39.980055780035499 ], [ -75.165061326031406, 39.979971646944499 ] ] ] } },
{ "type": "Feature", "properties": { "aun": 126515001, "school_num": null, "location_id": "2680", "school_name": "SCIENCE LEADERSHIP ACADEMY AT BEEBER", "school_name_label": "THE SCIENCE LEADERSHIP ACADEMY AT BEEBER", "street_address": "5925 MALVERN AVE", "zip_code": "19131", "phone_number": "(215) 400-7270", "active": null, "grade_level": "MIDDLE/HIGH", "grade_org": "5-12", "enrollment": 533, "type": 1, "type_specific": "DISTRICT", "objectid": 45, "Shape__Area": 19760.95703125, "Shape__Length": 572.30847314304822 }, "geometry": { "type": "Polygon", "coordinates": [ [ [ -75.241604370880395, 39.986900253131203 ], [ -75.241584263878494, 39.986875005985397 ], [ -75.241401546867095, 39.986645420853698 ], [ -75.241382101385, 39.9866209776226 ], [ -75.241284836106999, 39.986498761711303 ], [ -75.241241561230197, 39.986444380178199 ], [ -75.242536466675105, 39.985834460254601 ], [ -75.242587396919703, 39.985897198552102 ], [ -75.242588199528498, 39.985898182400803 ], [ -75.242621051026504, 39.9859386349831 ], [ -75.242680640832603, 39.986012022936599 ], [ -75.242696796480203, 39.9860319127624 ], [ -75.242887392378705, 39.986266712314404 ], [ -75.242906212593894, 39.986289900506101 ], [ -75.243022727946197, 39.986433409201297 ], [ -75.243089153620005, 39.986515231986097 ], [ -75.243087895719498, 39.986515832953103 ], [ -75.241785826827197, 39.987128261768802 ], [ -75.241604370880395, 39.986900253131203 ] ] ] } },
{ "type": "Feature", "properties": { "aun": 226517902, "school_num": null, "location_id": null, "school_name": "ST HELENA INCARNATION REGIONAL CATHOLIC SCHOOL", "school_name_label": "ST HELENA INCARNATION SCHOOL", "street_address": "6101 N 5TH ST", "zip_code": "19120", "phone_number": "(215) 549-2947", "active": "O", "grade_level": "ELEMENTARY/MIDDLE", "grade_org": "PREK-8", "enrollment": null, "type": 3, "type_specific": "PRIVATE", "objectid": 46, "Shape__Area": 7480.59765625, "Shape__Length": 347.53282762468427 }, "geometry": { "type": "Polygon", "coordinates": [ [ [ -75.127708950853105, 40.044578927795101 ], [ -75.127825632122494, 40.044048583696302 ], [ -75.127913808254803, 40.044059414150503 ], [ -75.128669122008901, 40.044152191469998 ], [ -75.128667083459803, 40.044161526862901 ], [ -75.128663926740302, 40.044175946671601 ], [ -75.1285779356501, 40.044568924555797 ], [ -75.128577143718104, 40.044572581535199 ], [ -75.128565605220899, 40.044625336725197 ], [ -75.128561989196498, 40.044641857825098 ], [ -75.128551777466498, 40.044688453256803 ], [ -75.127708950853105, 40.044578927795101 ] ] ] } },
{ "type": "Feature", "properties": { "aun": 126511748, "school_num": 8208, "location_id": "3415", "school_name": "MASTERY CHARTER @ CLYMER", "school_name_label": "MASTERY CHARTER SCHOOL AT CLYMER", "street_address": "1201 W RUSH ST", "zip_code": "19133", "phone_number": "(215) 223-2243", "active": null, "grade_level": "ELEMENTARY SCHOOL", "grade_org": "K-6", "enrollment": 422, "type": 2, "type_specific": "CHARTER", "objectid": 47, "Shape__Area": 7587.8046875, "Shape__Length": 411.89608292548724 }, "geometry": { "type": "Polygon", "coordinates": [ [ [ -75.150438942054706, 39.995651806618902 ], [ -75.151383075856401, 39.995770565250901 ], [ -75.151833555772299, 39.995827220181802 ], [ -75.151761641365994, 39.996154873164002 ], [ -75.150363279339601, 39.995975909569502 ], [ -75.150433351819203, 39.995651099987199 ], [ -75.150438942054706, 39.995651806618902 ] ] ] } },
{ "type": "Feature", "properties": { "aun": 126515001, "school_num": 4961, "location_id": "8440", "school_name": "LOESCHE, WILLIAM H. SCHOOL", "school_name_label": "WILLIAM H. LOESCHE SCHOOL", "street_address": "595 TOMLINSON RD", "zip_code": "19116", "phone_number": "(215) 400-3020", "active": null, "grade_level": "ELEMENTARY SCHOOL", "grade_org": "K-5", "enrollment": 1224, "type": 1, "type_specific": "DISTRICT", "objectid": 48, "Shape__Area": 53526.60546875, "Shape__Length": 937.28921161985761 }, "geometry": { "type": "Polygon", "coordinates": [ [ [ -75.023102897026305, 40.113153480131302 ], [ -75.0235053945364, 40.113387622375001 ], [ -75.023895212688601, 40.113618484555097 ], [ -75.024563008338703, 40.1140088441622 ], [ -75.023935462824994, 40.115535039359401 ], [ -75.023811636938007, 40.115488272006402 ], [ -75.023707224548204, 40.115438030578801 ], [ -75.023599345286001, 40.115386305715198 ], [ -75.023492886856104, 40.115335258688702 ], [ -75.023161387555504, 40.115176687850898 ], [ -75.022932789983599, 40.115066241016002 ], [ -75.022894846705398, 40.115048027406701 ], [ -75.022856010938796, 40.115030083206797 ], [ -75.022779151254298, 40.114992795989302 ], [ -75.022704439597206, 40.114956960803099 ], [ -75.022629014925599, 40.114920545496403 ], [ -75.022473730921803, 40.114847317821102 ], [ -75.022399029124202, 40.114811208967602 ], [ -75.0223243405093, 40.114774810912998 ], [ -75.022000179067206, 40.114619763702798 ], [ -75.022050298783697, 40.114566513380701 ], [ -75.022100802222198, 40.114505840706101 ], [ -75.022131245629495, 40.114465697920501 ], [ -75.022339142815497, 40.114186795801899 ], [ -75.0224860494003, 40.113990192750201 ], [ -75.022551726140307, 40.113901492137003 ], [ -75.022816790025104, 40.113542794128001 ], [ -75.022951237167902, 40.113361484369101 ], [ -75.023043514893999, 40.113236240321001 ], [ -75.023100836307506, 40.113156351798096 ], [ -75.023102897026305, 40.113153480131302 ] ] ] } },
{ "type": "Feature", "properties": { "aun": 226515872, "school_num": null, "location_id": null, "school_name": "SHAARE SHAMAYIM-BETH JUDAH KINDERGARTEN", "school_name_label": "SHAARE SHAMAYIM-BETH JUDAH KINDERGARTEN", "street_address": "9768 VERREE RD", "zip_code": "19115", "phone_number": "(215) 673-2323", "active": "O", "grade_level": "PRE-K/KINDERGARTEN", "grade_org": "PREK-K", "enrollment": null, "type": 3, "type_specific": "PRIVATE", "objectid": 49, "Shape__Area": 19260.53515625, "Shape__Length": 619.22202485014805 }, "geometry": { "type": "Polygon", "coordinates": [ [ [ -75.045457989469497, 40.099291041175803 ], [ -75.0460998578492, 40.100085104664601 ], [ -75.046184969485793, 40.1001903708787 ], [ -75.046154595101299, 40.100204851518903 ], [ -75.0463256250531, 40.100416395032099 ], [ -75.046259913800398, 40.100447613930001 ], [ -75.046106553048205, 40.100520483353399 ], [ -75.045629444514205, 40.100747192421302 ], [ -75.045334258499693, 40.100262862351499 ], [ -75.045072292120807, 40.100121142044401 ], [ -75.044754857837205, 40.099949346575002 ], [ -75.044437412406793, 40.099777575832299 ], [ -75.045457989469497, 40.099291041175803 ] ] ] } },
{ "type": "Feature", "properties": { "aun": 126515001, "school_num": 7022, "location_id": "1580", "school_name": "MYA-MIDDLE YEARS ALTERNATIVE", "school_name_label": "MIDDLE YEARS ALTERNATIVE SCHOOL", "street_address": "4725 FAIRMOUNT AVE", "zip_code": "19139", "phone_number": "(215) 400-7720", "active": null, "grade_level": "MIDDLE SCHOOL", "grade_org": "5-8", "enrollment": 128, "type": 1, "type_specific": "DISTRICT", "objectid": 50, "Shape__Area": 15608.6328125, "Shape__Length": 503.62742892974342 }, "geometry": { "type": "Polygon", "coordinates": [ [ [ -75.215370518240803, 39.965095165546202 ], [ -75.215265637909397, 39.9642790848158 ], [ -75.215267591061604, 39.964278950016798 ], [ -75.215360793117796, 39.964272175794598 ], [ -75.215660163343699, 39.964250466960003 ], [ -75.215979782876701, 39.964227269670197 ], [ -75.216052273450501, 39.9642220038955 ], [ -75.2162418478202, 39.964208249312797 ], [ -75.216251384419095, 39.9642075577854 ], [ -75.216374231701707, 39.965164596961003 ], [ -75.216375530425196, 39.965178085462597 ], [ -75.215390322745804, 39.965249352089401 ], [ -75.215388573398499, 39.9652356283678 ], [ -75.215370518240803, 39.965095165546202 ] ] ] } },
{ "type": "Feature", "properties": { "aun": 126515001, "school_num": 7808, "location_id": "5090", "school_name": "PARKWAY WEST HIGH SCHOOL", "school_name_label": "PARKWAY WEST HIGH SCHOOL", "street_address": "4725 FAIRMOUNT AVE", "zip_code": "19139", "phone_number": "(215) 400-7710", "active": null, "grade_level": "HIGH SCHOOL", "grade_org": "9-12", "enrollment": 151, "type": 1, "type_specific": "DISTRICT", "objectid": 51, "Shape__Area": 15608.6328125, "Shape__Length": 503.62742892974342 }, "geometry": { "type": "Polygon", "coordinates": [ [ [ -75.215370518240803, 39.965095165546202 ], [ -75.215265637909397, 39.9642790848158 ], [ -75.215267591061604, 39.964278950016798 ], [ -75.215360793117796, 39.964272175794598 ], [ -75.215660163343699, 39.964250466960003 ], [ -75.215979782876701, 39.964227269670197 ], [ -75.216052273450501, 39.9642220038955 ], [ -75.2162418478202, 39.964208249312797 ], [ -75.216251384419095, 39.9642075577854 ], [ -75.216374231701707, 39.965164596961003 ], [ -75.216375530425196, 39.965178085462597 ], [ -75.215390322745804, 39.965249352089401 ], [ -75.215388573398499, 39.9652356283678 ], [ -75.215370518240803, 39.965095165546202 ] ] ] } },
{ "type": "Feature", "properties": { "aun": 126513110, "school_num": 7565, "location_id": "3310", "school_name": "LAB SCH OF COMMUNICAT'N & LANG", "school_name_label": "LABORATORY CHARTER SCHOOL OF COMMUNICATION AND LANGUAGES", "street_address": "926 W SEDGLEY AVE", "zip_code": "19140", "phone_number": "(215) 574-1680", "active": null, "grade_level": "ELEMENTARY SCHOOL", "grade_org": "K-5", "enrollment": 450, "type": 2, "type_specific": "CHARTER", "objectid": 52, "Shape__Area": 4404.9375, "Shape__Length": 295.12554369653208 }, "geometry": { "type": "Polygon", "coordinates": [ [ [ -75.144714652376706, 40.001450793908496 ], [ -75.145488375193594, 40.001104830502598 ], [ -75.145696822593294, 40.001377617701699 ], [ -75.145281367709401, 40.001531551452999 ], [ -75.144841459511895, 40.001694535949802 ], [ -75.144728092856298, 40.001633092761402 ], [ -75.144757079308107, 40.001497682924501 ], [ -75.144714652376706, 40.001450793908496 ] ] ] } },
{ "type": "Feature", "properties": { "aun": 126515001, "school_num": 5186, "location_id": "2470", "school_name": "GREENFIELD, ALBERT M. SCHOOL", "school_name_label": "ALBERT M. GREENFIELD SCHOOL", "street_address": "2200 CHESTNUT ST", "zip_code": "19103", "phone_number": "(215) 400-7810", "active": null, "grade_level": "ELEMENTARY/MIDDLE", "grade_org": "K-8", "enrollment": 742, "type": 1, "type_specific": "DISTRICT", "objectid": 53, "Shape__Area": 9818.91015625, "Shape__Length": 397.93185113580614 }, "geometry": { "type": "Polygon", "coordinates": [ [ [ -75.177267647285106, 39.951804546382 ], [ -75.178226199563795, 39.9519301250672 ], [ -75.178092465641598, 39.952546561452003 ], [ -75.177133238929002, 39.952419709801902 ], [ -75.177267647285106, 39.951804546382 ] ] ] } },
{ "type": "Feature", "properties": { "aun": 126515001, "school_num": 7815, "location_id": "1190", "school_name": "MOTIVATION HIGH SCHOOL", "school_name_label": "MOTIVATION HIGH SCHOOL", "street_address": "5900 BALTIMORE AVE", "zip_code": "19143", "phone_number": "(215) 400-7930", "active": null, "grade_level": "HIGH SCHOOL", "grade_org": "9-12", "enrollment": 201, "type": 1, "type_specific": "DISTRICT", "objectid": 54, "Shape__Area": 47956.20703125, "Shape__Length": 1019.2879601083175 }, "geometry": { "type": "Polygon", "coordinates": [ [ [ -75.242987251589, 39.9433688364674 ], [ -75.242805042834107, 39.9434360356722 ], [ -75.242807429732196, 39.943439870892 ], [ -75.242881339475005, 39.943557198740898 ], [ -75.242651190245297, 39.943637001013499 ], [ -75.243271775307207, 39.944651439095999 ], [ -75.241833678796993, 39.9451846243009 ], [ -75.241193948240607, 39.944150042211 ], [ -75.241041785201404, 39.944206190824403 ], [ -75.24086363664, 39.943893916382201 ], [ -75.241251212438399, 39.943673869324002 ], [ -75.241545778940605, 39.943512894641103 ], [ -75.241891365082395, 39.943331354699303 ], [ -75.242167395649602, 39.943185094093003 ], [ -75.242614922920097, 39.942951360844901 ], [ -75.242627862535997, 39.9429446001907 ], [ -75.242641672002705, 39.942953444610303 ], [ -75.242733550651394, 39.9430123068501 ], [ -75.243206294649298, 39.943108218256903 ], [ -75.243283437890696, 39.943212309964302 ], [ -75.242958247851107, 39.943323632645502 ], [ -75.242987251589, 39.9433688364674 ] ] ] } },
{ "type": "Feature", "properties": { "aun": 226510695, "school_num": null, "location_id": null, "school_name": "BEULAH BAPTIST CHRISTIAN DAY SCHOOL", "school_name_label": "BEULAH BAPTIST CHRISTIAN DAY SCHOOL", "street_address": "5001 SPRUCE ST", "zip_code": "19139", "phone_number": "(215) 747-3347", "active": "O", "grade_level": "ELEMENTARY/MIDDLE", "grade_org": "K-8", "enrollment": null, "type": 3, "type_specific": "PRIVATE", "objectid": 55, "Shape__Area": 3525.02734375, "Shape__Length": 255.44235643552008 }, "geometry": { "type": "Polygon", "coordinates": [ [ [ -75.222172891072603, 39.954240873730001 ], [ -75.222223512170601, 39.954246631546297 ], [ -75.222323189309805, 39.9542579684678 ], [ -75.222324607292705, 39.954258128103397 ], [ -75.222382731881794, 39.954264857571303 ], [ -75.222419917283702, 39.954269158107799 ], [ -75.222490752873796, 39.9542771181316 ], [ -75.222736533800699, 39.954307373477299 ], [ -75.222913613428304, 39.954329182873401 ], [ -75.222855846488997, 39.954603957287603 ], [ -75.222432779856405, 39.954551210954001 ], [ -75.222362432513805, 39.954543100604603 ], [ -75.222292532488098, 39.954534177905998 ], [ -75.222078891628598, 39.954508192179098 ], [ -75.222137058421197, 39.954236795509502 ], [ -75.222172891072603, 39.954240873730001 ] ] ] } },
{ "type": "Feature", "properties": { "aun": 126515001, "school_num": 3739, "location_id": "7270", "school_name": "FINLETTER, THOMAS K. SCHOOL", "school_name_label": "THOMAS K. FINLETTER SCHOOL", "street_address": "6100 N FRONT ST", "zip_code": "19120", "phone_number": "(215) 400-3750", "active": null, "grade_level": "ELEMENTARY/MIDDLE", "grade_org": "K-8", "enrollment": 607, "type": 1, "type_specific": "DISTRICT", "objectid": 56, "Shape__Area": 41155.30859375, "Shape__Length": 811.50155532354302 }, "geometry": { "type": "Polygon", "coordinates": [ [ [ -75.117549645135099, 40.044150612680397 ], [ -75.117844531140406, 40.0427635923688 ], [ -75.119628404432106, 40.0429929550262 ], [ -75.119331806917003, 40.044381496415802 ], [ -75.117549645135099, 40.044150612680397 ] ] ] } },
{ "type": "Feature", "properties": { "aun": 126515001, "school_num": 3625, "location_id": "4530", "school_name": "GIDEON, EDWARD SCHOOL", "school_name_label": "EDWARD GIDEON SCHOOL", "street_address": "2817 W GLENWOOD AVE", "zip_code": "19121", "phone_number": "(215) 400-7360", "active": null, "grade_level": "ELEMENTARY/MIDDLE", "grade_org": "K-8", "enrollment": 205, "type": 1, "type_specific": "DISTRICT", "objectid": 57, "Shape__Area": 9301.921875, "Shape__Length": 392.21596612373241 }, "geometry": { "type": "Polygon", "coordinates": [ [ [ -75.180479175210905, 39.984809993441701 ], [ -75.180141923447906, 39.984509064281603 ], [ -75.180871312295807, 39.984020266099201 ], [ -75.181281897656206, 39.984025443549598 ], [ -75.181171457607803, 39.9845475073217 ], [ -75.1806009383683, 39.984918886674897 ], [ -75.180592299526097, 39.984910426501102 ], [ -75.180479175210905, 39.984809993441701 ] ] ] } },
{ "type": "Feature", "properties": { "aun": 126515001, "school_num": 5041, "location_id": "8770", "school_name": "HANCOCK DEMONSTRATION SCHOOL", "school_name_label": "JOHN HANCOCK DEMONSTRATION SCHOOL", "street_address": "3700 MORRELL AVE", "zip_code": "19114", "phone_number": "(215) 400-3120", "active": null, "grade_level": "ELEMENTARY/MIDDLE", "grade_org": "K-5", "enrollment": 895, "type": 1, "type_specific": "DISTRICT", "objectid": 58, "Shape__Area": 27077.9765625, "Shape__Length": 658.98025841969024 }, "geometry": { "type": "Polygon", "coordinates": [ [ [ -74.989369657109506, 40.066375118708997 ], [ -74.989542981704403, 40.066518081930901 ], [ -74.989863870703104, 40.0667827712277 ], [ -74.990242796598096, 40.066938201469199 ], [ -74.989899992930205, 40.067340369362199 ], [ -74.989471603596996, 40.067834738500601 ], [ -74.989413598253904, 40.0678968757503 ], [ -74.989379701244104, 40.067905379529698 ], [ -74.989324698293601, 40.067890613035097 ], [ -74.989166737590907, 40.067847983010303 ], [ -74.989062521143595, 40.067824716144699 ], [ -74.988932303733193, 40.067799002003099 ], [ -74.988603938743907, 40.067750358282197 ], [ -74.988568182291601, 40.067744759373902 ], [ -74.988535086491495, 40.067717090824303 ], [ -74.988604033683103, 40.067368201375999 ], [ -74.988649745472898, 40.067092167904804 ], [ -74.988651017121896, 40.066878469998301 ], [ -74.988579352400095, 40.066578271714 ], [ -74.989369657109506, 40.066375118708997 ] ] ] } },
{ "type": "Feature", "properties": { "aun": 126515001, "school_num": 6960, "location_id": "4480", "school_name": "OVERBROOK EDUCATIONAL CENTER", "school_name_label": "OVERBROOK EDUCATIONAL CENTER", "street_address": "6722 LANSDOWNE AVE", "zip_code": "19151", "phone_number": "(215) 400-7540", "active": null, "grade_level": "ELEMENTARY/MIDDLE", "grade_org": "K-8", "enrollment": 260, "type": 1, "type_specific": "DISTRICT", "objectid": 59, "Shape__Area": 2254.890625, "Shape__Length": 189.06498589781356 }, "geometry": { "type": "Polygon", "coordinates": [ [ [ -75.254215942673696, 39.974298549468699 ], [ -75.254186731155002, 39.974142546402099 ], [ -75.2543285628078, 39.973996698630799 ], [ -75.254495245733693, 39.973978227906898 ], [ -75.254682015337593, 39.973957527927702 ], [ -75.254735091370705, 39.974241011546802 ], [ -75.254215942673696, 39.974298549468699 ] ] ] } },
{ "type": "Feature", "properties": { "aun": 126515001, "school_num": 3763, "location_id": "8240", "school_name": "DISSTON, HAMILTON SCHOOL", "school_name_label": "HAMILTON DISSTON SCHOOL", "street_address": "6801 COTTAGE ST", "zip_code": "19135", "phone_number": "(215) 400-3350", "active": null, "grade_level": "ELEMENTARY/MIDDLE", "grade_org": "K-8", "enrollment": 740, "type": 1, "type_specific": "DISTRICT", "objectid": 60, "Shape__Area": 10734.57421875, "Shape__Length": 442.52714253610236 }, "geometry": { "type": "Polygon", "coordinates": [ [ [ -75.046004640911406, 40.0286265589477 ], [ -75.045979527513097, 40.028592646800398 ], [ -75.045932892842998, 40.028533143793602 ], [ -75.0458695219302, 40.028450517690501 ], [ -75.046664435153005, 40.028038945220203 ], [ -75.046961176555499, 40.027886225808302 ], [ -75.046965651644499, 40.027883928716399 ], [ -75.047179484294205, 40.028129639884398 ], [ -75.047325492613794, 40.028300325649802 ], [ -75.047150007852196, 40.028386938096602 ], [ -75.046949535174605, 40.028490210484598 ], [ -75.046194485271997, 40.028875399201702 ], [ -75.046004640911406, 40.0286265589477 ] ] ] } },
{ "type": "Feature", "properties": { "aun": 126515001, "school_num": 6913, "location_id": "6230", "school_name": "FITLER ACADEMICS PLUS", "school_name_label": "FITLER ACADEMICS PLUS SCHOOL", "street_address": "140 W SEYMOUR ST", "zip_code": "19144", "phone_number": "(215) 400-3610", "active": null, "grade_level": "ELEMENTARY/MIDDLE", "grade_org": "K-8", "enrollment": 159, "type": 1, "type_specific": "DISTRICT", "objectid": 61, "Shape__Area": 7344.57421875, "Shape__Length": 343.6064004085365 }, "geometry": { "type": "Polygon", "coordinates": [ [ [ -75.165796471071303, 40.026201895792397 ], [ -75.165851219908006, 40.026147337010499 ], [ -75.166073742965807, 40.0259190738958 ], [ -75.166290141661406, 40.025698523798802 ], [ -75.166882302875706, 40.026016815517899 ], [ -75.166874578538398, 40.026024766659702 ], [ -75.166822576272807, 40.026078242276398 ], [ -75.1663847490682, 40.026518151945901 ], [ -75.166290359464298, 40.026467233997501 ], [ -75.165796471071303, 40.026201895792397 ] ] ] } },
{ "type": "Feature", "properties": { "aun": 126515001, "school_num": 7232, "location_id": "7350", "school_name": "LOWELL, JAMES R. SCHOOL", "school_name_label": "JAMES R. LOWELL SCHOOL", "street_address": "450 W NEDRO AVE", "zip_code": "19120", "phone_number": "(215) 400-3740", "active": null, "grade_level": "ELEMENTARY SCHOOL", "grade_org": "K-4", "enrollment": 469, "type": 1, "type_specific": "DISTRICT", "objectid": 62, "Shape__Area": 16982.6015625, "Shape__Length": 564.39085505731168 }, "geometry": { "type": "Polygon", "coordinates": [ [ [ -75.128896060181702, 40.039504637086601 ], [ -75.129666199384999, 40.0396052922585 ], [ -75.129378330387098, 40.040928128230199 ], [ -75.128607003856899, 40.040830024679202 ], [ -75.128896060181702, 40.039504637086601 ] ] ] } },
{ "type": "Feature", "properties": { "aun": 126515001, "school_num": 6522, "location_id": "4350", "school_name": "RHODES ELEMENTARY SCHOOL", "school_name_label": "E. WASHINGTON RHODES SCHOOL", "street_address": "2900 W CLEARFIELD ST", "zip_code": "19132", "phone_number": "(215) 400-7060", "active": null, "grade_level": "ELEMENTARY/MIDDLE", "grade_org": "K-8", "enrollment": 355, "type": 1, "type_specific": "DISTRICT", "objectid": 63, "Shape__Area": 31224.78125, "Shape__Length": 726.27402957978688 }, "geometry": { "type": "Polygon", "coordinates": [ [ [ -75.177673871233594, 40.001812999051602 ], [ -75.177726614391403, 40.001584892717602 ], [ -75.178892331693405, 40.001731518167603 ], [ -75.178832113183304, 40.001987199642599 ], [ -75.178975283879296, 40.002005187240897 ], [ -75.178869454084804, 40.002493406072098 ], [ -75.178710917136002, 40.003213212535499 ], [ -75.178441642404394, 40.003176392407397 ], [ -75.178353810827403, 40.003164382045497 ], [ -75.177826524662393, 40.003092281391297 ], [ -75.177775204700595, 40.003085263696597 ], [ -75.177668250967002, 40.003070632643997 ], [ -75.177596204332502, 40.0030607807876 ], [ -75.177397705436505, 40.003033636279802 ], [ -75.177391784355805, 40.0030328267081 ], [ -75.1775166969841, 40.0024926799843 ], [ -75.177560867115503, 40.0023016676884 ], [ -75.177575783664807, 40.002237135902902 ], [ -75.177621781546193, 40.002038266057703 ], [ -75.177673871233594, 40.001812999051602 ] ] ] } },
{ "type": "Feature", "properties": { "aun": 226513821, "school_num": null, "location_id": null, "school_name": "VOCATIO CAREER PREP HIGH SCHOOL", "school_name_label": "VOCATIO CAREER PREP HIGH SCHOOL", "street_address": "4455 N 6TH ST", "zip_code": "19140", "phone_number": "(267) 603-3093", "active": null, "grade_level": "HIGH SCHOOL", "grade_org": "9-12", "enrollment": null, "type": 3, "type_specific": "PRIVATE", "objectid": 64, "Shape__Area": 5361.28515625, "Shape__Length": 295.46483246063514 }, "geometry": { "type": "Polygon", "coordinates": [ [ [ -75.1367596370238, 40.019361024800098 ], [ -75.136659676143495, 40.019825497605297 ], [ -75.136020286380898, 40.019744153586203 ], [ -75.136019358999803, 40.019584352967897 ], [ -75.136014133214701, 40.019424602040097 ], [ -75.136004610890097, 40.019264967294703 ], [ -75.136164406345998, 40.019285298559097 ], [ -75.1367596370238, 40.019361024800098 ] ] ] } },
{ "type": "Feature", "properties": { "aun": 226519222, "school_num": null, "location_id": null, "school_name": "ST RAYMOND OF PENAFORT SCHOOL", "school_name_label": "ST RAYMOND SCHOOL", "street_address": "7940 WILLIAMS AVE", "zip_code": "19150", "phone_number": "(215) 548-1919", "active": "O", "grade_level": "ELEMENTARY/MIDDLE", "grade_org": "PREK-8", "enrollment": null, "type": 3, "type_specific": "PRIVATE", "objectid": 65, "Shape__Area": 27665.60546875, "Shape__Length": 760.58214122594154 }, "geometry": { "type": "Polygon", "coordinates": [ [ [ -75.166109601700995, 40.070975200842902 ], [ -75.168145832894098, 40.072143388269197 ], [ -75.167605606137101, 40.072675523443102 ], [ -75.165584130656498, 40.071515794617 ], [ -75.166109601700995, 40.070975200842902 ] ] ] } },
{ "type": "Feature", "properties": { "aun": 126515001, "school_num": 7225, "location_id": "2490", "school_name": "WARING, LAURA W. SCHOOL", "school_name_label": "LAURA W. WARING SCHOOL", "street_address": "1801 GREEN ST", "zip_code": "19130", "phone_number": "(215) 400-7560", "active": null, "grade_level": "ELEMENTARY/MIDDLE", "grade_org": "K-8", "enrollment": 196, "type": 1, "type_specific": "DISTRICT", "objectid": 66, "Shape__Area": 8228.89453125, "Shape__Length": 466.92413147788545 }, "geometry": { "type": "Polygon", "coordinates": [ [ [ -75.167598258862, 39.964703093495402 ], [ -75.168251064740204, 39.964783837992499 ], [ -75.168184770398696, 39.965089814191003 ], [ -75.1685557883835, 39.965135703072001 ], [ -75.168925636972503, 39.965181447304097 ], [ -75.168879631902698, 39.965393780538498 ], [ -75.167485955234099, 39.965221403185197 ], [ -75.167598258862, 39.964703093495402 ] ] ] } },
{ "type": "Feature", "properties": { "aun": 226512732, "school_num": null, "location_id": null, "school_name": "INTERNATIONAL CHRISTIAN HIGH SCHOOL", "school_name_label": "INTERNATIONAL CHRISTIAN HIGH SCHOOL", "street_address": "5500 TABOR AVE", "zip_code": "19120", "phone_number": "(267) 900-2000", "active": "O", "grade_level": "HIGH SCHOOL", "grade_org": "9-12", "enrollment": null, "type": 3, "type_specific": "PRIVATE", "objectid": 67, "Shape__Area": 56060.15625, "Shape__Length": 969.82190721102074 }, "geometry": { "type": "Polygon", "coordinates": [ [ [ -75.104781279674796, 40.035463972966397 ], [ -75.105073357290607, 40.035627867543297 ], [ -75.105128054354907, 40.035658559320296 ], [ -75.105191224412806, 40.035592042417797 ], [ -75.106175572758204, 40.036144382150901 ], [ -75.106167022995706, 40.036268795713397 ], [ -75.104524758504795, 40.037922883152902 ], [ -75.1036153187233, 40.037054622655702 ], [ -75.103398408794803, 40.036797053007902 ], [ -75.104197241363593, 40.036052433346597 ], [ -75.104781279674796, 40.035463972966397 ] ] ] } },
{ "type": "Feature", "properties": { "aun": 126515001, "school_num": 6767, "location_id": "7730", "school_name": "CLEMENTE, ROBERTO MIDDLE SCHOOL", "school_name_label": "ROBERTO CLEMENTE SCHOOL", "street_address": "122 W ERIE AVE", "zip_code": "19140", "phone_number": "(215) 400-3930", "active": null, "grade_level": "MIDDLE SCHOOL", "grade_org": "6-8", "enrollment": 260, "type": 1, "type_specific": "DISTRICT", "objectid": 68, "Shape__Area": 43244.79296875, "Shape__Length": 874.29695687791718 }, "geometry": { "type": "Polygon", "coordinates": [ [ [ -75.129628011828402, 40.005344581573702 ], [ -75.130417939822394, 40.0053352931238 ], [ -75.130263583794203, 40.006056444017098 ], [ -75.130550399375693, 40.006849895307397 ], [ -75.128752010846299, 40.007234310648798 ], [ -75.128649301526906, 40.006950154056902 ], [ -75.128987678669205, 40.005372533238699 ], [ -75.129626449914298, 40.005387971963799 ], [ -75.129628011828402, 40.005344581573702 ] ] ] } },
{ "type": "Feature", "properties": { "aun": 126515001, "school_num": null, "location_id": "5660", "school_name": "THE LINC", "school_name_label": "THE LINC", "street_address": "122 W ERIE AVE", "zip_code": "19140", "phone_number": "(215) 400-3940", "active": null, "grade_level": "HIGH SCHOOL", "grade_org": "9-12", "enrollment": 223, "type": 1, "type_specific": "DISTRICT", "objectid": 69, "Shape__Area": 43244.79296875, "Shape__Length": 874.29695687791718 }, "geometry": { "type": "Polygon", "coordinates": [ [ [ -75.129628011828402, 40.005344581573702 ], [ -75.130417939822394, 40.0053352931238 ], [ -75.130263583794203, 40.006056444017098 ], [ -75.130550399375693, 40.006849895307397 ], [ -75.128752010846299, 40.007234310648798 ], [ -75.128649301526906, 40.006950154056902 ], [ -75.128987678669205, 40.005372533238699 ], [ -75.129626449914298, 40.005387971963799 ], [ -75.129628011828402, 40.005344581573702 ] ] ] } },
{ "type": "Feature", "properties": { "aun": 126515001, "school_num": 3693, "location_id": "5330", "school_name": "HUNTER, WILLIAM H. SCHOOL", "school_name_label": "WILLIAM H. HUNTER SCHOOL", "street_address": "2400 N FRONT ST", "zip_code": "19133", "phone_number": "(215) 400-7110", "active": null, "grade_level": "ELEMENTARY/MIDDLE", "grade_org": "K-8", "enrollment": 385, "type": 1, "type_specific": "DISTRICT", "objectid": 70, "Shape__Area": 19255.01953125, "Shape__Length": 592.01210342611262 }, "geometry": { "type": "Polygon", "coordinates": [ [ [ -75.131682727866703, 39.987759057454703 ], [ -75.131695587817504, 39.9876967408346 ], [ -75.131705270929004, 39.9876477792698 ], [ -75.131714693282902, 39.987599086568601 ], [ -75.131722177468106, 39.987560940077699 ], [ -75.131729607000693, 39.987526983233302 ], [ -75.131736416725602, 39.987494367166001 ], [ -75.131746849689605, 39.987445019495901 ], [ -75.131757378187004, 39.987395851956997 ], [ -75.131759226708397, 39.987387060699902 ], [ -75.131767644711999, 39.987346984789802 ], [ -75.131777722890106, 39.987300837800298 ], [ -75.1317876571093, 39.987252993598901 ], [ -75.131797917347001, 39.987204820075704 ], [ -75.131808337774203, 39.987156326963301 ], [ -75.131819528768105, 39.987106835522397 ], [ -75.131829612087301, 39.987057818881603 ], [ -75.131839344242493, 39.987008149996498 ], [ -75.131849812421805, 39.986958948413303 ], [ -75.131870004636298, 39.986861350455399 ], [ -75.131880391858601, 39.986812082825502 ], [ -75.131890670405298, 39.986762329541001 ], [ -75.131900951657798, 39.9867125436555 ], [ -75.131911077248702, 39.9866645923099 ], [ -75.131914668922406, 39.986646474657398 ], [ -75.131920463967106, 39.986617348308201 ], [ -75.131931202866497, 39.986568185557303 ], [ -75.131942529445993, 39.986512475621502 ], [ -75.131954321372703, 39.986458291148502 ], [ -75.131965462501896, 39.9864041244915 ], [ -75.132011777173503, 39.986410048746997 ], [ -75.132249878426506, 39.986440530441897 ], [ -75.132276133474406, 39.986443885283499 ], [ -75.132347075978601, 39.986452951424702 ], [ -75.132375044126107, 39.986456457943198 ], [ -75.132423134615095, 39.9864625036248 ], [ -75.132435334908294, 39.986464039930397 ], [ -75.132672891739702, 39.986494524090702 ], [ -75.1327075499768, 39.986498973741597 ], [ -75.132781702574107, 39.986508482235699 ], [ -75.132817570034405, 39.986513088950197 ], [ -75.132812058874805, 39.9865402541962 ], [ -75.132774262946398, 39.986726562226501 ], [ -75.1327645538708, 39.986774587330501 ], [ -75.1327548846794, 39.986824274608303 ], [ -75.132744609392603, 39.986872287925699 ], [ -75.132734572080906, 39.986920128716697 ], [ -75.132713705726303, 39.987019484191997 ], [ -75.132624049117595, 39.987449728876101 ], [ -75.132615176170404, 39.987493453750297 ], [ -75.132607363441394, 39.987531400201497 ], [ -75.132597959100593, 39.987573678074199 ], [ -75.132589722216807, 39.987614499257802 ], [ -75.132581619785498, 39.987651793741897 ], [ -75.132559649078203, 39.987762391329703 ], [ -75.132547070514605, 39.987816895801501 ], [ -75.132536645107706, 39.987867162749502 ], [ -75.132535847847606, 39.987870980681599 ], [ -75.132306952391204, 39.9878418381928 ], [ -75.132253570926295, 39.987834914948102 ], [ -75.132201825463198, 39.9878285110413 ], [ -75.132152562993596, 39.987822342823499 ], [ -75.132064578210503, 39.987810099197198 ], [ -75.131682211736702, 39.9877615448992 ], [ -75.131682727866703, 39.987759057454703 ] ] ] } },
{ "type": "Feature", "properties": { "aun": 126515001, "school_num": 3841, "location_id": "4060", "school_name": "DOBBINS, MURRELL HIGH SCHOOL", "school_name_label": "MURRELL DOBBINS CAREER AND TECHNICAL HIGH SCHOOL", "street_address": "2150 W LEHIGH AVE", "zip_code": "19132", "phone_number": "(215) 400-7050", "active": null, "grade_level": "HIGH SCHOOL", "grade_org": "9-12", "enrollment": 582, "type": 1, "type_specific": "DISTRICT", "objectid": 71, "Shape__Area": 28703.8828125, "Shape__Length": 663.10488765096875 }, "geometry": { "type": "Polygon", "coordinates": [ [ [ -75.167734805555497, 39.994354918329897 ], [ -75.167482152767207, 39.995519887204502 ], [ -75.166154532741302, 39.995343579842 ], [ -75.165919665385502, 39.995312355948002 ], [ -75.1660841732309, 39.994517466242499 ], [ -75.166687457274406, 39.994220593686002 ], [ -75.166825053671005, 39.994239149439601 ], [ -75.166850458255595, 39.994242381395097 ], [ -75.167734805555497, 39.994354918329897 ] ] ] } },
{ "type": "Feature", "properties": { "aun": 226515695, "school_num": null, "location_id": null, "school_name": "SAINTS TABERNACLE DAY SCHOOL", "school_name_label": "SAINTS TABERNACLE DAY SCHOOL", "street_address": "5800 N MARVINE ST", "zip_code": "19141", "phone_number": "(215) 548-6011 ", "active": null, "grade_level": "ELEMENTARY SCHOOL", "grade_org": "PREK-5", "enrollment": null, "type": 3, "type_specific": "PRIVATE", "objectid": 72, "Shape__Area": 483.28125, "Shape__Length": 91.106594454747466 }, "geometry": { "type": "Polygon", "coordinates": [ [ [ -75.139707931223896, 40.041031423588102 ], [ -75.139711827429906, 40.041014666418299 ], [ -75.139721974569397, 40.040995134245399 ], [ -75.139724647036701, 40.040991599903698 ], [ -75.139733507354407, 40.040979921293101 ], [ -75.139752790954901, 40.040961111449597 ], [ -75.139776879988602, 40.0409449911024 ], [ -75.139784816112495, 40.040941529069201 ], [ -75.139835093710303, 40.040937561669899 ], [ -75.139859003359206, 40.040936427963402 ], [ -75.139884623392803, 40.040936123763501 ], [ -75.1399048193271, 40.040936146815 ], [ -75.139934927269607, 40.040937492087203 ], [ -75.139971969875305, 40.040939010693997 ], [ -75.139982103997397, 40.0409394346879 ], [ -75.139983274851005, 40.040939509722698 ], [ -75.139984405316696, 40.040939568071799 ], [ -75.140006589000393, 40.040940828998501 ], [ -75.140011335181498, 40.040941211654399 ], [ -75.140010958471194, 40.0409428147955 ], [ -75.140001066077502, 40.040986242219603 ], [ -75.139990933014403, 40.041031583348598 ], [ -75.139983289900798, 40.041067277061401 ], [ -75.139956160169604, 40.041063742419603 ], [ -75.139715632816703, 40.041032420788 ], [ -75.139707931223896, 40.041031423588102 ] ] ] } },
{ "type": "Feature", "properties": { "aun": null, "school_num": null, "location_id": null, "school_name": "PHILADELPHIA PERFORMING ARTS CHARTER: STRING THEORY (E. CAMPUS)", "school_name_label": "PHILADELPHIA PERFORMING ARTS CHARTER: STRING THEORY (E. CAMPUS)", "street_address": "2407 S BROAD ST", "zip_code": "19148", "phone_number": "(215) 278-2460", "active": null, "grade_level": "ELEMENTARY SCHOOL", "grade_org": "K-1", "enrollment": null, "type": 2, "type_specific": "CHARTER", "objectid": 73, "Shape__Area": 1388.16796875, "Shape__Length": 150.66814131915623 }, "geometry": { "type": "Polygon", "coordinates": [ [ [ -75.170411996387898, 39.920151311026402 ], [ -75.170400999304206, 39.920200003374198 ], [ -75.170390318564202, 39.920249186007602 ], [ -75.170380596013601, 39.920298519718401 ], [ -75.170368966094301, 39.920346811516403 ], [ -75.170358880998293, 39.920397410879502 ], [ -75.170299550201094, 39.920389111193899 ], [ -75.170073951075395, 39.920359839691997 ], [ -75.170084209879604, 39.9203101801873 ], [ -75.170095068102796, 39.920260759422902 ], [ -75.170105300013802, 39.920211807734901 ], [ -75.170116167425306, 39.920162645091501 ], [ -75.170126351940397, 39.920114401885201 ], [ -75.170136869657497, 39.920066166175403 ], [ -75.170421607991301, 39.920104360255003 ], [ -75.170411996387898, 39.920151311026402 ] ] ] } },
{ "type": "Feature", "properties": { "aun": 126515001, "school_num": 7664, "location_id": "2410", "school_name": "GIRARD ACADEMIC MUSIC PROGRAM", "school_name_label": "GIRARD ACADEMIC MUSIC PROGRAM", "street_address": "2136 W RITNER ST", "zip_code": "19145", "phone_number": "(215) 400-8230", "active": null, "grade_level": "MIDDLE/HIGH", "grade_org": "5-12", "enrollment": 635, "type": 1, "type_specific": "DISTRICT", "objectid": 74, "Shape__Area": 11750.515625, "Shape__Length": 433.93045409374906 }, "geometry": { "type": "Polygon", "coordinates": [ [ [ -75.182538174319006, 39.922121696203398 ], [ -75.1825520993266, 39.922060091624303 ], [ -75.182564373617296, 39.9220028819324 ], [ -75.182576501946301, 39.921946360497699 ], [ -75.182589895835605, 39.921883944375601 ], [ -75.182602956197798, 39.921823077281601 ], [ -75.182616366167196, 39.9217605826789 ], [ -75.182630067354296, 39.921696728437098 ], [ -75.182642893286399, 39.921636954198704 ], [ -75.182655482951802, 39.921578284039299 ], [ -75.182668951424702, 39.921515515933898 ], [ -75.182681828734204, 39.921455425236303 ], [ -75.182702517506698, 39.9213589936993 ], [ -75.182724031475104, 39.921361745942797 ], [ -75.182791027636597, 39.921370318890901 ], [ -75.182873963857801, 39.921380931312697 ], [ -75.182953176435305, 39.921391066117401 ], [ -75.183037240915795, 39.921401821936797 ], [ -75.183118621062903, 39.921412234909504 ], [ -75.183184671123499, 39.921420686208201 ], [ -75.183264236034603, 39.921430866976202 ], [ -75.183337216811694, 39.921440204275797 ], [ -75.1834109385441, 39.921449636952197 ], [ -75.183489944554196, 39.921459745359897 ], [ -75.183563934185102, 39.921469212090003 ], [ -75.183638740516301, 39.921478782647199 ], [ -75.183546425667899, 39.921871085613603 ], [ -75.183467825681802, 39.922205053200599 ], [ -75.183459947552606, 39.9222385183661 ], [ -75.182538174319006, 39.922121696203398 ] ] ] } },
{ "type": "Feature", "properties": { "aun": 226511502, "school_num": null, "location_id": null, "school_name": "OUR LADY OF HOPE REGIONAL CATHOLIC SCHOOL", "school_name_label": "OUR LADY OF HOPE", "street_address": "1248 JACKSON ST", "zip_code": "19148", "phone_number": "(215) 467-5385", "active": "O", "grade_level": "ELEMENTARY/MIDDLE", "grade_org": "PREK-8", "enrollment": null, "type": 3, "type_specific": "ARCHDIOCESE", "objectid": 75, "Shape__Area": 2703.01171875, "Shape__Length": 209.71914319277354 }, "geometry": { "type": "Polygon", "coordinates": [ [ [ -75.167245311356496, 39.922720647552403 ], [ -75.167280299221702, 39.922557996972799 ], [ -75.167312798181001, 39.922410684182701 ], [ -75.167327463918895, 39.922412610435899 ], [ -75.167541265801404, 39.922440686712797 ], [ -75.1678370192854, 39.9224795225349 ], [ -75.167772194627105, 39.922783388795402 ], [ -75.167770949216504, 39.922789180184601 ], [ -75.167245311356496, 39.922720647552403 ] ] ] } },
{ "type": "Feature", "properties": { "aun": 326517786, "school_num": null, "location_id": null, "school_name": "QUADRAT ACADEMY", "school_name_label": "QUADRAT ACADEMY", "street_address": "222 BROWN ST", "zip_code": "19123", "phone_number": "(267) 997-7744", "active": null, "grade_level": "MIDDLE/HIGH", "grade_org": "6-12", "enrollment": null, "type": 3, "type_specific": "PRIVATE", "objectid": 76, "Shape__Area": 3129.5390625, "Shape__Length": 238.5473000034265 }, "geometry": { "type": "Polygon", "coordinates": [ [ [ -75.1423331775447, 39.9632030706452 ], [ -75.142184493226196, 39.963169499073203 ], [ -75.142173444558694, 39.963167006647602 ], [ -75.1420056328421, 39.963129098651201 ], [ -75.1420034317226, 39.963128596979601 ], [ -75.1420708149559, 39.962821045186701 ], [ -75.142122120165496, 39.962586908157 ], [ -75.142330153530096, 39.962635676359298 ], [ -75.142454710173894, 39.962664702250898 ], [ -75.142461749310399, 39.962665797042497 ], [ -75.142346012214801, 39.963205974193201 ], [ -75.1423331775447, 39.9632030706452 ] ] ] } },
{ "type": "Feature", "properties": { "aun": 126513160, "school_num": 7575, "location_id": "3306", "school_name": "CHRISTOPHER COLUMBUS CHARTER", "school_name_label": "CHRISTOPHER COLUMBUS CHARTER SCHOOL", "street_address": "916 CHRISTIAN ST", "zip_code": "19147", "phone_number": "(215) 925-7400", "active": null, "grade_level": "ELEMENTARY SCHOOL", "grade_org": "K-4", "enrollment": 842, "type": 2, "type_specific": "CHARTER", "objectid": 77, "Shape__Area": 4504.40625, "Shape__Length": 268.72715883852618 }, "geometry": { "type": "Polygon", "coordinates": [ [ [ -75.158297729877503, 39.938957644280997 ], [ -75.158345926179294, 39.938739357923197 ], [ -75.158357793388106, 39.938684077175097 ], [ -75.158373597842697, 39.938602399959997 ], [ -75.1584049627442, 39.938473488195399 ], [ -75.158961639301296, 39.9385443716818 ], [ -75.158929835262498, 39.9386936163923 ], [ -75.158928962331302, 39.938702236309503 ], [ -75.158921638200894, 39.938740565720501 ], [ -75.1589110080062, 39.938782639632201 ], [ -75.158903796934496, 39.938825678290399 ], [ -75.158902361079299, 39.9388325611664 ], [ -75.158860096271098, 39.939028253540002 ], [ -75.158297729877503, 39.938957644280997 ] ] ] } },
{ "type": "Feature", "properties": { "aun": 126515001, "school_num": 3645, "location_id": "5480", "school_name": "KEARNY, GEN. PHILIP SCHOOL", "school_name_label": "GENERAL PHILIP KEARNY SCHOOL", "street_address": "601 FAIRMOUNT AVE", "zip_code": "19123", "phone_number": "(215) 400-7590", "active": null, "grade_level": "ELEMENTARY/MIDDLE", "grade_org": "K-8", "enrollment": 190, "type": 1, "type_specific": "DISTRICT", "objectid": 78, "Shape__Area": 8408.88671875, "Shape__Length": 386.84681636977422 }, "geometry": { "type": "Polygon", "coordinates": [ [ [ -75.147768192058095, 39.964489700481401 ], [ -75.147741864317098, 39.964481914333298 ], [ -75.147744979802198, 39.964465655114701 ], [ -75.147763369068301, 39.964369530043697 ], [ -75.147775081202695, 39.964308781915697 ], [ -75.147786374675903, 39.964249104390298 ], [ -75.147797705496799, 39.964189024504499 ], [ -75.147808910140995, 39.964130021855098 ], [ -75.1478231842231, 39.964054355733602 ], [ -75.147829176980196, 39.964022589874602 ], [ -75.147831650644406, 39.964009443767097 ], [ -75.1479009936767, 39.9636413061355 ], [ -75.147901337836501, 39.963639428554501 ], [ -75.1481633974673, 39.963716298880598 ], [ -75.148485887712894, 39.963810884480502 ], [ -75.148472124194996, 39.963884208326803 ], [ -75.148448284894201, 39.964011112671102 ], [ -75.148416694387507, 39.964178478420301 ], [ -75.148405757004099, 39.964235408071801 ], [ -75.1483949793286, 39.9642914538383 ], [ -75.148384039665103, 39.964348480296401 ], [ -75.148373384451304, 39.964405722690998 ], [ -75.148363262906599, 39.9644566734191 ], [ -75.148362222608796, 39.9644619376961 ], [ -75.148352308728903, 39.964517326154898 ], [ -75.148325974517803, 39.964654634760997 ], [ -75.147768192058095, 39.964489700481401 ] ] ] } },
{ "type": "Feature", "properties": { "aun": 126518795, "school_num": 3721, "location_id": "3426", "school_name": "MASTERY CHARTER @ PASTORIUS", "school_name_label": "MASTERY CHARTER SCHOOL AT PASTORIUS", "street_address": "5650 SPRAGUE ST", "zip_code": "19138", "phone_number": "(215) 951-5689", "active": null, "grade_level": "ELEMENTARY/MIDDLE", "grade_org": "K-8", "enrollment": 645, "type": 2, "type_specific": "CHARTER", "objectid": 79, "Shape__Area": 18103.2890625, "Shape__Length": 538.6873434593798 }, "geometry": { "type": "Polygon", "coordinates": [ [ [ -75.1607074248586, 40.047900090725697 ], [ -75.161481686347898, 40.047139275429799 ], [ -75.161834279632899, 40.047348524504201 ], [ -75.162391159707894, 40.047679000325402 ], [ -75.162397517662697, 40.047682785887403 ], [ -75.162113561854198, 40.047961017403303 ], [ -75.162069265471501, 40.048004413584302 ], [ -75.161619707007802, 40.0484448979403 ], [ -75.161608920177201, 40.048438464928999 ], [ -75.1607074248586, 40.047900090725697 ] ] ] } },
{ "type": "Feature", "properties": { "aun": 126515001, "school_num": 3844, "location_id": "6030", "school_name": "ROXBOROUGH HIGH SCHOOL", "school_name_label": "ROXBOROUGH HIGH SCHOOL", "street_address": "6498 RIDGE AVE", "zip_code": "19128", "phone_number": "(215) 400-3400", "active": null, "grade_level": "HIGH SCHOOL", "grade_org": "9-12", "enrollment": 613, "type": 1, "type_specific": "DISTRICT", "objectid": 80, "Shape__Area": 34325.125, "Shape__Length": 793.24357652218805 }, "geometry": { "type": "Polygon", "coordinates": [ [ [ -75.221422533914506, 40.0374759720603 ], [ -75.223646274224805, 40.0365090957973 ], [ -75.224307076060896, 40.037344513420003 ], [ -75.223843780385593, 40.037560303765197 ], [ -75.223189367622595, 40.0378651231917 ], [ -75.222915504861803, 40.037992681037402 ], [ -75.222890523797801, 40.038001775460799 ], [ -75.222863950740106, 40.038007623926802 ], [ -75.222836493295304, 40.0380100719401 ], [ -75.222808883576903, 40.038009054518199 ], [ -75.222781856159898, 40.0380045979595 ], [ -75.222756133398306, 40.037996820646299 ], [ -75.222124086031101, 40.0377297423546 ], [ -75.221988667672406, 40.037674911865999 ], [ -75.221851310489697, 40.037623006195702 ], [ -75.221712124310599, 40.037574066047 ], [ -75.221422533914506, 40.0374759720603 ] ] ] } },
{ "type": "Feature", "properties": { "aun": 126513440, "school_num": 7665, "location_id": "3333", "school_name": "ESPERANZA ACADEMY CHARTER", "school_name_label": "ESPERANZA ACADEMY CHARTER SCHOOL", "street_address": "301 W HUNTING PARK AVE", "zip_code": "19140", "phone_number": "(215) 457-3667", "active": null, "grade_level": "HIGH SCHOOL", "grade_org": "9-12", "enrollment": 1643, "type": 2, "type_specific": "CHARTER", "objectid": 81, "Shape__Area": 11049.6953125, "Shape__Length": 580.09909866805083 }, "geometry": { "type": "Polygon", "coordinates": [ [ [ -75.132959508972206, 40.014909730953697 ], [ -75.134458750579, 40.015106245898799 ], [ -75.134510447051298, 40.0152286697273 ], [ -75.134464572920194, 40.0154339174575 ], [ -75.134430393317501, 40.0154173822174 ], [ -75.1340969327143, 40.0153157784681 ], [ -75.133921669321595, 40.015289728332398 ], [ -75.133744390985299, 40.015273623241001 ], [ -75.133673606131097, 40.015270893073399 ], [ -75.133602945940893, 40.015275113722097 ], [ -75.133533558455596, 40.015286217867498 ], [ -75.133466575565905, 40.015304025196698 ], [ -75.133403085120705, 40.015328244020303 ], [ -75.133231647103202, 40.015305598021499 ], [ -75.132316159655602, 40.015187664139603 ], [ -75.132396505933599, 40.014836184024396 ], [ -75.132959508972206, 40.014909730953697 ] ] ] } },
{ "type": "Feature", "properties": { "aun": 126515001, "school_num": null, "location_id": "5620", "school_name": "THE U SCHOOL", "school_name_label": "THE U SCHOOL", "street_address": "2000 N 7TH ST", "zip_code": "19122", "phone_number": "(215) 400-7460", "active": null, "grade_level": "HIGH SCHOOL", "grade_org": "9-12", "enrollment": 195, "type": 1, "type_specific": "DISTRICT", "objectid": 82, "Shape__Area": 10429.14453125, "Shape__Length": 460.84417763426399 }, "geometry": { "type": "Polygon", "coordinates": [ [ [ -75.146172347220798, 39.983069595450701 ], [ -75.1458899084476, 39.983030975601103 ], [ -75.146111664156393, 39.981882886047899 ], [ -75.146673433774694, 39.981960722674799 ], [ -75.146422832701404, 39.983103970100302 ], [ -75.1462251307006, 39.983076811815302 ], [ -75.146172347220798, 39.983069595450701 ] ] ] } },
{ "type": "Feature", "properties": { "aun": 126510019, "school_num": 7856, "location_id": "3386", "school_name": "NORTHWOOD CHARTER SCHOOL", "school_name_label": "NORTHWOOD ACADEMY CHARTER SCHOOL", "street_address": "4621 CASTOR AVE", "zip_code": "19124", "phone_number": "(215) 289-5606", "active": null, "grade_level": "ELEMENTARY/MIDDLE", "grade_org": "K-8", "enrollment": 796, "type": 2, "type_specific": "CHARTER", "objectid": 83, "Shape__Area": 12311.23046875, "Shape__Length": 582.46961046824913 }, "geometry": { "type": "Polygon", "coordinates": [ [ [ -75.094043171241793, 40.020486703311803 ], [ -75.094132335607796, 40.0203282889441 ], [ -75.094198355977198, 40.020211042535202 ], [ -75.094238057432406, 40.020137340380302 ], [ -75.094252370173194, 40.020112878288401 ], [ -75.094259593294595, 40.020099746060701 ], [ -75.094321131348295, 40.019985587841198 ], [ -75.094357077258806, 40.019923211535001 ], [ -75.094684846481599, 40.020029947040697 ], [ -75.094771783761203, 40.0200586201411 ], [ -75.094857176089604, 40.0200866447463 ], [ -75.0948854860968, 40.019642172114899 ], [ -75.095060446373395, 40.019651441297398 ], [ -75.095194923886496, 40.019659515208097 ], [ -75.095278088849099, 40.019662453873501 ], [ -75.095568465905203, 40.019676113809197 ], [ -75.095681233554302, 40.019682315710199 ], [ -75.095187870516895, 40.020194736024997 ], [ -75.095133663813002, 40.020251225602102 ], [ -75.095022336577699, 40.020365248966399 ], [ -75.095001788535996, 40.020388308908899 ], [ -75.094838617560796, 40.0205578603235 ], [ -75.094649716568497, 40.0204981033393 ], [ -75.094594977572498, 40.020479733608397 ], [ -75.094495078621406, 40.020670849808397 ], [ -75.094394105184307, 40.020638095713998 ], [ -75.094324485909695, 40.020615819253401 ], [ -75.094249148850594, 40.020590702897202 ], [ -75.094024519393002, 40.020519173211603 ], [ -75.094043171241793, 40.020486703311803 ] ] ] } },
{ "type": "Feature", "properties": { "aun": 126515001, "school_num": 3626, "location_id": "4560", "school_name": "KELLEY, WILLIAM D. SCHOOL", "school_name_label": "WILLIAM D. KELLEY SCHOOL", "street_address": "1601 N 28TH ST", "zip_code": "19121", "phone_number": "(215) 400-7370", "active": null, "grade_level": "ELEMENTARY/MIDDLE", "grade_org": "K-8", "enrollment": 202, "type": 1, "type_specific": "DISTRICT", "objectid": 84, "Shape__Area": 11481.75, "Shape__Length": 495.66664535638557 }, "geometry": { "type": "Polygon", "coordinates": [ [ [ -75.180472003594403, 39.9802249911396 ], [ -75.180209346430203, 39.981491538932502 ], [ -75.179662438124495, 39.9814218563792 ], [ -75.179925315458306, 39.980157491611102 ], [ -75.180472003594403, 39.9802249911396 ] ] ] } },
{ "type": "Feature", "properties": { "aun": 126515001, "school_num": 8332, "location_id": "5610", "school_name": "BUILDING 21", "school_name_label": "BUILDING 21", "street_address": "6501 LIMEKILN PIKE", "zip_code": "19138", "phone_number": "(215) 400-7450", "active": null, "grade_level": "HIGH SCHOOL", "grade_org": "9-12", "enrollment": 371, "type": 1, "type_specific": "DISTRICT", "objectid": 85, "Shape__Area": 18352.33203125, "Shape__Length": 544.73165136063153 }, "geometry": { "type": "Polygon", "coordinates": [ [ [ -75.152762274832497, 40.053128283206298 ], [ -75.152746252404, 40.053320521113399 ], [ -75.152734148374506, 40.0534657604885 ], [ -75.1526796078563, 40.054120541697699 ], [ -75.152052947217598, 40.054130390400303 ], [ -75.151491520798302, 40.054139214231 ], [ -75.151635072978905, 40.053167354850302 ], [ -75.152762274832497, 40.053128283206298 ] ] ] } },
{ "type": "Feature", "properties": { "aun": 226517252, "school_num": null, "location_id": null, "school_name": "ST MARTIN DE PORRES SCHOOL", "school_name_label": "ST MARTIN DE PORRES SCHOOL", "street_address": "2300-36 W LEHIGH AVE", "zip_code": "19132", "phone_number": "(215) 223-6872", "active": "O", "grade_level": "ELEMENTARY/MIDDLE", "grade_org": "PREK-8", "enrollment": null, "type": 3, "type_specific": "PRIVATE", "objectid": 86, "Shape__Area": 8922.53125, "Shape__Length": 398.32519132869709 }, "geometry": { "type": "Polygon", "coordinates": [ [ [ -75.169303020091604, 39.995730597796403 ], [ -75.169403088705096, 39.995268129443097 ], [ -75.170561724096501, 39.995422469005298 ], [ -75.170465112360901, 39.995884612673201 ], [ -75.169303020091604, 39.995730597796403 ] ] ] } },
{ "type": "Feature", "properties": { "aun": 226510132, "school_num": null, "location_id": null, "school_name": "AL-AQSA ISLAMIC SCHOOL", "school_name_label": "AL-AQSA ISLAMIC SCHOOL", "street_address": "1501-11 GERMANTOWN AVE", "zip_code": "19122", "phone_number": "(215) 765-6660", "active": "O", "grade_level": "ELEMENTARY/MIDDLE/HIGH", "grade_org": "K-12", "enrollment": null, "type": 3, "type_specific": "PRIVATE", "objectid": 87, "Shape__Area": 3472.21875, "Shape__Length": 245.07288816970748 }, "geometry": { "type": "Polygon", "coordinates": [ [ [ -75.141024881176193, 39.974000965681697 ], [ -75.141009995991496, 39.9739483014774 ], [ -75.140990426078602, 39.973876283783397 ], [ -75.1409877635557, 39.9738665192315 ], [ -75.141669375338907, 39.973752039824397 ], [ -75.141673134063396, 39.973763795757399 ], [ -75.141695713745605, 39.973834382655902 ], [ -75.141712038525299, 39.9738888364761 ], [ -75.141728205196699, 39.973942528714197 ], [ -75.141759636721602, 39.974050488484899 ], [ -75.141069375475794, 39.974164837165603 ], [ -75.141040295230397, 39.9740573169545 ], [ -75.141028115428, 39.974011662274499 ], [ -75.141024881176193, 39.974000965681697 ] ] ] } },
{ "type": "Feature", "properties": { "aun": 226518422, "school_num": null, "location_id": null, "school_name": "ST LAURENTIUS SCHOOL", "school_name_label": "ST LAURENTIUS SCHOOL", "street_address": "1612 E BERKS ST", "zip_code": "19125", "phone_number": "(215) 423-8834", "active": "O", "grade_level": "ELEMENTARY/MIDDLE", "grade_org": "PREK-8", "enrollment": null, "type": 3, "type_specific": "ARCHDIOCESE", "objectid": 88, "Shape__Area": 1887.8671875, "Shape__Length": 179.57585497976146 }, "geometry": { "type": "Polygon", "coordinates": [ [ [ -75.129786667374205, 39.976928123101104 ], [ -75.129433616236796, 39.976795225274998 ], [ -75.129467298209207, 39.976739622856897 ], [ -75.129461819719495, 39.976737658530801 ], [ -75.129554723943897, 39.976591956561201 ], [ -75.129631607289397, 39.976620971599402 ], [ -75.129682170822804, 39.976541666795903 ], [ -75.129964887005698, 39.976648593171397 ], [ -75.129888540540406, 39.976766831798997 ], [ -75.129786667374205, 39.976928123101104 ] ] ] } },
{ "type": "Feature", "properties": { "aun": 126515001, "school_num": 7245, "location_id": "1100", "school_name": "SAYRE, WILLIAM L. HIGH SCHOOL", "school_name_label": "WILLIAM L. SAYRE HIGH SCHOOL", "street_address": "5800 WALNUT ST", "zip_code": "19139", "phone_number": "(215) 400-7800", "active": null, "grade_level": "HIGH SCHOOL", "grade_org": "9-12", "enrollment": 447, "type": 1, "type_specific": "DISTRICT", "objectid": 89, "Shape__Area": 56816.08203125, "Shape__Length": 1026.237366208748 }, "geometry": { "type": "Polygon", "coordinates": [ [ [ -75.237860074241496, 39.957017826887203 ], [ -75.237865548720805, 39.956992704273901 ], [ -75.237866843715494, 39.956986574332703 ], [ -75.238141371760705, 39.9570187153397 ], [ -75.238176008269093, 39.956856328370002 ], [ -75.238204387184695, 39.956725559937503 ], [ -75.238232405262906, 39.956593187713302 ], [ -75.238260427974595, 39.956460687194003 ], [ -75.238269380843093, 39.956453064827002 ], [ -75.238315326444507, 39.9562346211559 ], [ -75.238320935403195, 39.956235308202899 ], [ -75.239132956581798, 39.956333777387599 ], [ -75.239193345568694, 39.956341095177997 ], [ -75.239276569102103, 39.956351185430798 ], [ -75.2392225799057, 39.956610510561198 ], [ -75.239733006820103, 39.956685061874197 ], [ -75.239735026966002, 39.956685363986303 ], [ -75.239538779857796, 39.957612274150399 ], [ -75.239498055617801, 39.957804591043498 ], [ -75.239367319112205, 39.958422119732703 ], [ -75.239337301277899, 39.958563894230899 ], [ -75.239154719687903, 39.958540893166003 ], [ -75.237911996312803, 39.958384379355401 ], [ -75.237579549911302, 39.9583425069778 ], [ -75.237571919393901, 39.958341550378996 ], [ -75.237858687572697, 39.957024180069503 ], [ -75.237860074241496, 39.957017826887203 ] ] ] } },
{ "type": "Feature", "properties": { "aun": 126515001, "school_num": 7229, "location_id": "6460", "school_name": "HILL-FREEDMAN WORLD ACADEMY", "school_name_label": "HILL-FREEDMAN WORLD ACADEMY", "street_address": "1100 E MT PLEASANT AVE", "zip_code": "19150", "phone_number": "(215) 400-3530", "active": null, "grade_level": "MIDDLE/HIGH", "grade_org": "6-12", "enrollment": 641, "type": 1, "type_specific": "DISTRICT", "objectid": 90, "Shape__Area": 44729.671875, "Shape__Length": 863.53529166217049 }, "geometry": { "type": "Polygon", "coordinates": [ [ [ -75.176132726938803, 40.070642283199803 ], [ -75.174733717562205, 40.072066571468 ], [ -75.173498052272606, 40.071365038529798 ], [ -75.174878292902406, 40.069930105557098 ], [ -75.176132726938803, 40.070642283199803 ] ] ] } },
{ "type": "Feature", "properties": { "aun": 126513270, "school_num": 7586, "location_id": "3318", "school_name": "FREIRE CHARTER SCHOOL", "school_name_label": "FREIRE CHARTER SCHOOL", "street_address": "2027 CHESTNUT ST", "zip_code": "19103", "phone_number": "(215) 557-8555", "active": null, "grade_level": "HIGH SCHOOL", "grade_org": "9-12", "enrollment": 1020, "type": 2, "type_specific": "CHARTER", "objectid": 91, "Shape__Area": 1538.52734375, "Shape__Length": 175.48588408185103 }, "geometry": { "type": "Polygon", "coordinates": [ [ [ -75.174381565178606, 39.952697298770801 ], [ -75.174269453462401, 39.952684335436999 ], [ -75.174364502612505, 39.952252266731399 ], [ -75.174575153039996, 39.952277033576003 ], [ -75.174578677233896, 39.952277450576403 ], [ -75.174512530845703, 39.952583612006698 ], [ -75.1744841455684, 39.952709144738101 ], [ -75.174381565178606, 39.952697298770801 ] ] ] } },
{ "type": "Feature", "properties": { "aun": 126515001, "school_num": 3803, "location_id": "8400", "school_name": "FRANK, ANNE SCHOOL", "school_name_label": "ANNE FRANK SCHOOL", "street_address": "2000 BOWLER ST", "zip_code": "19115", "phone_number": "(215) 400-3070", "active": null, "grade_level": "ELEMENTARY SCHOOL", "grade_org": "K-5", "enrollment": 1622, "type": 1, "type_specific": "DISTRICT", "objectid": 92, "Shape__Area": 40154.296875, "Shape__Length": 801.5470856926612 }, "geometry": { "type": "Polygon", "coordinates": [ [ [ -75.027291073974695, 40.087864790749798 ], [ -75.027735917344501, 40.087400546696102 ], [ -75.027785446569396, 40.087348860596798 ], [ -75.0281793328909, 40.0869377821355 ], [ -75.028226758064093, 40.086888302046802 ], [ -75.028346339664395, 40.086763491666602 ], [ -75.028349521300797, 40.086765292521001 ], [ -75.029795247137898, 40.087582456993303 ], [ -75.028735971383995, 40.088692426723703 ], [ -75.027283493098295, 40.087872703758002 ], [ -75.027291073974695, 40.087864790749798 ] ] ] } },
{ "type": "Feature", "properties": { "aun": 126515001, "school_num": 3709, "location_id": "6220", "school_name": "EMLEN, ELEANOR C. SCHOOL", "school_name_label": "ELEANOR C. EMLEN SCHOOL", "street_address": "6501 CHEW AVE", "zip_code": "19119", "phone_number": "(215) 400-3470", "active": null, "grade_level": "ELEMENTARY SCHOOL", "grade_org": "K-5", "enrollment": 267, "type": 1, "type_specific": "DISTRICT", "objectid": 93, "Shape__Area": 15639.2578125, "Shape__Length": 515.07561068795428 }, "geometry": { "type": "Polygon", "coordinates": [ [ [ -75.177483847608201, 40.054818146363601 ], [ -75.177416763705907, 40.054777390663901 ], [ -75.177135110077799, 40.054606270972599 ], [ -75.177119400045001, 40.054596726609098 ], [ -75.178003445693605, 40.053734102357097 ], [ -75.178689997001996, 40.054151213096603 ], [ -75.177813135051395, 40.055018203196298 ], [ -75.177806076474297, 40.055013915166597 ], [ -75.177483847608201, 40.054818146363601 ] ] ] } },
{ "type": "Feature", "properties": { "aun": 126515691, "school_num": null, "location_id": "3422", "school_name": "PHILADELPHIA CHARTER FOR ARTS", "school_name_label": "THE PHILADELPHIA CHARTER SCHOOL FOR ARTS AND SCIENCES", "street_address": "1197 HAWORTH ST", "zip_code": "19124", "phone_number": "(215) 537-2520", "active": null, "grade_level": "ELEMENTARY/MIDDLE", "grade_org": "K-8", "enrollment": 906, "type": 2, "type_specific": "CHARTER", "objectid": 94, "Shape__Area": 18823.17578125, "Shape__Length": 609.87895814063063 }, "geometry": { "type": "Polygon", "coordinates": [ [ [ -75.0861244622904, 40.024997806605398 ], [ -75.086070701105498, 40.024967849035001 ], [ -75.085593745890193, 40.024702100856601 ], [ -75.085595058237004, 40.0247007279389 ], [ -75.085755161762094, 40.024533778068303 ], [ -75.085823855580898, 40.024462137675201 ], [ -75.085851423945101, 40.024433405674998 ], [ -75.085943858299899, 40.0243370880534 ], [ -75.086038990713107, 40.024240365540102 ], [ -75.086051809169007, 40.024247691001101 ], [ -75.086098093731707, 40.024272574634402 ], [ -75.086134665768398, 40.024291735485697 ], [ -75.086250964905503, 40.024353980604602 ], [ -75.086355618155693, 40.024409524312297 ], [ -75.086439668851199, 40.024453613159501 ], [ -75.086559096149301, 40.0245168338 ], [ -75.087278980643902, 40.0248977805797 ], [ -75.087556908360597, 40.025046018624003 ], [ -75.087646394623206, 40.0250937612605 ], [ -75.087647482608503, 40.025094334990797 ], [ -75.087442440201201, 40.025319196987702 ], [ -75.087192761377494, 40.025593045860703 ], [ -75.0861244622904, 40.024997806605398 ] ] ] } },
{ "type": "Feature", "properties": { "aun": 126515001, "school_num": 7231, "location_id": "7280", "school_name": "FRANKLIN, BENJAMIN SCHOOL", "school_name_label": "BENJAMIN FRANKLIN SCHOOL", "street_address": "5737 RISING SUN AVE", "zip_code": "19120", "phone_number": "(215) 400-3760", "active": null, "grade_level": "ELEMENTARY/MIDDLE", "grade_org": "K-8", "enrollment": 571, "type": 1, "type_specific": "DISTRICT", "objectid": 95, "Shape__Area": 15462.76953125, "Shape__Length": 522.48936876242658 }, "geometry": { "type": "Polygon", "coordinates": [ [ [ -75.103612844950803, 40.041692499999897 ], [ -75.103650468831404, 40.0416522121917 ], [ -75.103966806437498, 40.041836773296403 ], [ -75.104920239965693, 40.0423951617108 ], [ -75.104317703324298, 40.042796135855497 ], [ -75.104312577635497, 40.042799548714299 ], [ -75.103280188403204, 40.0422683514998 ], [ -75.103208080048503, 40.042231258011398 ], [ -75.103139161087697, 40.042195801259901 ], [ -75.103138070575, 40.042195244522198 ], [ -75.103172887062797, 40.042160824336001 ], [ -75.103205587842098, 40.042127935573099 ], [ -75.103240461058704, 40.042091533278601 ], [ -75.103274342013194, 40.0420547217932 ], [ -75.103303377425306, 40.042023344499803 ], [ -75.103334445595294, 40.0419919971431 ], [ -75.103367762696095, 40.041956752824802 ], [ -75.103395796274697, 40.041924158559098 ], [ -75.103401700307003, 40.041917959213798 ], [ -75.103425857035305, 40.041892789094199 ], [ -75.103456011003601, 40.041859066697597 ], [ -75.103492480825594, 40.041821509504402 ], [ -75.103523645940399, 40.041788197832098 ], [ -75.103555397347094, 40.041753303707502 ], [ -75.103589096990902, 40.041717938620202 ], [ -75.103612844950803, 40.041692499999897 ] ] ] } },
{ "type": "Feature", "properties": { "aun": 126512674, "school_num": 3617, "location_id": "3424", "school_name": "UNIVERSAL ALCORN CHARTER", "school_name_label": "UNIVERSAL CHARTER SCHOOL AT ALCORN", "street_address": "3200 DICKINSON ST", "zip_code": "19146", "phone_number": "(215) 952-6219", "active": null, "grade_level": "ELEMENTARY/MIDDLE", "grade_org": "K-8", "enrollment": 462, "type": 2, "type_specific": "CHARTER", "objectid": 96, "Shape__Area": 14014.125, "Shape__Length": 494.05949410995339 }, "geometry": { "type": "Polygon", "coordinates": [ [ [ -75.197456163357003, 39.935124307383298 ], [ -75.197472878261493, 39.935046676991398 ], [ -75.197532637468896, 39.934769072211402 ], [ -75.197538980191098, 39.934739569126997 ], [ -75.197627530569605, 39.934328198531801 ], [ -75.198412063234898, 39.934431074788897 ], [ -75.198350693839103, 39.934708144058298 ], [ -75.198175417308505, 39.935508196586298 ], [ -75.197395230848102, 39.935407464379701 ], [ -75.197456163357003, 39.935124307383298 ] ] ] } },
{ "type": "Feature", "properties": { "aun": 226519022, "school_num": null, "location_id": null, "school_name": "ST MONICA SENIOR SCHOOL", "school_name_label": "ST MONICA SENIOR SCHOOL", "street_address": "2500 S 16TH ST", "zip_code": "19145", "phone_number": "(215) 467-5338", "active": "O", "grade_level": "ELEMENTARY/MIDDLE", "grade_org": "5-8", "enrollment": null, "type": 3, "type_specific": "ARCHDIOCESE", "objectid": 97, "Shape__Area": 7305.1171875, "Shape__Length": 412.19640770251976 }, "geometry": { "type": "Polygon", "coordinates": [ [ [ -75.174774573170694, 39.918721072637503 ], [ -75.174540075280802, 39.919812001468003 ], [ -75.174138148367106, 39.919760399893399 ], [ -75.174370951414602, 39.918667387243303 ], [ -75.174774573170694, 39.918721072637503 ] ] ] } },
{ "type": "Feature", "properties": { "aun": 126515001, "school_num": 7404, "location_id": "5490", "school_name": "CAYUGA SCHOOL", "school_name_label": "CAYUGA SCHOOL", "street_address": "4344 N 5TH ST", "zip_code": "19140", "phone_number": "(215) 400-3850", "active": null, "grade_level": "ELEMENTARY SCHOOL", "grade_org": "K-5", "enrollment": 361, "type": 1, "type_specific": "DISTRICT", "objectid": 98, "Shape__Area": 5754.37890625, "Shape__Length": 317.47351281845982 }, "geometry": { "type": "Polygon", "coordinates": [ [ [ -75.134679979122495, 40.018065901822098 ], [ -75.134766950611507, 40.017659599760599 ], [ -75.135503468314695, 40.017752801530399 ], [ -75.135647857595302, 40.0181883785501 ], [ -75.134679979122495, 40.018065901822098 ] ] ] } },
{ "type": "Feature", "properties": { "aun": 126515001, "school_num": 5120, "location_id": "5300", "school_name": "HACKETT, HORATIO B. SCHOOL", "school_name_label": "HORATIO B. HACKETT SCHOOL", "street_address": "2161 E YORK ST", "zip_code": "19125", "phone_number": "(215) 400-7470", "active": null, "grade_level": "ELEMENTARY SCHOOL", "grade_org": "K-5", "enrollment": 366, "type": 1, "type_specific": "DISTRICT", "objectid": 99, "Shape__Area": 15784.58203125, "Shape__Length": 503.27337046261545 }, "geometry": { "type": "Polygon", "coordinates": [ [ [ -75.125714723317202, 39.981060672150797 ], [ -75.126644276971305, 39.980567744554399 ], [ -75.127312554130697, 39.981324121279997 ], [ -75.126304607441298, 39.981733437709202 ], [ -75.125714723317202, 39.981060672150797 ] ] ] } },
{ "type": "Feature", "properties": { "aun": 226510912, "school_num": null, "location_id": null, "school_name": "CEDAR GROVE CHRISTIAN ACADEMY LOWER SCHOOL", "school_name_label": "CEDAR GROVE CHRISTIAN ACADEMY LOWER SCHOOL", "street_address": "6445 BINGHAM ST", "zip_code": "19111", "phone_number": "(215) 725-3383", "active": "O", "grade_level": "ELEMENTARY/MIDDLE", "grade_org": "PREK-12", "enrollment": null, "type": 3, "type_specific": "PRIVATE", "objectid": 100, "Shape__Area": 9049.1953125, "Shape__Length": 381.05658864683176 }, "geometry": { "type": "Polygon", "coordinates": [ [ [ -75.092205554924703, 40.0498951006306 ], [ -75.091847193503099, 40.049691336316897 ], [ -75.091554685378199, 40.049527492412999 ], [ -75.091552201721299, 40.049526096900102 ], [ -75.091764563995696, 40.049303845521699 ], [ -75.0920806894554, 40.0489729589424 ], [ -75.0924072514334, 40.049155804900202 ], [ -75.092735715296598, 40.049339902393598 ], [ -75.092736274684498, 40.049340624897901 ], [ -75.092209659303506, 40.049897436912701 ], [ -75.092205554924703, 40.0498951006306 ] ] ] } },
{ "type": "Feature", "properties": { "aun": 226517352, "school_num": null, "location_id": null, "school_name": "ST FRANCES CABRINI REGIONAL CATHOLIC SCHOOL", "school_name_label": "ST FRANCES CABRINI", "street_address": "405 N 65TH ST", "zip_code": "19151", "phone_number": "(215) 748-2994", "active": "O", "grade_level": "ELEMENTARY/MIDDLE", "grade_org": "PREK-8", "enrollment": null, "type": 3, "type_specific": "PRIVATE", "objectid": 101, "Shape__Area": 1648.6640625, "Shape__Length": 169.28306267207805 }, "geometry": { "type": "Polygon", "coordinates": [ [ [ -75.248889719215896, 39.969563267962698 ], [ -75.248854522683402, 39.9695587132396 ], [ -75.248896357768004, 39.969352232743901 ], [ -75.2491457660728, 39.969381283785097 ], [ -75.249377007364401, 39.969408761452797 ], [ -75.249374031362507, 39.9694241553495 ], [ -75.249353968818994, 39.969528106939798 ], [ -75.249351590520106, 39.969541499020899 ], [ -75.249340771550806, 39.969596938852398 ], [ -75.249336963215399, 39.969616134810998 ], [ -75.249315720124898, 39.969613302251901 ], [ -75.249143908994199, 39.969592793744702 ], [ -75.249065808629595, 39.969583660620202 ], [ -75.248985777326496, 39.969574017966004 ], [ -75.248889719215896, 39.969563267962698 ] ] ] } },
{ "type": "Feature", "properties": { "aun": 126515001, "school_num": 6534, "location_id": "7380", "school_name": "MC CLURE, ALEXANDER K. SCHOOL", "school_name_label": "ALEXANDER K. MCCLURE SCHOOL", "street_address": "600 W HUNTING PARK AVE", "zip_code": "19140", "phone_number": "(215) 400-3870", "active": null, "grade_level": "ELEMENTARY SCHOOL", "grade_org": "K-5", "enrollment": 411, "type": 1, "type_specific": "DISTRICT", "objectid": 102, "Shape__Area": 7071.40234375, "Shape__Length": 341.81908784394113 }, "geometry": { "type": "Polygon", "coordinates": [ [ [ -75.137884910618794, 40.015264588278797 ], [ -75.1373199972153, 40.015192494259402 ], [ -75.137442153655996, 40.014525328585997 ], [ -75.137445737571497, 40.014505775724203 ], [ -75.138073467428001, 40.0145884706359 ], [ -75.138027313984495, 40.014820837339499 ], [ -75.137937860871602, 40.015271337526997 ], [ -75.137884910618794, 40.015264588278797 ] ] ] } },
{ "type": "Feature", "properties": { "aun": 226518062, "school_num": null, "location_id": null, "school_name": "OUR MOTHER OF SORROWS/ST IGNATIUS OF LOYOLA SCHOOL", "school_name_label": "OUR MOTHER OF SORROWS/ST IGNATIUS OF LOYOLA SCHOOL", "street_address": "617 N 43RD ST", "zip_code": "19104", "phone_number": "(215) 222-3626", "active": "O", "grade_level": "ELEMENTARY/MIDDLE", "grade_org": "K-8", "enrollment": null, "type": 3, "type_specific": "PRIVATE", "objectid": 103, "Shape__Area": 3766.78515625, "Shape__Length": 257.24342244081197 }, "geometry": { "type": "Polygon", "coordinates": [ [ [ -75.208644116090895, 39.963871247801997 ], [ -75.2087271584451, 39.963865043433302 ], [ -75.208697756725002, 39.963621711579101 ], [ -75.209127912424293, 39.963587587100598 ], [ -75.209190139628802, 39.964077969756701 ], [ -75.208847198297605, 39.964102355942103 ], [ -75.208833950640695, 39.964103689970301 ], [ -75.2086768833409, 39.964113622566401 ], [ -75.208644116090895, 39.963871247801997 ] ] ] } },
{ "type": "Feature", "properties": { "aun": 126519392, "school_num": 8257, "location_id": "3423", "school_name": "MEMPHIS ST. CHARTER @ JP JONES", "school_name_label": "MEMPHIS STREET ACADEMY CHARTER SCHOOL AT J.P. JONES", "street_address": "2950 MEMPHIS ST", "zip_code": "19134", "phone_number": "(215) 291-4709", "active": null, "grade_level": "MIDDLE SCHOOL", "grade_org": "5-8", "enrollment": 492, "type": 2, "type_specific": "CHARTER", "objectid": 104, "Shape__Area": 17389.9453125, "Shape__Length": 554.87300208088618 }, "geometry": { "type": "Polygon", "coordinates": [ [ [ -75.113286503227698, 39.985655938458201 ], [ -75.113525930770805, 39.985927292447798 ], [ -75.113533109117498, 39.9859340179773 ], [ -75.113771132215703, 39.986205467542497 ], [ -75.112383211687103, 39.986936463188201 ], [ -75.112001021531597, 39.986334603628897 ], [ -75.113286503227698, 39.985655938458201 ] ] ] } },
{ "type": "Feature", "properties": { "aun": 126518547, "school_num": 8150, "location_id": "3412", "school_name": "DOUGLASS MASTERY CHARTER", "school_name_label": "MASTERY CHARTER SCHOOL AT DOUGLASS", "street_address": "2118 W NORRIS ST", "zip_code": "19121", "phone_number": "(215) 684-5063", "active": null, "grade_level": "ELEMENTARY/MIDDLE", "grade_org": "K-8", "enrollment": 524, "type": 2, "type_specific": "CHARTER", "objectid": 105, "Shape__Area": 13900.12890625, "Shape__Length": 538.88031719774142 }, "geometry": { "type": "Polygon", "coordinates": [ [ [ -75.169540464885799, 39.984774662644497 ], [ -75.169208303142497, 39.984729441416903 ], [ -75.169324339541305, 39.9841910378845 ], [ -75.169500790137405, 39.983372378486003 ], [ -75.170095342553097, 39.983452352669197 ], [ -75.170116129166004, 39.983455141174801 ], [ -75.170050478434305, 39.983759603502698 ], [ -75.169823282428496, 39.984813163651403 ], [ -75.169540464885799, 39.984774662644497 ] ] ] } },
{ "type": "Feature", "properties": { "aun": 126515001, "school_num": 3857, "location_id": "4020", "school_name": "OVERBROOK HIGH SCHOOL", "school_name_label": "OVERBROOK HIGH SCHOOL", "street_address": "5898 LANCASTER AVE", "zip_code": "19131", "phone_number": "(215) 400-7300", "active": null, "grade_level": "HIGH SCHOOL", "grade_org": "9-12", "enrollment": 441, "type": 1, "type_specific": "DISTRICT", "objectid": 106, "Shape__Area": 31928.08984375, "Shape__Length": 824.70243856241632 }, "geometry": { "type": "Polygon", "coordinates": [ [ [ -75.236411197325694, 39.980943594448398 ], [ -75.236298006429195, 39.980904475213897 ], [ -75.2362957108827, 39.980903683866501 ], [ -75.236287625426797, 39.980861708512201 ], [ -75.236289561491603, 39.980861493008497 ], [ -75.236638277265101, 39.980822852004998 ], [ -75.236947984759794, 39.980788512841897 ], [ -75.237501965148994, 39.980727122261897 ], [ -75.237831426984599, 39.980690602577198 ], [ -75.238788591636407, 39.980584497061102 ], [ -75.239256642215494, 39.9805326130992 ], [ -75.239318554356501, 39.980862675908902 ], [ -75.239325313103905, 39.980913938257899 ], [ -75.239331125837495, 39.980970950774399 ], [ -75.239330828484896, 39.981032262510702 ], [ -75.2393279720512, 39.981076108815401 ], [ -75.239325620593604, 39.981100591427499 ], [ -75.239321923119206, 39.981123545565303 ], [ -75.239318769933703, 39.981148171690798 ], [ -75.239308014741496, 39.981194247470597 ], [ -75.239280399921896, 39.981256008992403 ], [ -75.239259975938893, 39.981295522366302 ], [ -75.239223860324699, 39.981346846848901 ], [ -75.239198982239301, 39.9813776222407 ], [ -75.239196666062199, 39.981377942101801 ], [ -75.239170834486302, 39.981407262921799 ], [ -75.239143526314194, 39.981432923805897 ], [ -75.239130707942095, 39.981443008168803 ], [ -75.239124340459298, 39.981448011280399 ], [ -75.239097143946196, 39.981470096526401 ], [ -75.239068440915403, 39.981490954989098 ], [ -75.239004903329899, 39.981531330409503 ], [ -75.238957500483707, 39.981554166212803 ], [ -75.238902370929196, 39.981576832936099 ], [ -75.238852065002803, 39.9815948344162 ], [ -75.238812870992405, 39.981605904852003 ], [ -75.2387628089636, 39.981616754362001 ], [ -75.238723789761394, 39.981623056705203 ], [ -75.238672333327699, 39.981630280699498 ], [ -75.238605404682403, 39.981635973407599 ], [ -75.238563508972305, 39.981636249298703 ], [ -75.2385294015657, 39.981635502918699 ], [ -75.238469069047696, 39.981630604552301 ], [ -75.2384026693057, 39.981621994178198 ], [ -75.238313472367693, 39.981600941045798 ], [ -75.236411197325694, 39.980943594448398 ] ] ] } },
{ "type": "Feature", "properties": { "aun": 126515001, "school_num": 3786, "location_id": "4270", "school_name": "DICK, WILLIAM SCHOOL", "school_name_label": "WILLIAM DICK SCHOOL", "street_address": "2498 W DIAMOND ST", "zip_code": "19121", "phone_number": "(215) 400-7340", "active": null, "grade_level": "ELEMENTARY/MIDDLE", "grade_org": "K-8", "enrollment": 343, "type": 1, "type_specific": "DISTRICT", "objectid": 107, "Shape__Area": 21511.1640625, "Shape__Length": 635.6413540557254 }, "geometry": { "type": "Polygon", "coordinates": [ [ [ -75.173025282937601, 39.986760222313997 ], [ -75.172948872333293, 39.986750398669997 ], [ -75.172895089720498, 39.986743484262902 ], [ -75.172895296430497, 39.986742474138502 ], [ -75.173097873469999, 39.985766681196203 ], [ -75.173102824791897, 39.985742806276598 ], [ -75.1731782106053, 39.9853797237921 ], [ -75.173322392528803, 39.985399354785201 ], [ -75.173325532640803, 39.985402762408803 ], [ -75.173330866258496, 39.985408556279701 ], [ -75.173966239145599, 39.986098496226198 ], [ -75.173971069344802, 39.986103746041998 ], [ -75.174011847089602, 39.986148023637298 ], [ -75.174380590924301, 39.9865484289015 ], [ -75.1743824415951, 39.986550436892102 ], [ -75.174303499773004, 39.986924530573098 ], [ -75.173025282937601, 39.986760222313997 ] ] ] } },
{ "type": "Feature", "properties": { "aun": 126512980, "school_num": 7542, "location_id": "3309", "school_name": "IMHOTEP CHARTER SCHOOL", "school_name_label": "IMHOTEP INSTITUTE CHARTER HIGH SCHOOL", "street_address": "6201 N 21ST ST", "zip_code": "19138", "phone_number": "(215) 438-4140", "active": null, "grade_level": "HIGH SCHOOL", "grade_org": "9-12", "enrollment": 597, "type": 2, "type_specific": "CHARTER", "objectid": 108, "Shape__Area": 12108.98828125, "Shape__Length": 491.54914590590408 }, "geometry": { "type": "Polygon", "coordinates": [ [ [ -75.155432861341396, 40.049052400582603 ], [ -75.155403936679306, 40.049519790073198 ], [ -75.155402969408598, 40.049519752459197 ], [ -75.153810941920298, 40.049457700348803 ], [ -75.153822642048297, 40.049265525719001 ], [ -75.153823143195496, 40.049257292746098 ], [ -75.153829024065004, 40.0491607060627 ], [ -75.153839517394502, 40.048988347913799 ], [ -75.155432861341396, 40.049052400582603 ] ] ] } },
{ "type": "Feature", "properties": { "aun": 126512990, "school_num": 7543, "location_id": "3315", "school_name": "ALLIANCE FOR PROGRESS CHARTER", "school_name_label": "ALLIANCE FOR PROGRESS CHARTER SCHOOL", "street_address": "1722 CECIL B MOORE AVE\n", "zip_code": "19121", "phone_number": "(215) 232-4892", "active": null, "grade_level": "ELEMENTARY SCHOOL", "grade_org": "K-5", "enrollment": 621, "type": 2, "type_specific": "CHARTER", "objectid": 109, "Shape__Area": 4022.95703125, "Shape__Length": 260.83902553133208 }, "geometry": { "type": "Polygon", "coordinates": [ [ [ -75.163578684697598, 39.979347884813997 ], [ -75.163657268788697, 39.978983397434 ], [ -75.163930731041901, 39.979019817366598 ], [ -75.1639409683591, 39.978974380074497 ], [ -75.164288359590003, 39.979021104697502 ], [ -75.1642000399317, 39.9794294777899 ], [ -75.163578684697598, 39.979347884813997 ] ] ] } },
{ "type": "Feature", "properties": { "aun": 126515001, "school_num": 3835, "location_id": "7130", "school_name": "WAGNER, GEN. LOUIS MIDDLE SCH.", "school_name_label": "GENERAL LOUIS WAGNER SCHOOL", "street_address": "1701 CHELTEN AVE", "zip_code": "19126", "phone_number": "(215) 400-3560", "active": null, "grade_level": "MIDDLE SCHOOL", "grade_org": "6-8", "enrollment": 297, "type": 1, "type_specific": "DISTRICT", "objectid": 110, "Shape__Area": 17103.26171875, "Shape__Length": 530.21737064077433 }, "geometry": { "type": "Polygon", "coordinates": [ [ [ -75.148091463835001, 40.052195838095201 ], [ -75.147015859655497, 40.052056489095499 ], [ -75.146911166605094, 40.052042301223103 ], [ -75.147062137348399, 40.051381163584402 ], [ -75.1470812172454, 40.051297740377898 ], [ -75.147120101695094, 40.0513027795878 ], [ -75.148449468738605, 40.051460545276903 ], [ -75.148445845519603, 40.051474084363399 ], [ -75.148444811829407, 40.051478606589598 ], [ -75.148395095297801, 40.051696388621302 ], [ -75.148387356825594, 40.051730258332903 ], [ -75.148327149748198, 40.051994083550802 ], [ -75.148319711225795, 40.052026703131901 ], [ -75.148275643346594, 40.052219690893303 ], [ -75.148091463835001, 40.052195838095201 ] ] ] } },
{ "type": "Feature", "properties": { "aun": 126515001, "school_num": 3764, "location_id": "8250", "school_name": "FORREST, EDWIN SCHOOL", "school_name_label": "EDWIN FORREST SCHOOL", "street_address": "7300 COTTAGE ST", "zip_code": "19136", "phone_number": "(215) 400-3330", "active": null, "grade_level": "ELEMENTARY SCHOOL", "grade_org": "K-5", "enrollment": 809, "type": 1, "type_specific": "DISTRICT", "objectid": 111, "Shape__Area": 21512.8828125, "Shape__Length": 588.1760981412034 }, "geometry": { "type": "Polygon", "coordinates": [ [ [ -75.035351864526604, 40.034663280804303 ], [ -75.036369892270301, 40.0341375139447 ], [ -75.037158055232098, 40.0350362863961 ], [ -75.036142308145998, 40.035562335039401 ], [ -75.035351864526604, 40.034663280804303 ] ] ] } },
{ "type": "Feature", "properties": { "aun": 126515001, "school_num": null, "location_id": "4470", "school_name": "WRIGHT, RICHARD R. SCHOOL", "school_name_label": "RICHARD R. WRIGHT SCHOOL", "street_address": "2201 N 28TH ST", "zip_code": "19132", "phone_number": "(215) 400-7030", "active": null, "grade_level": "ELEMENTARY SCHOOL", "grade_org": "K-5", "enrollment": 215, "type": 1, "type_specific": "DISTRICT", "objectid": 112, "Shape__Area": 29764.48046875, "Shape__Length": 705.72451568513964 }, "geometry": { "type": "Polygon", "coordinates": [ [ [ -75.178005135328306, 39.990668886368802 ], [ -75.177743100526598, 39.990633677450397 ], [ -75.177602962627304, 39.990614851343601 ], [ -75.177385508872604, 39.990585621063801 ], [ -75.177244639774699, 39.9905666981617 ], [ -75.1769686772912, 39.990529610890597 ], [ -75.1769574817598, 39.9905281030072 ], [ -75.177094576596204, 39.9899159486326 ], [ -75.177097604165894, 39.989902395457001 ], [ -75.177157839955598, 39.989633433226501 ], [ -75.177278512593602, 39.989094531099703 ], [ -75.177281690929604, 39.989080320182801 ], [ -75.178511049910696, 39.989246821217698 ], [ -75.178509985861297, 39.989251681985301 ], [ -75.178308391462807, 39.990180580207898 ], [ -75.178302579893696, 39.990207337296397 ], [ -75.178258051574005, 39.990412478577198 ], [ -75.178252086660194, 39.990439958668198 ], [ -75.178197276037494, 39.990692503755902 ], [ -75.178196816843396, 39.990694653641299 ], [ -75.178005135328306, 39.990668886368802 ] ] ] } },
{ "type": "Feature", "properties": { "aun": null, "school_num": null, "location_id": "8100", "school_name": "GATEWAY TO COLLEGE", "school_name_label": "GATEWAY TO COLLEGE - COMMUNITY COLLEGE OF PHILADELPHIA", "street_address": "1700 SPRING GARDEN ST RM M1-24", "zip_code": "19130", "phone_number": "(215) 751-8540", "active": null, "grade_level": "HIGH SCHOOL", "grade_org": "9-12", "enrollment": 88, "type": 1, "type_specific": "CONTRACTED", "objectid": 113, "Shape__Area": 42727.23046875, "Shape__Length": 860.88429627310461 }, "geometry": { "type": "Polygon", "coordinates": [ [ [ -75.167772560623803, 39.963078242554303 ], [ -75.166378850284701, 39.9629062508087 ], [ -75.166394047961603, 39.9628359579307 ], [ -75.166418688601794, 39.962822406275301 ], [ -75.166454947162805, 39.962654686683798 ], [ -75.166437334696994, 39.9626357246607 ], [ -75.166778733433802, 39.961056503009303 ], [ -75.168172406763404, 39.961228492157701 ], [ -75.167772560623803, 39.963078242554303 ] ] ] } },
{ "type": "Feature", "properties": { "aun": 126515001, "school_num": 3743, "location_id": "7320", "school_name": "HOWE, JULIA WARD SCHOOL", "school_name_label": "JULIA W. HOWE SCHOOL", "street_address": "5800 N 13TH ST", "zip_code": "19141", "phone_number": "(215) 400-3650", "active": null, "grade_level": "ELEMENTARY SCHOOL", "grade_org": "K-5", "enrollment": 229, "type": 1, "type_specific": "DISTRICT", "objectid": 114, "Shape__Area": 8277.98046875, "Shape__Length": 379.93491612320292 }, "geometry": { "type": "Polygon", "coordinates": [ [ [ -75.141969772076806, 40.0418619734182 ], [ -75.142001158518198, 40.041718735690203 ], [ -75.142009397833107, 40.0416811531246 ], [ -75.142112252814599, 40.041211755919797 ], [ -75.142440466207205, 40.041255750322897 ], [ -75.142944367109493, 40.041323301593202 ], [ -75.142947496855896, 40.041323727404603 ], [ -75.142830950629403, 40.041841755617298 ], [ -75.142825737627504, 40.041864962446802 ], [ -75.142410376994505, 40.041810076438601 ], [ -75.142398133163397, 40.041863976820899 ], [ -75.142386906772302, 40.041917063477101 ], [ -75.141969772076806, 40.0418619734182 ] ] ] } },
{ "type": "Feature", "properties": { "aun": null, "school_num": null, "location_id": null, "school_name": "PHILADELPHIA PERFORMING ARTS CHARTER SCHOOL", "school_name_label": "PHILADELPHIA PERFORMING ARTS CHARTER SCHOOL", "street_address": "1600 VINE ST", "zip_code": "19102", "phone_number": "(267) 428-2224", "active": null, "grade_level": "MIDDLE/HIGH", "grade_org": "6-12", "enrollment": null, "type": 2, "type_specific": "CHARTER", "objectid": 115, "Shape__Area": 7314.48828125, "Shape__Length": 416.147053728439 }, "geometry": { "type": "Polygon", "coordinates": [ [ [ -75.165913675589294, 39.957663696157198 ], [ -75.166926157710904, 39.957789567786797 ], [ -75.166899976598501, 39.957921176411901 ], [ -75.167273524171094, 39.957971353064302 ], [ -75.167227917821506, 39.958188589423401 ], [ -75.165843014080906, 39.958020174940899 ], [ -75.165913675589294, 39.957663696157198 ] ] ] } },
{ "type": "Feature", "properties": { "aun": 326512995, "school_num": null, "location_id": null, "school_name": "COMMUNITY COUNCIL LEARNING ACADEMY", "school_name_label": "COMMUNITY COUNCIL LEARNING ACADEMY", "street_address": "4224 N FRONT ST", "zip_code": "19140", "phone_number": "(215) 845-2670", "active": null, "grade_level": "ELEMENTARY/MIDDLE/HIGH", "grade_org": "1-12", "enrollment": null, "type": 3, "type_specific": "PRIVATE", "objectid": 116, "Shape__Area": 35053.515625, "Shape__Length": 834.71512258299686 }, "geometry": { "type": "Polygon", "coordinates": [ [ [ -75.126027587475207, 40.0144344258281 ], [ -75.126555690887102, 40.014502730966697 ], [ -75.126467619207105, 40.014914458466002 ], [ -75.127689380750098, 40.015072471747999 ], [ -75.127614924791004, 40.015418106479999 ], [ -75.127458241152596, 40.016153094042799 ], [ -75.125708350440405, 40.015926770681901 ], [ -75.126027587475207, 40.0144344258281 ] ] ] } },
{ "type": "Feature", "properties": { "aun": 126515001, "school_num": null, "location_id": "8470", "school_name": "PHILADELPHIA LEARNING ACADEMY-NORTH", "school_name_label": "PHILADELPHIA LEARNING ACADEMY NORTH", "street_address": "4224 N FRONT ST", "zip_code": "19140", "phone_number": "(215) 400-9050", "active": null, "grade_level": "MIDDLE/HIGH", "grade_org": "8-12", "enrollment": 74, "type": 1, "type_specific": "DISTRICT", "objectid": 117, "Shape__Area": 35053.515625, "Shape__Length": 834.71512258299686 }, "geometry": { "type": "Polygon", "coordinates": [ [ [ -75.126027587475207, 40.0144344258281 ], [ -75.126555690887102, 40.014502730966697 ], [ -75.126467619207105, 40.014914458466002 ], [ -75.127689380750098, 40.015072471747999 ], [ -75.127614924791004, 40.015418106479999 ], [ -75.127458241152596, 40.016153094042799 ], [ -75.125708350440405, 40.015926770681901 ], [ -75.126027587475207, 40.0144344258281 ] ] ] } },
{ "type": "Feature", "properties": { "aun": null, "school_num": 8120, "location_id": "3820", "school_name": "ACHIEVE ACADEMY EAST", "school_name_label": "ACHIEVE ACADEMY EAST", "street_address": "4224 N FRONT ST", "zip_code": "19140", "phone_number": "(267) 335-4764", "active": null, "grade_level": "MIDDLE/HIGH", "grade_org": "6-12", "enrollment": 62, "type": 1, "type_specific": "CONTRACTED", "objectid": 118, "Shape__Area": 35053.515625, "Shape__Length": 834.71512258299686 }, "geometry": { "type": "Polygon", "coordinates": [ [ [ -75.126027587475207, 40.0144344258281 ], [ -75.126555690887102, 40.014502730966697 ], [ -75.126467619207105, 40.014914458466002 ], [ -75.127689380750098, 40.015072471747999 ], [ -75.127614924791004, 40.015418106479999 ], [ -75.127458241152596, 40.016153094042799 ], [ -75.125708350440405, 40.015926770681901 ], [ -75.126027587475207, 40.0144344258281 ] ] ] } },
{ "type": "Feature", "properties": { "aun": null, "school_num": null, "location_id": "3190", "school_name": "CROSSROADS @ HUNTING PARK", "school_name_label": "CROSSROADS AT HUNTING PARK", "street_address": "4224 N FRONT ST", "zip_code": "19140", "phone_number": "(215) 400-9060", "active": null, "grade_level": "ELEMENTARY SCHOOL", "grade_org": "3-6", "enrollment": 32, "type": 1, "type_specific": "DISTRICT", "objectid": 119, "Shape__Area": 35053.515625, "Shape__Length": 834.71512258299686 }, "geometry": { "type": "Polygon", "coordinates": [ [ [ -75.126027587475207, 40.0144344258281 ], [ -75.126555690887102, 40.014502730966697 ], [ -75.126467619207105, 40.014914458466002 ], [ -75.127689380750098, 40.015072471747999 ], [ -75.127614924791004, 40.015418106479999 ], [ -75.127458241152596, 40.016153094042799 ], [ -75.125708350440405, 40.015926770681901 ], [ -75.126027587475207, 40.0144344258281 ] ] ] } },
{ "type": "Feature", "properties": { "aun": 126515001, "school_num": 3753, "location_id": "7430", "school_name": "SULLIVAN, JAMES J. SCHOOL", "school_name_label": "JAMES J. SULLIVAN SCHOOL", "street_address": "5300 DITMAN ST", "zip_code": "19124", "phone_number": "(215) 400-3960", "active": null, "grade_level": "ELEMENTARY SCHOOL", "grade_org": "K-5", "enrollment": 373, "type": 1, "type_specific": "DISTRICT", "objectid": 120, "Shape__Area": 16777.0625, "Shape__Length": 590.40926047361449 }, "geometry": { "type": "Polygon", "coordinates": [ [ [ -75.066777576681005, 40.016515901306697 ], [ -75.0662052672713, 40.015912586072197 ], [ -75.066092781670903, 40.015782782250099 ], [ -75.066237046214098, 40.015714903133102 ], [ -75.066393197320906, 40.015632728394202 ], [ -75.066545160065402, 40.015550406007698 ], [ -75.066796328282393, 40.015419382425897 ], [ -75.066948591404, 40.015354895957998 ], [ -75.067170374278703, 40.015280379819401 ], [ -75.067842674315798, 40.0151190529362 ], [ -75.067858002024593, 40.015132774596999 ], [ -75.067863489824106, 40.015137690712798 ], [ -75.067790452461296, 40.015246827593501 ], [ -75.067779278358998, 40.015261704099103 ], [ -75.067768821406005, 40.015286494197703 ], [ -75.067759258403797, 40.015298780668502 ], [ -75.067735652415195, 40.015331115065102 ], [ -75.067546535715394, 40.015577481172599 ], [ -75.067547559139499, 40.015580792766301 ], [ -75.0674748178388, 40.015672849211398 ], [ -75.067472013087595, 40.015673283763498 ], [ -75.067200759431699, 40.016021835856598 ], [ -75.067198763107797, 40.016020902809899 ], [ -75.067198839456495, 40.016022677397999 ], [ -75.066812420245498, 40.0165154417015 ], [ -75.066778462390403, 40.016516841069702 ], [ -75.066777576681005, 40.016515901306697 ] ] ] } },
{ "type": "Feature", "properties": { "aun": 126515001, "school_num": 7810, "location_id": "4320", "school_name": "LAMBERTON,ROBERT E ELEMENTARY", "school_name_label": "ROBERT E. LAMBERTON SCHOOL", "street_address": "7501 WOODBINE AVE", "zip_code": "19151", "phone_number": "(215) 400-7530", "active": null, "grade_level": "ELEMENTARY/MIDDLE", "grade_org": "K-8", "enrollment": 327, "type": 1, "type_specific": "DISTRICT", "objectid": 121, "Shape__Area": 37768.58203125, "Shape__Length": 795.16773398580028 }, "geometry": { "type": "Polygon", "coordinates": [ [ [ -75.266248899707804, 39.975417329261198 ], [ -75.267529064712207, 39.974798100586803 ], [ -75.267532256383703, 39.974801892954197 ], [ -75.267860533189406, 39.975203610994797 ], [ -75.268298854424003, 39.9757119507318 ], [ -75.266769860490399, 39.976448152322298 ], [ -75.266464059424905, 39.976593846391999 ], [ -75.266351986620506, 39.976456324846801 ], [ -75.266329526375799, 39.97642877426 ], [ -75.2661013127166, 39.976148726705603 ], [ -75.2660639556441, 39.976102896973003 ], [ -75.265852545559497, 39.975843490405801 ], [ -75.265823770408801, 39.975808178417502 ], [ -75.265747251712895, 39.975714288027604 ], [ -75.265715510860005, 39.9756753337672 ], [ -75.265854705147902, 39.9756080013874 ], [ -75.2658848422776, 39.975593421469299 ], [ -75.265935840575693, 39.975568767345102 ], [ -75.266163291834104, 39.975458743955699 ], [ -75.266192414000898, 39.975444654427001 ], [ -75.266229820284494, 39.975426559112201 ], [ -75.266248899707804, 39.975417329261198 ] ] ] } },
{ "type": "Feature", "properties": { "aun": 126515001, "school_num": 3697, "location_id": "5370", "school_name": "MOFFET, JOHN SCHOOL", "school_name_label": "JOHN MOFFET SCHOOL", "street_address": "127 W OXFORD ST", "zip_code": "19122", "phone_number": "(215) 400-7390", "active": null, "grade_level": "ELEMENTARY SCHOOL", "grade_org": "K-5", "enrollment": 218, "type": 1, "type_specific": "DISTRICT", "objectid": 122, "Shape__Area": 15650.87890625, "Shape__Length": 518.35764820226746 }, "geometry": { "type": "Polygon", "coordinates": [ [ [ -75.135375998714395, 39.975384062446103 ], [ -75.1356637413421, 39.974477677795498 ], [ -75.136508296146403, 39.974590234908803 ], [ -75.136249712135296, 39.975776402607302 ], [ -75.135375998714395, 39.975384062446103 ] ] ] } },
{ "type": "Feature", "properties": { "aun": 126515001, "school_num": 7023, "location_id": "4030", "school_name": "ENGINEERING & SCIENCE HIGH", "school_name_label": "HIGH SCHOOL OF ENGINEERING AND SCIENCE", "street_address": "1600 W NORRIS ST", "zip_code": "19121", "phone_number": "(215) 400-7380", "active": null, "grade_level": "MIDDLE/HIGH", "grade_org": "7-12", "enrollment": 851, "type": 1, "type_specific": "DISTRICT", "objectid": 123, "Shape__Area": 31673.51171875, "Shape__Length": 716.9472743493609 }, "geometry": { "type": "Polygon", "coordinates": [ [ [ -75.160895099936894, 39.983659060692197 ], [ -75.160250593750106, 39.983574253324697 ], [ -75.160247361231697, 39.983573825606904 ], [ -75.160542151178802, 39.982210982521202 ], [ -75.161937630896105, 39.982397678448997 ], [ -75.161937020532307, 39.982400517527601 ], [ -75.161779892298995, 39.983140904935802 ], [ -75.161719692937098, 39.983424513994201 ], [ -75.161648866347804, 39.983758225390702 ], [ -75.160895099936894, 39.983659060692197 ] ] ] } },
{ "type": "Feature", "properties": { "aun": 226512672, "school_num": null, "location_id": null, "school_name": "HUNTING PARK CHRISTIAN ACADEMY", "school_name_label": "HUNTING PARK CHRISTIAN ACADEMY", "street_address": "4400 N 6TH ST", "zip_code": "19140", "phone_number": "(267) 331-8002", "active": "O", "grade_level": "ELEMENTARY/MIDDLE", "grade_org": "PREK-8", "enrollment": null, "type": 3, "type_specific": "PRIVATE", "objectid": 124, "Shape__Area": 1060.76171875, "Shape__Length": 151.03974599076261 }, "geometry": { "type": "Polygon", "coordinates": [ [ [ -75.137454933913602, 40.018746743224902 ], [ -75.137041854662598, 40.018692450606203 ], [ -75.136966862358605, 40.018556754133002 ], [ -75.136960572639097, 40.018545327945702 ], [ -75.137494394516395, 40.018614860732598 ], [ -75.137466784466298, 40.0187477381725 ], [ -75.137454933913602, 40.018746743224902 ] ] ] } },
{ "type": "Feature", "properties": { "aun": 226511702, "school_num": null, "location_id": null, "school_name": "GERMANTOWN FRIENDS SCHOOL", "school_name_label": "GERMANTOWN FRIENDS SCHOOL", "street_address": "31 W COULTER ST", "zip_code": "19144", "phone_number": "(215) 951-2300", "active": "O", "grade_level": "ELEMENTARY/MIDDLE/HIGH", "grade_org": "PREK-12", "enrollment": null, "type": 3, "type_specific": "PRIVATE", "objectid": 125, "Shape__Area": 41991.99609375, "Shape__Length": 906.45128741858821 }, "geometry": { "type": "Polygon", "coordinates": [ [ [ -75.171547785181502, 40.033591418489799 ], [ -75.170754878424702, 40.033132802733199 ], [ -75.171609965192999, 40.032294818192703 ], [ -75.171720154432407, 40.032186823357499 ], [ -75.171734966013204, 40.032172309443702 ], [ -75.171843369188593, 40.032066079805197 ], [ -75.172337026269702, 40.031582267443198 ], [ -75.172339097774397, 40.031583506649703 ], [ -75.173035767182498, 40.032002327267499 ], [ -75.173175651938394, 40.032086419474503 ], [ -75.173218869848895, 40.0321124068237 ], [ -75.173402444946106, 40.032222754587401 ], [ -75.172738758452695, 40.032875140969303 ], [ -75.172856283719099, 40.032945259411001 ], [ -75.172567768061299, 40.033229979543002 ], [ -75.172364647365598, 40.033430099314103 ], [ -75.172134396863299, 40.033290347479102 ], [ -75.172015351221603, 40.033407864727899 ], [ -75.171901114840907, 40.033339724891299 ], [ -75.171838675263501, 40.033302473162799 ], [ -75.171622722224598, 40.033526373017203 ], [ -75.171611164216799, 40.033525544781803 ], [ -75.171547785181502, 40.033591418489799 ] ] ] } },
{ "type": "Feature", "properties": { "aun": 300517255, "school_num": null, "location_id": null, "school_name": "WALDORF SCHOOL OF PHILADELPHIA", "school_name_label": "WALDORF SCHOOL OF PHILADELPHIA", "street_address": "6000 WAYNE AVE", "zip_code": "19144", "phone_number": "(215) 248-1662", "active": "O", "grade_level": "ELEMENTARY/MIDDLE", "grade_org": "PREK-8", "enrollment": null, "type": 3, "type_specific": "PRIVATE", "objectid": 126, "Shape__Area": 9075.35546875, "Shape__Length": 400.68355215335441 }, "geometry": { "type": "Polygon", "coordinates": [ [ [ -75.183229514789801, 40.034118151760602 ], [ -75.183962163957204, 40.033403671335499 ], [ -75.183966468900607, 40.033406298222701 ], [ -75.184059000382106, 40.033463124277702 ], [ -75.1840895991119, 40.033481910259503 ], [ -75.1841231883907, 40.033502552670498 ], [ -75.184444889701993, 40.033700708941502 ], [ -75.184191800645607, 40.033949682302399 ], [ -75.183725474183504, 40.034407411673101 ], [ -75.183229514789801, 40.034118151760602 ] ] ] } },
{ "type": "Feature", "properties": { "aun": 126515001, "school_num": 3765, "location_id": "8260", "school_name": "FOX CHASE SCHOOL", "school_name_label": "FOX CHASE SCHOOL", "street_address": "500 RHAWN ST", "zip_code": "19111", "phone_number": "(215) 400-3170", "active": null, "grade_level": "ELEMENTARY SCHOOL", "grade_org": "K-5", "enrollment": 507, "type": 1, "type_specific": "DISTRICT", "objectid": 127, "Shape__Area": 72464.359375, "Shape__Length": 1121.3282984820712 }, "geometry": { "type": "Polygon", "coordinates": [ [ [ -75.080854547279202, 40.075753086234997 ], [ -75.080339219607495, 40.075446615557901 ], [ -75.080265548505295, 40.075402781762399 ], [ -75.080214986751798, 40.075372719895199 ], [ -75.079337632346096, 40.074850897896297 ], [ -75.079285491272998, 40.074819896733999 ], [ -75.079168416125398, 40.074750260317302 ], [ -75.078712549116602, 40.074478968565202 ], [ -75.078893690271897, 40.074302358757798 ], [ -75.079223652328395, 40.073980610571198 ], [ -75.079264777443598, 40.0739407008966 ], [ -75.079402064501394, 40.073806628446199 ], [ -75.079448828875002, 40.073760998647998 ], [ -75.079506874088693, 40.0737043623772 ], [ -75.079573036397093, 40.073639323307901 ], [ -75.079639153961494, 40.073575380176699 ], [ -75.079744715025001, 40.073471100654899 ], [ -75.079891120058704, 40.073329742895702 ], [ -75.079953457788307, 40.073275995988901 ], [ -75.079984999509705, 40.073292961029402 ], [ -75.081217513087694, 40.073971864797997 ], [ -75.081272906268097, 40.074000217218398 ], [ -75.082419161214702, 40.074641719470499 ], [ -75.082466300309406, 40.074670282905998 ], [ -75.082431276183797, 40.074674096740999 ], [ -75.082386922097598, 40.074680884787703 ], [ -75.082378287802001, 40.074682200355603 ], [ -75.082337776013404, 40.074688400670397 ], [ -75.082248434367401, 40.074710103963099 ], [ -75.082169829596893, 40.074731976473998 ], [ -75.0820781660791, 40.074767344020501 ], [ -75.081995160908306, 40.074809876397701 ], [ -75.081908053737806, 40.074865967568499 ], [ -75.081800547293099, 40.074958386775798 ], [ -75.081795183670096, 40.07496298593 ], [ -75.081758381915606, 40.074999159576997 ], [ -75.081472633425903, 40.075279996004099 ], [ -75.081432142278402, 40.075319791651403 ], [ -75.080992850985893, 40.0757515262409 ], [ -75.080961806428206, 40.075768312391197 ], [ -75.080923138422094, 40.075774023434697 ], [ -75.080887579210298, 40.075768989718298 ], [ -75.080866480837599, 40.075760181998398 ], [ -75.080854547279202, 40.075753086234997 ] ] ] } },
{ "type": "Feature", "properties": { "aun": 326517070, "school_num": null, "location_id": null, "school_name": "CHILDREN'S HOUSE OF PHILADELPHIA", "school_name_label": "CHILDREN'S HOUSE OF PHILADELPHIA", "street_address": "2611 S BROAD ST", "zip_code": "19148", "phone_number": "(215) 570-0757", "active": null, "grade_level": "PRE-K/KINDERGARTEN", "grade_org": "PREK-K", "enrollment": null, "type": 3, "type_specific": "PRIVATE", "objectid": 128, "Shape__Area": 905.04296875, "Shape__Length": 147.30729553973129 }, "geometry": { "type": "Polygon", "coordinates": [ [ [ -75.170479399799405, 39.917771977506497 ], [ -75.170495954442501, 39.917765498855701 ], [ -75.170770896374293, 39.917658781276899 ], [ -75.170841009417103, 39.917631681417902 ], [ -75.170847468314705, 39.917629182229902 ], [ -75.170954826398102, 39.917587671560497 ], [ -75.170971312977002, 39.917581288171299 ], [ -75.170941805869006, 39.917721721123797 ], [ -75.170940834877797, 39.9177263417616 ], [ -75.170919429534393, 39.9178281401025 ], [ -75.170887305951595, 39.917823984644897 ], [ -75.170753680082299, 39.917807453394801 ], [ -75.170712406512706, 39.917802205681298 ], [ -75.170677445166106, 39.917797824143904 ], [ -75.170513640796898, 39.917777148180903 ], [ -75.170479399799405, 39.917771977506497 ] ] ] } },
{ "type": "Feature", "properties": { "aun": 126513100, "school_num": 7564, "location_id": "3307", "school_name": "DE HOSTOS CHARTER SCHOOL", "school_name_label": "EUGENIO MARIA DE HOSTOS CHARTER SCHOOL", "street_address": "6301 N 2ND ST", "zip_code": "19120", "phone_number": "(215) 455-2300", "active": null, "grade_level": "ELEMENTARY/MIDDLE", "grade_org": "K-8", "enrollment": 631, "type": 2, "type_specific": "CHARTER", "objectid": 129, "Shape__Area": 232122.47265625, "Shape__Length": 1931.1289246069857 }, "geometry": { "type": "MultiPolygon", "coordinates": [ [ [ [ -75.123303981506695, 40.045795389773801 ], [ -75.122641190708194, 40.049521945420501 ], [ -75.118722378379402, 40.049015029410299 ], [ -75.1187223404403, 40.049015025162497 ], [ -75.118707095180895, 40.0490119481085 ], [ -75.118692767676706, 40.049006897425897 ], [ -75.118679787349194, 40.049000023736298 ], [ -75.118668541815595, 40.048991535271199 ], [ -75.118659368671203, 40.048981683040999 ], [ -75.118652542136701, 40.048970765035001 ], [ -75.118648265101797, 40.048959104639103 ], [ -75.118646667574495, 40.0489470528533 ], [ -75.118647797129, 40.048934970051803 ], [ -75.118647820309803, 40.048934863585799 ], [ -75.119352351941998, 40.045640340995298 ], [ -75.123303981506695, 40.045795389773801 ] ] ] ] } },
{ "type": "Feature", "properties": { "aun": 300512620, "school_num": null, "location_id": null, "school_name": "CORNERSTONE CHRISTIAN ACADEMY", "school_name_label": "CORNERSTONE CHRISTIAN ACADEMY", "street_address": "1939 S 58TH ST", "zip_code": "19143", "phone_number": "(215) 724-6858", "active": "O", "grade_level": "ELEMENTARY/MIDDLE", "grade_org": "K-8", "enrollment": null, "type": 3, "type_specific": "PRIVATE", "objectid": 130, "Shape__Area": 6159.1328125, "Shape__Length": 340.5153824208677 }, "geometry": { "type": "Polygon", "coordinates": [ [ [ -75.227647195167506, 39.935667902825799 ], [ -75.227366834473102, 39.9354308895185 ], [ -75.227164641652095, 39.935259943162698 ], [ -75.226932950201899, 39.935064071206 ], [ -75.227202037084695, 39.9348747353948 ], [ -75.227213254883694, 39.934866986923801 ], [ -75.227278116118399, 39.934822133905598 ], [ -75.227322566210702, 39.934859478182503 ], [ -75.227470398098205, 39.934983641509298 ], [ -75.227591787063204, 39.935086816578803 ], [ -75.227622114564696, 39.935112582015996 ], [ -75.227644017064407, 39.935131198563298 ], [ -75.227723144671302, 39.935198448122001 ], [ -75.227990442344804, 39.935425760120502 ], [ -75.227647195167506, 39.935667902825799 ] ] ] } },
{ "type": "Feature", "properties": { "aun": 126519433, "school_num": 8152, "location_id": "3408", "school_name": "MASTERY CHARTER @ MANN", "school_name_label": "MASTERY CHARTER SCHOOL AT MANN", "street_address": "5376 W BERKS ST", "zip_code": "19131", "phone_number": "(215) 581-5616", "active": null, "grade_level": "ELEMENTARY SCHOOL", "grade_org": "K-6", "enrollment": 574, "type": 2, "type_specific": "CHARTER", "objectid": 131, "Shape__Area": 9994.83984375, "Shape__Length": 402.19261230599625 }, "geometry": { "type": "Polygon", "coordinates": [ [ [ -75.231129938380107, 39.985165410371998 ], [ -75.231427440117102, 39.985105429927899 ], [ -75.231450540204094, 39.985171333358799 ], [ -75.231686420290302, 39.985844113229497 ], [ -75.231115538377495, 39.985962153509902 ], [ -75.230907576460396, 39.986005158464401 ], [ -75.230814040829898, 39.985737133739001 ], [ -75.230800238130399, 39.985697402072397 ], [ -75.230786519669905, 39.9856576891465 ], [ -75.230773024068696, 39.9856192706605 ], [ -75.2307582769958, 39.985576778105198 ], [ -75.230744900057104, 39.985538555933999 ], [ -75.230730511815494, 39.985497087123399 ], [ -75.230716718592305, 39.985457694652098 ], [ -75.230702596377697, 39.985416988513101 ], [ -75.230688949810002, 39.985377550828197 ], [ -75.230675531976502, 39.985338183484401 ], [ -75.230661348086599, 39.985298588715303 ], [ -75.230654314969101, 39.9852786067908 ], [ -75.230648864413496, 39.985262851488102 ], [ -75.230713424082793, 39.985249938272702 ], [ -75.230771256106706, 39.985237619546503 ], [ -75.230829144070697, 39.985226041962299 ], [ -75.230888388107402, 39.9852140605093 ], [ -75.230947565044104, 39.985202190177901 ], [ -75.231004716442698, 39.985190693197097 ], [ -75.231065948020003, 39.985178255223303 ], [ -75.231129938380107, 39.985165410371998 ] ] ] } },
{ "type": "Feature", "properties": { "aun": 226510004, "school_num": null, "location_id": null, "school_name": "LOGAN HOPE SCHOOL", "school_name_label": "LOGAN HOPE SCHOOL", "street_address": "4934 N 13TH ST", "zip_code": "19141", "phone_number": "(215) 455-7442", "active": "O", "grade_level": "ELEMENTARY/MIDDLE", "grade_org": "K-8", "enrollment": null, "type": 3, "type_specific": "PRIVATE", "objectid": 132, "Shape__Area": 650.41015625, "Shape__Length": 112.2313427022798 }, "geometry": { "type": "Polygon", "coordinates": [ [ [ -75.144838918192704, 40.028668493306299 ], [ -75.144863407239399, 40.028557529600903 ], [ -75.145215537333996, 40.028603115299703 ], [ -75.145191048846399, 40.028714079079997 ], [ -75.144838918192704, 40.028668493306299 ] ] ] } },
{ "type": "Feature", "properties": { "aun": 126515001, "school_num": 3848, "location_id": "6010", "school_name": "CENTRAL HIGH SCHOOL", "school_name_label": "CENTRAL HIGH SCHOOL", "street_address": "1700 W OLNEY AVE", "zip_code": "19141", "phone_number": "(215) 400-3590", "active": null, "grade_level": "HIGH SCHOOL", "grade_org": "9-12", "enrollment": 2329, "type": 1, "type_specific": "DISTRICT", "objectid": 133, "Shape__Area": 113083.671875, "Shape__Length": 1402.0502363198796 }, "geometry": { "type": "Polygon", "coordinates": [ [ [ -75.149799869504406, 40.036159166539498 ], [ -75.150064150464701, 40.035869705431601 ], [ -75.150549422542795, 40.0359314402248 ], [ -75.150720653729394, 40.035950145071702 ], [ -75.150892817945603, 40.035962815936102 ], [ -75.151065555744196, 40.035969425534802 ], [ -75.151238505652898, 40.035969961182197 ], [ -75.151411307231996, 40.035964421481403 ], [ -75.151583598104395, 40.035952817382402 ], [ -75.151755019768004, 40.035935173440599 ], [ -75.151963016121698, 40.035910034546802 ], [ -75.151916209769993, 40.035681234621897 ], [ -75.152189788750803, 40.0357311142279 ], [ -75.152198751294506, 40.035964949605599 ], [ -75.151541016152393, 40.039020934548297 ], [ -75.151013660242398, 40.038953874421999 ], [ -75.150792878951904, 40.0389283060615 ], [ -75.150571220457394, 40.0389077011748 ], [ -75.150348872966603, 40.038892079785597 ], [ -75.1501260279164, 40.038881454107901 ], [ -75.149800585338696, 40.038525377566998 ], [ -75.149714590170305, 40.038425201807001 ], [ -75.149636335266194, 40.038321344854801 ], [ -75.149566088454804, 40.038214158555903 ], [ -75.149504084790294, 40.038104008654599 ], [ -75.149450538480906, 40.037991269432403 ], [ -75.149405628249099, 40.037876323375798 ], [ -75.149369509087194, 40.037759560316701 ], [ -75.149342303431695, 40.037641378358202 ], [ -75.149324102799696, 40.0375221794067 ], [ -75.149314969340296, 40.037402366953998 ], [ -75.149314932777898, 40.037282349387098 ], [ -75.149323996527897, 40.037162533368701 ], [ -75.149342125813007, 40.0370433280737 ], [ -75.149369262648605, 40.036925136517901 ], [ -75.149405310988797, 40.036808360853101 ], [ -75.149450151495799, 40.0366933993229 ], [ -75.149503631508296, 40.036580640404601 ], [ -75.149565566291301, 40.036470468468401 ], [ -75.149635748035294, 40.036363258350598 ], [ -75.149713938623805, 40.036259372937003 ], [ -75.149799869504406, 40.036159166539498 ] ] ] } },
{ "type": "Feature", "properties": { "aun": 300513605, "school_num": null, "location_id": null, "school_name": "FOX CHASE FARMS", "school_name_label": "FOX CHASE FARMS", "street_address": "8500 PINE RD", "zip_code": "19111", "phone_number": "(215) 400-3310", "active": null, "grade_level": "UNGRADED", "grade_org": "UNGRADED", "enrollment": null, "type": 1, "type_specific": "DISTRICT", "objectid": 134, "Shape__Area": 191057.60546875, "Shape__Length": 2136.8796927979097 }, "geometry": { "type": "Polygon", "coordinates": [ [ [ -75.069623432478096, 40.090185056995502 ], [ -75.070327611172402, 40.089716339796396 ], [ -75.070511853829601, 40.089623523034199 ], [ -75.071528976747999, 40.088982423932002 ], [ -75.072145535476395, 40.088593791956299 ], [ -75.072447613278698, 40.0884139874127 ], [ -75.072786740425499, 40.0882728965762 ], [ -75.073523219629806, 40.087966485059098 ], [ -75.0745562680966, 40.087751581074698 ], [ -75.076106776973006, 40.087429010688602 ], [ -75.076065989891006, 40.087471768946102 ], [ -75.074522691270403, 40.089089067852797 ], [ -75.074520459517899, 40.089091368742203 ], [ -75.074489411106995, 40.089123999105603 ], [ -75.074474280995901, 40.089139896027497 ], [ -75.073455351852701, 40.090210593724102 ], [ -75.073414513608, 40.0902535222436 ], [ -75.073044149348902, 40.090642681321803 ], [ -75.071325528261397, 40.0924103697281 ], [ -75.071310410056597, 40.0924259275262 ], [ -75.071274350178896, 40.092463019834497 ], [ -75.070973873110304, 40.0920641114215 ], [ -75.070675796326796, 40.091574561709898 ], [ -75.070424186232302, 40.091384610940402 ], [ -75.070214954942998, 40.090941909209697 ], [ -75.070180259261406, 40.090672435122599 ], [ -75.069623432478096, 40.090185056995502 ] ] ] } },
{ "type": "Feature", "properties": { "aun": 126515001, "school_num": 6823, "location_id": "5430", "school_name": "AMY 5 AT JAMES MARTIN", "school_name_label": "ALTERNATIVE MIDDLE YEARS AT JAMES MARTIN ", "street_address": "3380 RICHMOND ST", "zip_code": "19134", "phone_number": "(215) 400-7190", "active": null, "grade_level": "MIDDLE SCHOOL", "grade_org": "6-8", "enrollment": 208, "type": 1, "type_specific": "DISTRICT", "objectid": 135, "Shape__Area": 9980.76171875, "Shape__Length": 531.9297705059073 }, "geometry": { "type": "Polygon", "coordinates": [ [ [ -75.098338326341604, 39.985366888975598 ], [ -75.098051838369699, 39.985516849203897 ], [ -75.0979797174883, 39.985436396147598 ], [ -75.097879523597896, 39.985325930699801 ], [ -75.097848241197696, 39.985291451637103 ], [ -75.097763743499499, 39.985336087025999 ], [ -75.097681530923794, 39.985379081217701 ], [ -75.097599355731205, 39.985422690047301 ], [ -75.097567775009907, 39.985439337787703 ], [ -75.097542818739598, 39.985452671884502 ], [ -75.097568833941807, 39.985487351422201 ], [ -75.097720933265705, 39.985690058443701 ], [ -75.097262582192698, 39.985929974552903 ], [ -75.097088349390404, 39.985736909964402 ], [ -75.096953257440802, 39.985585867534802 ], [ -75.096856496089401, 39.985477673405398 ], [ -75.097363429073198, 39.985213026608903 ], [ -75.097420190256997, 39.9851842743265 ], [ -75.097684663001104, 39.985045078855798 ], [ -75.097740422793606, 39.985015642144099 ], [ -75.097793024146597, 39.9849887600625 ], [ -75.097837505528801, 39.984965882383001 ], [ -75.097847000615602, 39.984961007572998 ], [ -75.097900327847299, 39.984932707319103 ], [ -75.097914176213095, 39.984925273919302 ], [ -75.097957441876304, 39.984901918710598 ], [ -75.098157954828096, 39.985129000734297 ], [ -75.098137379906106, 39.985139738715397 ], [ -75.0981435821014, 39.985146750167701 ], [ -75.098338326341604, 39.985366888975598 ] ] ] } },
{ "type": "Feature", "properties": { "aun": 126515001, "school_num": 3614, "location_id": "1410", "school_name": "RHOADS, JAMES SCHOOL", "school_name_label": "JAMES RHOADS SCHOOL", "street_address": "4901 PARRISH ST", "zip_code": "19139", "phone_number": "(215) 400-7680", "active": null, "grade_level": "ELEMENTARY/MIDDLE", "grade_org": "K-8", "enrollment": 419, "type": 1, "type_specific": "DISTRICT", "objectid": 136, "Shape__Area": 10128.30859375, "Shape__Length": 467.85574832476954 }, "geometry": { "type": "Polygon", "coordinates": [ [ [ -75.218782977801496, 39.967359695990702 ], [ -75.218781572004502, 39.967348477938799 ], [ -75.219445919978199, 39.967283404442497 ], [ -75.220080598659493, 39.967221235284001 ], [ -75.220354128749406, 39.967194430197097 ], [ -75.220375048752004, 39.967358955518399 ], [ -75.220386440129502, 39.967448557640601 ], [ -75.220403892694904, 39.9675857647917 ], [ -75.2202262438866, 39.967603642265701 ], [ -75.220145075310199, 39.9676117985803 ], [ -75.218831321089297, 39.967743939662299 ], [ -75.218782977801496, 39.967359695990702 ] ] ] } },
{ "type": "Feature", "properties": { "aun": 126515001, "school_num": 3749, "location_id": "7390", "school_name": "MORRISON, ANDREW J. SCHOOL", "school_name_label": "ANDREW J. MORRISON SCHOOL", "street_address": "5100 N 3RD ST", "zip_code": "19120", "phone_number": "(215) 400-3780", "active": null, "grade_level": "ELEMENTARY/MIDDLE", "grade_org": "K-8", "enrollment": 512, "type": 1, "type_specific": "DISTRICT", "objectid": 137, "Shape__Area": 9701.6171875, "Shape__Length": 394.89996683109723 }, "geometry": { "type": "Polygon", "coordinates": [ [ [ -75.1292427564983, 40.029887821319697 ], [ -75.129099492830605, 40.0298688358451 ], [ -75.129097198730506, 40.029868525572802 ], [ -75.129164912032806, 40.029567046169603 ], [ -75.129170255069894, 40.029543262794498 ], [ -75.129203505632304, 40.029395217390999 ], [ -75.129257648185401, 40.029154105498897 ], [ -75.129671906260199, 40.0292076137208 ], [ -75.129691687173505, 40.029210176824201 ], [ -75.130071000171696, 40.029259630195199 ], [ -75.129911242593707, 40.029976420922402 ], [ -75.1292427564983, 40.029887821319697 ] ] ] } },
{ "type": "Feature", "properties": { "aun": 126515001, "school_num": 7239, "location_id": "7100", "school_name": "COOKE, JAY ELEMENTARY SCHOOL", "school_name_label": "JAY COOKE SCHOOL", "street_address": "1300 W LOUDON ST", "zip_code": "19141", "phone_number": "(215) 400-8330", "active": null, "grade_level": "ELEMENTARY/MIDDLE", "grade_org": "K-8", "enrollment": 370, "type": 1, "type_specific": "DISTRICT", "objectid": 138, "Shape__Area": 12897.109375, "Shape__Length": 455.21544985171568 }, "geometry": { "type": "Polygon", "coordinates": [ [ [ -75.145515678701599, 40.025646139851602 ], [ -75.145632366862003, 40.025122616615903 ], [ -75.145638576890505, 40.025093564412003 ], [ -75.145639004687297, 40.025092800363197 ], [ -75.146455497458604, 40.025197685027798 ], [ -75.146517174644103, 40.025205611212797 ], [ -75.146699954624907, 40.025229082861102 ], [ -75.146666736860396, 40.025415062724399 ], [ -75.146653040705701, 40.025491676769299 ], [ -75.146605488167594, 40.025758382854903 ], [ -75.146572125720695, 40.025939909508601 ], [ -75.146569638027501, 40.0259533943075 ], [ -75.145479305010994, 40.0258121083044 ], [ -75.145515678701599, 40.025646139851602 ] ] ] } },
{ "type": "Feature", "properties": { "aun": 126515001, "school_num": 7782, "location_id": "5080", "school_name": "PARKWAY CENTER CITY MIDDLE COLLEGE HIGH SCHOOL", "school_name_label": "PARKWAY CENTER CITY MIDDLE COLLEGE HIGH SCHOOL", "street_address": "540 N 13TH ST", "zip_code": "19123", "phone_number": "(215) 400-7620", "active": null, "grade_level": "HIGH SCHOOL", "grade_org": "9-12", "enrollment": 437, "type": 1, "type_specific": "DISTRICT", "objectid": 139, "Shape__Area": 9013.9609375, "Shape__Length": 435.14802086229804 }, "geometry": { "type": "Polygon", "coordinates": [ [ [ -75.160504555359495, 39.962855613535901 ], [ -75.1604679432469, 39.9630159375115 ], [ -75.160525383497202, 39.9630231006795 ], [ -75.160581967602994, 39.963030146510398 ], [ -75.160615766026694, 39.963034377096598 ], [ -75.160562190156796, 39.963278109466202 ], [ -75.159159262627099, 39.963102616331703 ], [ -75.159253771559804, 39.962698642667597 ], [ -75.160504555359495, 39.962855613535901 ] ] ] } },
{ "type": "Feature", "properties": { "aun": 126515001, "school_num": 3654, "location_id": "2640", "school_name": "SOUTHWARK SCHOOL", "school_name_label": "SOUTHWARK SCHOOL", "street_address": "1835 S 9TH ST", "zip_code": "19148", "phone_number": "(215) 400-8280", "active": null, "grade_level": "ELEMENTARY/MIDDLE", "grade_org": "K-8", "enrollment": 946, "type": 1, "type_specific": "DISTRICT", "objectid": 140, "Shape__Area": 12520.8515625, "Shape__Length": 473.30074895910309 }, "geometry": { "type": "Polygon", "coordinates": [ [ [ -75.159277843824697, 39.925602199807599 ], [ -75.160666734800003, 39.925781900606601 ], [ -75.160548313553804, 39.926324463955503 ], [ -75.160310285400499, 39.926293667548201 ], [ -75.160291387679095, 39.926291222485602 ], [ -75.160240721041006, 39.926284667611803 ], [ -75.160193674716197, 39.9262785807908 ], [ -75.160144015453795, 39.926272155621099 ], [ -75.160096108854304, 39.926265956975897 ], [ -75.160046452490604, 39.9262595329552 ], [ -75.159997652128894, 39.926253218348798 ], [ -75.159949725136599, 39.926247018055001 ], [ -75.159901821452806, 39.926240820519901 ], [ -75.159853949847303, 39.926234625941802 ], [ -75.159802497201198, 39.926227969774203 ], [ -75.159754611040597, 39.926221773699197 ], [ -75.159705826725101, 39.926215461582402 ], [ -75.159658796487903, 39.9262093771558 ], [ -75.159610012233003, 39.926203063872897 ], [ -75.159562128944899, 39.926196870034097 ], [ -75.159513338861601, 39.926190556578 ], [ -75.159465414880799, 39.9261843561478 ], [ -75.159414809617701, 39.926177806797298 ], [ -75.1593918054661, 39.926174830694102 ], [ -75.159159411851206, 39.926144760598604 ], [ -75.159277843824697, 39.925602199807599 ] ] ] } },
{ "type": "Feature", "properties": { "aun": 126515001, "school_num": 7255, "location_id": "4140", "school_name": "STRAWBERRY MANSION HIGH SCHOOL", "school_name_label": "STRAWBERRY MANSION HIGH SCHOOL", "street_address": "3133 RIDGE AVE", "zip_code": "19121", "phone_number": "(215) 400-7500", "active": null, "grade_level": "HIGH SCHOOL", "grade_org": "9-12", "enrollment": 307, "type": 1, "type_specific": "DISTRICT", "objectid": 141, "Shape__Area": 30937.296875, "Shape__Length": 697.06121735192835 }, "geometry": { "type": "Polygon", "coordinates": [ [ [ -75.183899746632903, 39.991427557005103 ], [ -75.183848202101203, 39.991420617908901 ], [ -75.183540688140695, 39.991379246168201 ], [ -75.183220996974995, 39.9913362306241 ], [ -75.1832967586123, 39.9909885459168 ], [ -75.183305582359694, 39.9909480570131 ], [ -75.183372744097696, 39.990639915613201 ], [ -75.183381187498497, 39.990601158275098 ], [ -75.183447917552101, 39.990295006305097 ], [ -75.183456944433701, 39.990253554475899 ], [ -75.183477863815, 39.990157512848697 ], [ -75.183533413262694, 39.989902629443499 ], [ -75.183534559783197, 39.989902783473703 ], [ -75.183803225157405, 39.9899371937449 ], [ -75.184281576355005, 39.989998455631003 ], [ -75.184287054838606, 39.989999867664302 ], [ -75.184327386905807, 39.990005136863601 ], [ -75.184372805195494, 39.990049369012397 ], [ -75.184447473255602, 39.9901220781082 ], [ -75.184465908238195, 39.990140012546398 ], [ -75.184503097577903, 39.990194055152699 ], [ -75.184511277001604, 39.990205520864897 ], [ -75.184553492488902, 39.9902646572503 ], [ -75.184589538871293, 39.990315160342597 ], [ -75.184706949701805, 39.990479658706697 ], [ -75.184742197359597, 39.990529062683301 ], [ -75.184744824042795, 39.9905327490765 ], [ -75.184819543338307, 39.990637423482603 ], [ -75.184744921053607, 39.990970708195 ], [ -75.184698884084398, 39.991176366316601 ], [ -75.184671127334397, 39.991300335271902 ], [ -75.184632758234798, 39.991471651588597 ], [ -75.184620909197207, 39.991524566581802 ], [ -75.183899746632903, 39.991427557005103 ] ] ] } },
{ "type": "Feature", "properties": { "aun": 126515001, "school_num": 3630, "location_id": "4570", "school_name": "MEADE, GEN. GEORGE G. SCHOOL", "school_name_label": "GENERAL GEORGE G. MEADE SCHOOL", "street_address": "1600 N 18TH ST", "zip_code": "19121", "phone_number": "(215) 400-7310", "active": null, "grade_level": "ELEMENTARY/MIDDLE", "grade_org": "K-8", "enrollment": 291, "type": 1, "type_specific": "DISTRICT", "objectid": 142, "Shape__Area": 10492.52734375, "Shape__Length": 439.00066492630503 }, "geometry": { "type": "Polygon", "coordinates": [ [ [ -75.164447040151401, 39.979193406339597 ], [ -75.164472283425596, 39.979079621544003 ], [ -75.164488951819095, 39.979004491969803 ], [ -75.164495272582002, 39.978976053032902 ], [ -75.164509637065606, 39.978911333467799 ], [ -75.164517274970706, 39.978876944839698 ], [ -75.164530021837507, 39.978819490433999 ], [ -75.164623174605694, 39.978399685143202 ], [ -75.164633010941202, 39.978355383057398 ], [ -75.164642471659903, 39.978312717988501 ], [ -75.164650312375898, 39.978277382225301 ], [ -75.164669055659999, 39.978192884889701 ], [ -75.164671507060405, 39.978181866634202 ], [ -75.165292819018205, 39.978263806582099 ], [ -75.165070400537701, 39.979277345262503 ], [ -75.165011364448205, 39.979269889704497 ], [ -75.164447040151401, 39.979193406339597 ] ] ] } },
{ "type": "Feature", "properties": { "aun": 126515001, "school_num": null, "location_id": null, "school_name": "ONE BRIGHT RAY MANSION", "school_name_label": "ONE BRIGHT RAY MANSION", "street_address": "3133 RIDGE AVE", "zip_code": "19121", "phone_number": "(215) 999-3110", "active": "O", "grade_level": "HIGH SCHOOL", "grade_org": "9-12", "enrollment": 147, "type": 1, "type_specific": "CONTRACTED", "objectid": 143, "Shape__Area": 30937.296875, "Shape__Length": 697.06121735192835 }, "geometry": { "type": "Polygon", "coordinates": [ [ [ -75.183899746632903, 39.991427557005103 ], [ -75.183848202101203, 39.991420617908901 ], [ -75.183540688140695, 39.991379246168201 ], [ -75.183220996974995, 39.9913362306241 ], [ -75.1832967586123, 39.9909885459168 ], [ -75.183305582359694, 39.9909480570131 ], [ -75.183372744097696, 39.990639915613201 ], [ -75.183381187498497, 39.990601158275098 ], [ -75.183447917552101, 39.990295006305097 ], [ -75.183456944433701, 39.990253554475899 ], [ -75.183477863815, 39.990157512848697 ], [ -75.183533413262694, 39.989902629443499 ], [ -75.183534559783197, 39.989902783473703 ], [ -75.183803225157405, 39.9899371937449 ], [ -75.184281576355005, 39.989998455631003 ], [ -75.184287054838606, 39.989999867664302 ], [ -75.184327386905807, 39.990005136863601 ], [ -75.184372805195494, 39.990049369012397 ], [ -75.184447473255602, 39.9901220781082 ], [ -75.184465908238195, 39.990140012546398 ], [ -75.184503097577903, 39.990194055152699 ], [ -75.184511277001604, 39.990205520864897 ], [ -75.184553492488902, 39.9902646572503 ], [ -75.184589538871293, 39.990315160342597 ], [ -75.184706949701805, 39.990479658706697 ], [ -75.184742197359597, 39.990529062683301 ], [ -75.184744824042795, 39.9905327490765 ], [ -75.184819543338307, 39.990637423482603 ], [ -75.184744921053607, 39.990970708195 ], [ -75.184698884084398, 39.991176366316601 ], [ -75.184671127334397, 39.991300335271902 ], [ -75.184632758234798, 39.991471651588597 ], [ -75.184620909197207, 39.991524566581802 ], [ -75.183899746632903, 39.991427557005103 ] ] ] } },
{ "type": "Feature", "properties": { "aun": 126515001, "school_num": null, "location_id": null, "school_name": "ONE BRIGHT RAY MANSION EVENING", "school_name_label": "ONE BRIGHT RAY MANSION EVENING", "street_address": "3133 RIDGE AVE", "zip_code": "19121", "phone_number": "(215) 999-3110", "active": "O", "grade_level": "HIGH SCHOOL", "grade_org": "9-12", "enrollment": 88, "type": 1, "type_specific": "CONTRACTED", "objectid": 144, "Shape__Area": 30937.296875, "Shape__Length": 697.06121735192835 }, "geometry": { "type": "Polygon", "coordinates": [ [ [ -75.183899746632903, 39.991427557005103 ], [ -75.183848202101203, 39.991420617908901 ], [ -75.183540688140695, 39.991379246168201 ], [ -75.183220996974995, 39.9913362306241 ], [ -75.1832967586123, 39.9909885459168 ], [ -75.183305582359694, 39.9909480570131 ], [ -75.183372744097696, 39.990639915613201 ], [ -75.183381187498497, 39.990601158275098 ], [ -75.183447917552101, 39.990295006305097 ], [ -75.183456944433701, 39.990253554475899 ], [ -75.183477863815, 39.990157512848697 ], [ -75.183533413262694, 39.989902629443499 ], [ -75.183534559783197, 39.989902783473703 ], [ -75.183803225157405, 39.9899371937449 ], [ -75.184281576355005, 39.989998455631003 ], [ -75.184287054838606, 39.989999867664302 ], [ -75.184327386905807, 39.990005136863601 ], [ -75.184372805195494, 39.990049369012397 ], [ -75.184447473255602, 39.9901220781082 ], [ -75.184465908238195, 39.990140012546398 ], [ -75.184503097577903, 39.990194055152699 ], [ -75.184511277001604, 39.990205520864897 ], [ -75.184553492488902, 39.9902646572503 ], [ -75.184589538871293, 39.990315160342597 ], [ -75.184706949701805, 39.990479658706697 ], [ -75.184742197359597, 39.990529062683301 ], [ -75.184744824042795, 39.9905327490765 ], [ -75.184819543338307, 39.990637423482603 ], [ -75.184744921053607, 39.990970708195 ], [ -75.184698884084398, 39.991176366316601 ], [ -75.184671127334397, 39.991300335271902 ], [ -75.184632758234798, 39.991471651588597 ], [ -75.184620909197207, 39.991524566581802 ], [ -75.183899746632903, 39.991427557005103 ] ] ] } },
{ "type": "Feature", "properties": { "aun": 126515001, "school_num": 3703, "location_id": "5420", "school_name": "WELSH, JOHN SCHOOL", "school_name_label": "JOHN WELSH SCHOOL", "street_address": "2331 N 4TH ST", "zip_code": "19133", "phone_number": "(215) 400-7130", "active": null, "grade_level": "ELEMENTARY/MIDDLE", "grade_org": "K-8", "enrollment": 186, "type": 1, "type_specific": "DISTRICT", "objectid": 145, "Shape__Area": 5720.59375, "Shape__Length": 363.48622300364235 }, "geometry": { "type": "Polygon", "coordinates": [ [ [ -75.139128372932802, 39.986188085797302 ], [ -75.139487740209105, 39.986236221779201 ], [ -75.139274873656206, 39.987195531896297 ], [ -75.138917828133202, 39.987145755384397 ], [ -75.139128372932802, 39.986188085797302 ] ] ] } },
{ "type": "Feature", "properties": { "aun": 126515001, "school_num": 7070, "location_id": "5150", "school_name": "BODINE, WILLIAM W. HIGH SCHOOL", "school_name_label": "WILLIAM W. BODINE HIGH SCHOOL", "street_address": "1101 N 4TH ST", "zip_code": "19123", "phone_number": "(215) 400-7630", "active": null, "grade_level": "HIGH SCHOOL", "grade_org": "9-12", "enrollment": 491, "type": 1, "type_specific": "DISTRICT", "objectid": 146, "Shape__Area": 7459.828125, "Shape__Length": 365.4272348093761 }, "geometry": { "type": "Polygon", "coordinates": [ [ [ -75.142736961982195, 39.967884893615597 ], [ -75.142750741163297, 39.967886704670697 ], [ -75.142906349645401, 39.9679071503963 ], [ -75.143419218537304, 39.967974549847199 ], [ -75.143271721256795, 39.968689944501499 ], [ -75.142919353080501, 39.9686469329435 ], [ -75.142944962829105, 39.968522839236101 ], [ -75.142613739279895, 39.968482400893997 ], [ -75.142736961982195, 39.967884893615597 ] ] ] } },
{ "type": "Feature", "properties": { "aun": 226512952, "school_num": null, "location_id": null, "school_name": "LITTLE FLOWER CATHOLIC SCHOOL", "school_name_label": "LITTLE FLOWER CATHOLIC SCHOOL", "street_address": "1000 W LYCOMING ST", "zip_code": "19140", "phone_number": "(215) 455-6900", "active": "O", "grade_level": "HIGH SCHOOL", "grade_org": "9-12", "enrollment": null, "type": 3, "type_specific": "ARCHDIOCESE", "objectid": 147, "Shape__Area": 34030.65625, "Shape__Length": 840.19352748502138 }, "geometry": { "type": "Polygon", "coordinates": [ [ [ -75.143417331175598, 40.013035660192799 ], [ -75.146055120755705, 40.0133693106037 ], [ -75.1458101147511, 40.014488424050803 ], [ -75.143325679029402, 40.013470155615302 ], [ -75.143417331175598, 40.013035660192799 ] ] ] } },
{ "type": "Feature", "properties": { "aun": 126515001, "school_num": 5122, "location_id": "6410", "school_name": "COOK-WISSAHICKON SCHOOL", "school_name_label": "COOK-WISSAHICKON SCHOOL", "street_address": "201 E SALAIGNAC ST", "zip_code": "19128", "phone_number": "(215) 400-3430", "active": null, "grade_level": "ELEMENTARY/MIDDLE", "grade_org": "K-8", "enrollment": 414, "type": 1, "type_specific": "DISTRICT", "objectid": 148, "Shape__Area": 20970.08984375, "Shape__Length": 631.37101504291638 }, "geometry": { "type": "Polygon", "coordinates": [ [ [ -75.207314594895294, 40.021928563126103 ], [ -75.207329658692601, 40.021925936882703 ], [ -75.207345085970204, 40.0219253391816 ], [ -75.207360417542105, 40.021926788011399 ], [ -75.207375196498205, 40.021930240594102 ], [ -75.207388985726794, 40.021935594898899 ], [ -75.207401372305299, 40.021942689739099 ], [ -75.207409447581895, 40.0219489660657 ], [ -75.207419087982998, 40.021958589352501 ], [ -75.207426839307004, 40.021969173175897 ], [ -75.207432545587395, 40.0219805012213 ], [ -75.207436088207999, 40.021992337728697 ], [ -75.207437394095393, 40.022004443441197 ], [ -75.207436880516795, 40.022023081674099 ], [ -75.207400348276394, 40.023350972891301 ], [ -75.207400102685995, 40.023353579231603 ], [ -75.207406822352397, 40.023369573248701 ], [ -75.207423570040405, 40.023401038744503 ], [ -75.207091676157503, 40.023546196729001 ], [ -75.207090992918594, 40.023544843612299 ], [ -75.207074897152197, 40.023551935094297 ], [ -75.207071541109698, 40.023546379310403 ], [ -75.207031274411307, 40.023492342065097 ], [ -75.206866807934304, 40.023275807919703 ], [ -75.206829877315897, 40.023228453323 ], [ -75.206794850731796, 40.023180640824897 ], [ -75.206757328460199, 40.023133401492103 ], [ -75.206728670462994, 40.023095820107301 ], [ -75.206715750748202, 40.023079140247901 ], [ -75.2067108336133, 40.023071617229903 ], [ -75.206695900510795, 40.0230694968877 ], [ -75.206641424645397, 40.023066791336902 ], [ -75.206566030357394, 40.023062816054399 ], [ -75.206514730513305, 40.023059874446801 ], [ -75.206485033982005, 40.023057830280003 ], [ -75.206456939303607, 40.023020310855401 ], [ -75.206421517361903, 40.022972972639998 ], [ -75.206393421178404, 40.022936081613501 ], [ -75.206377024107596, 40.022915407584797 ], [ -75.206363707021097, 40.022898154628798 ], [ -75.206333803887205, 40.022859094945098 ], [ -75.206304853220004, 40.022820928069798 ], [ -75.206276435654502, 40.022783078209599 ], [ -75.206247448867899, 40.022745876842599 ], [ -75.206218244373204, 40.022708348536902 ], [ -75.206187831866998, 40.022668891223098 ], [ -75.206151933050293, 40.0226203327571 ], [ -75.206115353760893, 40.022573710999502 ], [ -75.206086846847597, 40.022537117132003 ], [ -75.206058378236904, 40.022500635603997 ], [ -75.207310450300596, 40.021929668560801 ], [ -75.207314594895294, 40.021928563126103 ] ] ] } },
{ "type": "Feature", "properties": { "aun": 226515832, "school_num": null, "location_id": null, "school_name": "THE CITY SCHOOL AT SPRUCE HILL", "school_name_label": "THE CITY SCHOOL AT SPRUCE HILL", "street_address": "4115 BALTIMORE AVE", "zip_code": "19104", "phone_number": "(215) 382-7839", "active": "O", "grade_level": "ELEMENTARY SCHOOL", "grade_org": "K-5", "enrollment": null, "type": 3, "type_specific": "PRIVATE", "objectid": 149, "Shape__Area": 1867.36328125, "Shape__Length": 181.78340569394572 }, "geometry": { "type": "Polygon", "coordinates": [ [ [ -75.206476074667904, 39.949938294631202 ], [ -75.206487044108897, 39.949937859852703 ], [ -75.206495245510297, 39.949937525878099 ], [ -75.206720522843995, 39.949929141953497 ], [ -75.207008383632001, 39.949918437358498 ], [ -75.207018982897495, 39.950113155104901 ], [ -75.207020191011793, 39.9501351855236 ], [ -75.206814235184495, 39.950142161492003 ], [ -75.206790538941206, 39.950142908807798 ], [ -75.206713840266403, 39.9501457223732 ], [ -75.206485216555294, 39.950154000566101 ], [ -75.206476074667904, 39.949938294631202 ] ] ] } },
{ "type": "Feature", "properties": { "aun": 126515001, "school_num": 3708, "location_id": "6210", "school_name": "EDMONDS, FRANKLIN S. SCHOOL", "school_name_label": "FRANKLIN S. EDMONDS SCHOOL", "street_address": "8025 THOURON AVE", "zip_code": "19150", "phone_number": "(215) 400-3370", "active": null, "grade_level": "ELEMENTARY/MIDDLE", "grade_org": "K-8", "enrollment": 363, "type": 1, "type_specific": "DISTRICT", "objectid": 150, "Shape__Area": 40543.625, "Shape__Length": 807.51207615587475 }, "geometry": { "type": "Polygon", "coordinates": [ [ [ -75.169710439089698, 40.072842502029197 ], [ -75.169719002512295, 40.072834167367901 ], [ -75.169975353171395, 40.072569207644499 ], [ -75.170223362442698, 40.072311089142197 ], [ -75.170226443297196, 40.072307869616402 ], [ -75.170375765413098, 40.072393077259903 ], [ -75.170523159708196, 40.072477678297197 ], [ -75.170671496187495, 40.072562879182797 ], [ -75.170818582415507, 40.072647311853899 ], [ -75.170968313905306, 40.072732818455897 ], [ -75.171115167265896, 40.072817341236302 ], [ -75.171263118721498, 40.072902759062003 ], [ -75.171411348468695, 40.072987537584602 ], [ -75.171466730635402, 40.073019843686502 ], [ -75.171494905028894, 40.073035450634499 ], [ -75.171558920542793, 40.073073043357802 ], [ -75.171309339816304, 40.073330566285598 ], [ -75.171053797862598, 40.073594756431703 ], [ -75.171047553328293, 40.073600596750097 ], [ -75.170924816652303, 40.073726639439599 ], [ -75.170375503002006, 40.074276807499999 ], [ -75.170328066836703, 40.074249613408298 ], [ -75.170258124432394, 40.074209533077202 ], [ -75.169055384825299, 40.073520199579001 ], [ -75.169055691493099, 40.0735198843551 ], [ -75.169589973959404, 40.072966723604502 ], [ -75.169710439089698, 40.072842502029197 ] ] ] } },
{ "type": "Feature", "properties": { "aun": 126515001, "school_num": 3750, "location_id": "7400", "school_name": "OLNEY ELEMENTARY SCHOOL", "school_name_label": "OLNEY SCHOOL", "street_address": "5301 N WATER ST", "zip_code": "19120", "phone_number": "(215) 400-3790", "active": null, "grade_level": "ELEMENTARY/MIDDLE", "grade_org": "K-8", "enrollment": 656, "type": 1, "type_specific": "DISTRICT", "objectid": 151, "Shape__Area": 8886.5546875, "Shape__Length": 381.39852663507509 }, "geometry": { "type": "Polygon", "coordinates": [ [ [ -75.121161102460803, 40.031434841430404 ], [ -75.120420690986904, 40.031188051542202 ], [ -75.120418041054194, 40.0311871686811 ], [ -75.120451131559506, 40.031045925583598 ], [ -75.1204750551545, 40.030943692050997 ], [ -75.120542218090705, 40.030620152732403 ], [ -75.120552244222793, 40.030571893511997 ], [ -75.121323919591404, 40.030669158823102 ], [ -75.121288722364994, 40.030839387246203 ], [ -75.121234356047495, 40.031102301401098 ], [ -75.121165387209103, 40.031436261764199 ], [ -75.121161102460803, 40.031434841430404 ] ] ] } },
{ "type": "Feature", "properties": { "aun": null, "school_num": null, "location_id": "8450", "school_name": "YES PHILLY", "school_name_label": "YES PHILLY", "street_address": "2709 N BROAD ST", "zip_code": "19132", "phone_number": "(215) 769-0340", "active": null, "grade_level": "HIGH SCHOOL", "grade_org": "9-12", "enrollment": 121, "type": 1, "type_specific": "CONTRACTED", "objectid": 152, "Shape__Area": 2532.45703125, "Shape__Length": 276.99480745719148 }, "geometry": { "type": "Polygon", "coordinates": [ [ [ -75.153275583174903, 39.994390313106003 ], [ -75.153321799961006, 39.994168227024602 ], [ -75.153534568282296, 39.994195108278902 ], [ -75.153518737749295, 39.9942731083853 ], [ -75.154241017226994, 39.9943638053279 ], [ -75.154213343639199, 39.994510419412201 ], [ -75.153275583174903, 39.994390313106003 ] ] ] } },
{ "type": "Feature", "properties": { "aun": null, "school_num": null, "location_id": "2530", "school_name": "PHILADELPHIA JUVENILE JUSTICE SERVICES CENTER", "school_name_label": "PHILADELPHIA JUVENILE JUSTICE SERVICES CENTER SCHOOL", "street_address": "91 N 48TH ST", "zip_code": "19139", "phone_number": "(215) 683-3495", "active": null, "grade_level": "ELEMENTARY/MIDDLE/HIGH", "grade_org": "K-12", "enrollment": 184, "type": 1, "type_specific": "DISTRICT", "objectid": 153, "Shape__Area": 34474.3671875, "Shape__Length": 800.29472239891538 }, "geometry": { "type": "Polygon", "coordinates": [ [ [ -75.214890502771595, 39.9623471965607 ], [ -75.215216183146595, 39.9609826541788 ], [ -75.215340474315397, 39.9604618993678 ], [ -75.216495968891707, 39.960622867539399 ], [ -75.216495814149596, 39.960623524105401 ], [ -75.216495433965406, 39.960625123996302 ], [ -75.216079423975899, 39.962368266221901 ], [ -75.215551520554598, 39.962299897064199 ], [ -75.214890502771595, 39.9623471965607 ] ] ] } },
{ "type": "Feature", "properties": { "aun": 126510001, "school_num": 7677, "location_id": "3360", "school_name": "RUSSELL BYERS CHARTER SCHOOL", "school_name_label": "RUSSELL BYERS CHARTER SCHOOL", "street_address": "1911 ARCH ST", "zip_code": "19103", "phone_number": "(215) 972-1700", "active": null, "grade_level": "ELEMENTARY/MIDDLE", "grade_org": "K-8", "enrollment": 697, "type": 2, "type_specific": "CHARTER", "objectid": 154, "Shape__Area": 2942.3359375, "Shape__Length": 281.025561600885 }, "geometry": { "type": "Polygon", "coordinates": [ [ [ -75.171407884821605, 39.956340436040698 ], [ -75.1714345380651, 39.956212721701398 ], [ -75.171559806550903, 39.955613092215799 ], [ -75.171571121395303, 39.955558893739799 ], [ -75.171798719255605, 39.955588800352302 ], [ -75.171633838626093, 39.956369614440902 ], [ -75.171407884821605, 39.956340436040698 ] ] ] } },
{ "type": "Feature", "properties": { "aun": 126515001, "school_num": 3801, "location_id": "8410", "school_name": "POLLOCK, ROBERT B. SCHOOL", "school_name_label": "ROBERT B. POLLOCK SCHOOL", "street_address": "2875 WELSH RD", "zip_code": "19152", "phone_number": "(215) 400-3210", "active": null, "grade_level": "ELEMENTARY SCHOOL", "grade_org": "K-8", "enrollment": 845, "type": 1, "type_specific": "DISTRICT", "objectid": 155, "Shape__Area": 51881.55859375, "Shape__Length": 1019.3996777337251 }, "geometry": { "type": "Polygon", "coordinates": [ [ [ -75.026982215780507, 40.058797144514003 ], [ -75.027709998365395, 40.058789186457197 ], [ -75.027717006884004, 40.058825259542502 ], [ -75.028347493744207, 40.058769620579596 ], [ -75.028046188252006, 40.059321794097599 ], [ -75.028033471429495, 40.059343336629901 ], [ -75.028023187642603, 40.059371641774398 ], [ -75.027925108761096, 40.059641433154297 ], [ -75.027919638167404, 40.0596564885631 ], [ -75.027903152662006, 40.059701847894402 ], [ -75.027901785982195, 40.059705587553502 ], [ -75.027858454889298, 40.059926960306797 ], [ -75.027856560396401, 40.060056250519999 ], [ -75.027855432466893, 40.060133489212497 ], [ -75.027854502497107, 40.060196918304399 ], [ -75.027857915250493, 40.060223758225 ], [ -75.027893919444395, 40.060506543288 ], [ -75.027896423483895, 40.0605262219471 ], [ -75.027907743271001, 40.060610622710499 ], [ -75.027944157799197, 40.060882132884203 ], [ -75.026683881222894, 40.060174479893597 ], [ -75.026247118521496, 40.060138657087002 ], [ -75.025561485255295, 40.059731670767398 ], [ -75.026007235360495, 40.059268296205701 ], [ -75.026069674506402, 40.059203375566703 ], [ -75.026445775613396, 40.058812390081101 ], [ -75.026982215780507, 40.058797144514003 ] ] ] } },
{ "type": "Feature", "properties": { "aun": 126515001, "school_num": 3647, "location_id": "2580", "school_name": "KIRKBRIDE, ELIZA B. SCHOOL", "school_name_label": "ELIZA B. KIRKBRIDE SCHOOL", "street_address": "1501 S 7TH ST", "zip_code": "19147", "phone_number": "(215) 400-7980", "active": null, "grade_level": "ELEMENTARY/MIDDLE", "grade_org": "K-8", "enrollment": 489, "type": 1, "type_specific": "DISTRICT", "objectid": 156, "Shape__Area": 4476.96875, "Shape__Length": 291.87788159209151 }, "geometry": { "type": "Polygon", "coordinates": [ [ [ -75.155616961687997, 39.929888186672699 ], [ -75.155657544027093, 39.929697729407401 ], [ -75.155713378008898, 39.929705101447098 ], [ -75.155962027173302, 39.929737888641903 ], [ -75.156174009570194, 39.929766379274 ], [ -75.156560665954004, 39.929818325878898 ], [ -75.156544520437805, 39.929892451364502 ], [ -75.156495927959199, 39.930115611550498 ], [ -75.1564902206526, 39.930114854014697 ], [ -75.156395343816499, 39.930102327395602 ], [ -75.155998734238594, 39.930049978300502 ], [ -75.155647856395106, 39.9300036585783 ], [ -75.155591834219706, 39.929996266486697 ], [ -75.155616961687997, 39.929888186672699 ] ] ] } },
{ "type": "Feature", "properties": { "aun": 126515001, "school_num": 7227, "location_id": "2520", "school_name": "JENKS, ABRAM SCHOOL", "school_name_label": "ABRAM S. JENKS SCHOOL", "street_address": "2501 S 13TH ST", "zip_code": "19148", "phone_number": "(215) 400-8240", "active": null, "grade_level": "ELEMENTARY SCHOOL", "grade_org": "K-5", "enrollment": 278, "type": 1, "type_specific": "DISTRICT", "objectid": 157, "Shape__Area": 4986.3125, "Shape__Length": 346.6567638494779 }, "geometry": { "type": "Polygon", "coordinates": [ [ [ -75.167584995540693, 39.918908299662498 ], [ -75.1675698265732, 39.918906394753002 ], [ -75.168725886568893, 39.9184497019573 ], [ -75.168723715708694, 39.918459453881297 ], [ -75.168668037367993, 39.918709556692598 ], [ -75.1685955713276, 39.919035077212001 ], [ -75.167584995540693, 39.918908299662498 ] ] ] } },
{ "type": "Feature", "properties": { "aun": 126510010, "school_num": 7750, "location_id": "3368", "school_name": "BELMONT ELEMENTARY CHARTER", "school_name_label": "BELMONT CHARTER SCHOOL", "street_address": "4030 BROWN ST", "zip_code": "19104", "phone_number": "(215) 823-8208", "active": null, "grade_level": "ELEMENTARY/MIDDLE/HIGH", "grade_org": "K-12", "enrollment": 948, "type": 2, "type_specific": "CHARTER", "objectid": 158, "Shape__Area": 21290.1875, "Shape__Length": 582.17699859508798 }, "geometry": { "type": "Polygon", "coordinates": [ [ [ -75.206409140809498, 39.966728594791803 ], [ -75.206408528494194, 39.966724776730501 ], [ -75.207012527767802, 39.966675412134599 ], [ -75.207189494525295, 39.9666623918772 ], [ -75.207342385686104, 39.966651143273801 ], [ -75.207571931327607, 39.9666342588501 ], [ -75.207788871630797, 39.966619480089001 ], [ -75.207822190681995, 39.967236712789799 ], [ -75.207825279136799, 39.967456491947097 ], [ -75.207827366869694, 39.967606128366 ], [ -75.2075280167318, 39.967631315739702 ], [ -75.207137597937404, 39.967660400357403 ], [ -75.206728798371898, 39.967690236284803 ], [ -75.206564097473105, 39.9677023666178 ], [ -75.206505213087794, 39.967335161571597 ], [ -75.206494802510505, 39.967270243252301 ], [ -75.206481753060103, 39.967189017962497 ], [ -75.206458716296893, 39.967034387265599 ], [ -75.2064109619525, 39.966739806480803 ], [ -75.206409140809498, 39.966728594791803 ] ] ] } },
{ "type": "Feature", "properties": { "aun": 126515001, "school_num": 3724, "location_id": "7530", "school_name": "ROWEN, WILLIAM SCHOOL", "school_name_label": "WILLIAM ROWEN SCHOOL", "street_address": "6841 N 19TH ST", "zip_code": "19126", "phone_number": "(215) 400-3550", "active": null, "grade_level": "ELEMENTARY SCHOOL", "grade_org": "K-5", "enrollment": 294, "type": 1, "type_specific": "DISTRICT", "objectid": 159, "Shape__Area": 18504.71484375, "Shape__Length": 656.88928385887903 }, "geometry": { "type": "Polygon", "coordinates": [ [ [ -75.147514049339406, 40.058424809171903 ], [ -75.148927767438707, 40.058497114068899 ], [ -75.148948339423697, 40.058511509519398 ], [ -75.148737804139998, 40.059008196384703 ], [ -75.148220796070405, 40.058879977175103 ], [ -75.148216988080904, 40.058954120139703 ], [ -75.148214203429902, 40.059025542679301 ], [ -75.148211452110303, 40.059096974983603 ], [ -75.148208703670704, 40.059168408479202 ], [ -75.148205921931094, 40.059239831084099 ], [ -75.148203192492204, 40.0593110363764 ], [ -75.148200426694899, 40.059382234087501 ], [ -75.148197627038797, 40.059453970515797 ], [ -75.148196655408, 40.059478884170602 ], [ -75.148160927715907, 40.0594700256515 ], [ -75.148142977961001, 40.0595127598896 ], [ -75.148115546614605, 40.0595780717724 ], [ -75.148088199482004, 40.059643173817499 ], [ -75.147466754896897, 40.059610210340303 ], [ -75.147514049339406, 40.058424809171903 ] ] ] } },
{ "type": "Feature", "properties": { "aun": 226510086, "school_num": null, "location_id": null, "school_name": "PHILADELPHIA CLASSICAL SCHOOL", "school_name_label": "PHILADELPHIA CLASSICAL SCHOOL", "street_address": "3301 S 20TH ST", "zip_code": "19145", "phone_number": "(267) 990-2698", "active": "O", "grade_level": "ELEMENTARY/MIDDLE/HIGH", "grade_org": "K-12", "enrollment": null, "type": 3, "type_specific": "PRIVATE", "objectid": 160, "Shape__Area": 12507.24609375, "Shape__Length": 477.50782324443924 }, "geometry": { "type": "Polygon", "coordinates": [ [ [ -75.181012818766007, 39.9099867943006 ], [ -75.181081201105101, 39.909661616316697 ], [ -75.181999503742006, 39.909776160941298 ], [ -75.1819996172527, 39.9097761758728 ], [ -75.182491038422299, 39.909837469189398 ], [ -75.182375417975507, 39.910381273979603 ], [ -75.1823162599038, 39.910373808077402 ], [ -75.181016737519698, 39.910209796975501 ], [ -75.181062359938196, 39.9099930154213 ], [ -75.181012818766007, 39.9099867943006 ] ] ] } },
{ "type": "Feature", "properties": { "aun": null, "school_num": null, "location_id": "2310", "school_name": "ACHIEVE ACADEMY", "school_name_label": "ACHIEVE ACADEMY", "street_address": "1435 N 26TH ST", "zip_code": "19121", "phone_number": "(215) 684-5080", "active": null, "grade_level": "MIDDLE/HIGH", "grade_org": "6-12", "enrollment": 63, "type": 1, "type_specific": "CONTRACTED", "objectid": 161, "Shape__Area": 6049.29296875, "Shape__Length": 394.94300527045544 }, "geometry": { "type": "Polygon", "coordinates": [ [ [ -75.177821039596495, 39.978282108118599 ], [ -75.176406740625595, 39.978098421427603 ], [ -75.176461223988994, 39.977841130508899 ], [ -75.177873395870293, 39.978023865707399 ], [ -75.177821039596495, 39.978282108118599 ] ] ] } },
{ "type": "Feature", "properties": { "aun": null, "school_num": null, "location_id": "8080", "school_name": "EXCEL ACADEMY NORTH", "school_name_label": "EXCEL ACADEMY NORTH", "street_address": "1435 N 26TH ST", "zip_code": "19121", "phone_number": "(215) 684-5080", "active": null, "grade_level": "HIGH SCHOOL", "grade_org": "9-12", "enrollment": 161, "type": 1, "type_specific": "CONTRACTED", "objectid": 162, "Shape__Area": 6049.29296875, "Shape__Length": 394.94300527045544 }, "geometry": { "type": "Polygon", "coordinates": [ [ [ -75.177821039596495, 39.978282108118599 ], [ -75.176406740625595, 39.978098421427603 ], [ -75.176461223988994, 39.977841130508899 ], [ -75.177873395870293, 39.978023865707399 ], [ -75.177821039596495, 39.978282108118599 ] ] ] } },
{ "type": "Feature", "properties": { "aun": 126515001, "school_num": 6822, "location_id": "2290", "school_name": "FRANKLIN LEARNING CENTER", "school_name_label": "FRANKLIN LEARNING CENTER", "street_address": "616 N 15TH ST", "zip_code": "19130", "phone_number": "(215) 400-7570", "active": null, "grade_level": "HIGH SCHOOL", "grade_org": "9-12", "enrollment": 918, "type": 1, "type_specific": "DISTRICT", "objectid": 163, "Shape__Area": 12514.6484375, "Shape__Length": 472.73787736062297 }, "geometry": { "type": "Polygon", "coordinates": [ [ [ -75.164020557891305, 39.965490361520203 ], [ -75.162634916097005, 39.965320025285003 ], [ -75.162746511466395, 39.964775481701999 ], [ -75.164133607376996, 39.964945899164498 ], [ -75.164020557891305, 39.965490361520203 ] ] ] } },
{ "type": "Feature", "properties": { "aun": 126515001, "school_num": 7663, "location_id": "7370", "school_name": "WASHINGTON, GROVER JR. MIDDLE", "school_name_label": "GROVER WASHINGTON, JR. SCHOOL", "street_address": "201 E OLNEY AVE", "zip_code": "19120", "phone_number": "(215) 400-3820", "active": null, "grade_level": "MIDDLE SCHOOL", "grade_org": "5-8", "enrollment": 399, "type": 1, "type_specific": "DISTRICT", "objectid": 164, "Shape__Area": 35244.3125, "Shape__Length": 830.04397176980638 }, "geometry": { "type": "Polygon", "coordinates": [ [ [ -75.117427095069601, 40.034863413510003 ], [ -75.119729612801507, 40.035151176086998 ], [ -75.119336670691794, 40.035443020633103 ], [ -75.117671728097804, 40.036395817689503 ], [ -75.117333426262206, 40.036353531920497 ], [ -75.117326756507595, 40.036352698763601 ], [ -75.117349684106401, 40.036244318190299 ], [ -75.117140532700603, 40.036218177483498 ], [ -75.117427095069601, 40.034863413510003 ] ] ] } },
{ "type": "Feature", "properties": { "aun": 126510008, "school_num": 7684, "location_id": "3359", "school_name": "RICHARD ALLEN PREPARATORY", "school_name_label": "RICHARD ALLEN PREPARATORY CHARTER SCHOOL", "street_address": "2601 S 58TH ST", "zip_code": "19143", "phone_number": "(215) 878-5144", "active": null, "grade_level": "MIDDLE SCHOOL", "grade_org": "5-8", "enrollment": 314, "type": 2, "type_specific": "CHARTER", "objectid": 165, "Shape__Area": 16551.265625, "Shape__Length": 555.43867132568585 }, "geometry": { "type": "Polygon", "coordinates": [ [ [ -75.219136426537204, 39.9280582725725 ], [ -75.218339347900297, 39.929224315176299 ], [ -75.217651478952504, 39.928945607164202 ], [ -75.218448567580594, 39.927779569367601 ], [ -75.219136426537204, 39.9280582725725 ] ] ] } },
{ "type": "Feature", "properties": { "aun": 192518422, "school_num": 8126, "location_id": "3404", "school_name": "TACONY ACADEMY CHARTER SCHOOL", "school_name_label": "TACONY ACADEMY CHARTER SCHOOL", "street_address": "1330 RHAWN ST", "zip_code": "19111", "phone_number": "(215) 742-5100", "active": null, "grade_level": "ELEMENTARY/MIDDLE/HIGH", "grade_org": "K-8", "enrollment": 1084, "type": 2, "type_specific": "CHARTER", "objectid": 166, "Shape__Area": 28195.91796875, "Shape__Length": 696.73383468082932 }, "geometry": { "type": "Polygon", "coordinates": [ [ [ -75.064958488434598, 40.067189218211603 ], [ -75.066110612880706, 40.065961974822599 ], [ -75.067013722378505, 40.066508361801901 ], [ -75.065859408919493, 40.067739690806299 ], [ -75.064958488434598, 40.067189218211603 ] ] ] } },
{ "type": "Feature", "properties": { "aun": 126515001, "school_num": 3771, "location_id": "8360", "school_name": "RHAWNHURST SCHOOL", "school_name_label": "RHAWNHURST SCHOOL", "street_address": "7809 CASTOR AVE", "zip_code": "19152", "phone_number": "(215) 400-3220", "active": null, "grade_level": "ELEMENTARY SCHOOL", "grade_org": "K-5", "enrollment": 603, "type": 1, "type_specific": "DISTRICT", "objectid": 167, "Shape__Area": 52542.890625, "Shape__Length": 935.54617493689409 }, "geometry": { "type": "Polygon", "coordinates": [ [ [ -75.057477679957699, 40.057407679977402 ], [ -75.058848043353393, 40.0581643240536 ], [ -75.058908164290997, 40.058100030343397 ], [ -75.059062080675105, 40.058185413110898 ], [ -75.059213793819794, 40.058269665061403 ], [ -75.057938993931799, 40.059616206773804 ], [ -75.057584760180603, 40.059408464386998 ], [ -75.057442046613403, 40.059325276078198 ], [ -75.057300207703804, 40.059241737527699 ], [ -75.057159528909395, 40.059158079564398 ], [ -75.0570176913224, 40.059074524910798 ], [ -75.056876230399496, 40.0589899460795 ], [ -75.056733062348002, 40.058905584971903 ], [ -75.056592211444695, 40.058822567619202 ], [ -75.056487512185598, 40.058760049426098 ], [ -75.056381646983894, 40.0586967773297 ], [ -75.056310668557899, 40.058655730786903 ], [ -75.056311512862806, 40.058654733526701 ], [ -75.057477679957699, 40.057407679977402 ] ] ] } },
{ "type": "Feature", "properties": { "aun": 126515001, "school_num": 6765, "location_id": "7490", "school_name": "PRINCE HALL SCHOOL", "school_name_label": "PRINCE HALL SCHOOL", "street_address": "6101 N GRATZ ST", "zip_code": "19141", "phone_number": "(215) 400-3690", "active": null, "grade_level": "ELEMENTARY SCHOOL", "grade_org": "K-5", "enrollment": 328, "type": 1, "type_specific": "DISTRICT", "objectid": 168, "Shape__Area": 23440.58203125, "Shape__Length": 646.36997749907937 }, "geometry": { "type": "Polygon", "coordinates": [ [ [ -75.148614859422395, 40.047137699935497 ], [ -75.148616547364597, 40.047117716415897 ], [ -75.149044477246406, 40.047132387743297 ], [ -75.149151554881101, 40.047135102682901 ], [ -75.149185929374298, 40.047142280418299 ], [ -75.149203780090403, 40.046862617848397 ], [ -75.149274969188298, 40.046921696479501 ], [ -75.149970879747301, 40.047480172936098 ], [ -75.149922461767602, 40.048264759780999 ], [ -75.149920357367293, 40.0482988708482 ], [ -75.149879754969703, 40.048294341035202 ], [ -75.149774511492296, 40.048282608601497 ], [ -75.1496281018117, 40.048263545882598 ], [ -75.149408247550497, 40.048234920682503 ], [ -75.1491883729324, 40.048206295722999 ], [ -75.148976719202494, 40.0481673292091 ], [ -75.148562953969602, 40.048117306120403 ], [ -75.148579712769504, 40.047887525123599 ], [ -75.148582661984605, 40.047845615740101 ], [ -75.148580514673995, 40.0478026246019 ], [ -75.148582747236802, 40.047761327449301 ], [ -75.148584641082905, 40.047715219074703 ], [ -75.148586746134697, 40.047670711410802 ], [ -75.148588905545296, 40.047624785874703 ], [ -75.148591695259398, 40.047579391570999 ], [ -75.148593011192901, 40.0475346723181 ], [ -75.148595476321603, 40.047491704538402 ], [ -75.148597703826695, 40.047446716476301 ], [ -75.148600646779201, 40.047402790922703 ], [ -75.148603119106795, 40.047355277670597 ], [ -75.148605671740697, 40.047312779275103 ], [ -75.148608150017907, 40.047265072438698 ], [ -75.148610710065995, 40.047222380492201 ], [ -75.148612138900802, 40.047181290392402 ], [ -75.148614859422395, 40.047137699935497 ] ] ] } },
{ "type": "Feature", "properties": { "aun": 126515001, "school_num": 3717, "location_id": "6440", "school_name": "LINGELBACH, ANNA L. SCHOOL", "school_name_label": "ANNA L. LINGELBACH SCHOOL", "street_address": "6340 WAYNE AVE", "zip_code": "19144", "phone_number": "(215) 400-3630", "active": null, "grade_level": "ELEMENTARY/MIDDLE", "grade_org": "K-8", "enrollment": 364, "type": 1, "type_specific": "DISTRICT", "objectid": 169, "Shape__Area": 64331.19921875, "Shape__Length": 1086.6109457309462 }, "geometry": { "type": "Polygon", "coordinates": [ [ [ -75.190059182327602, 40.038070854524697 ], [ -75.190037753438304, 40.038058528701001 ], [ -75.189561197701295, 40.037784398207101 ], [ -75.189529834933396, 40.037766354702804 ], [ -75.189471007253005, 40.037732513596602 ], [ -75.188971571156799, 40.037445200082601 ], [ -75.188968204154406, 40.0374432554203 ], [ -75.188965453299801, 40.037441679267403 ], [ -75.188441021964707, 40.0371399913396 ], [ -75.188375475593901, 40.036977477992103 ], [ -75.187937705131802, 40.036313544725999 ], [ -75.1877915233637, 40.036085076092597 ], [ -75.187648008341597, 40.035888180578603 ], [ -75.187734787695604, 40.035809808659401 ], [ -75.188226527885703, 40.035360028660598 ], [ -75.188227985497605, 40.035360850678501 ], [ -75.1884165667133, 40.0354688830406 ], [ -75.188465378243095, 40.035496875705597 ], [ -75.188562880044103, 40.035552777175802 ], [ -75.188591973822597, 40.035573721170103 ], [ -75.188764083791597, 40.035693104323997 ], [ -75.188970903815303, 40.035805767041403 ], [ -75.188991855906707, 40.0358251902679 ], [ -75.189018946855299, 40.035840818603297 ], [ -75.189034874187897, 40.035850006977398 ], [ -75.189039039519599, 40.035852421069301 ], [ -75.189133184593203, 40.035906715477097 ], [ -75.189249658599493, 40.035979481581101 ], [ -75.189504591738299, 40.036138752826403 ], [ -75.189911875472703, 40.036438808138698 ], [ -75.190262261591101, 40.036743460589101 ], [ -75.190613076272598, 40.037111891258697 ], [ -75.190841961687298, 40.037397054243499 ], [ -75.190122464938895, 40.038107259979697 ], [ -75.190059182327602, 40.038070854524697 ] ] ] } },
{ "type": "Feature", "properties": { "aun": 126510022, "school_num": 7909, "location_id": "3383", "school_name": "MASTERY CHARTER-SHOEMAKER", "school_name_label": "MASTERY CHARTER SCHOOL AT SHOEMAKER", "street_address": "5301 MEDIA ST", "zip_code": "19131", "phone_number": "(267) 296-7111", "active": null, "grade_level": "MIDDLE/HIGH", "grade_org": "7-12", "enrollment": 713, "type": 2, "type_specific": "CHARTER", "objectid": 170, "Shape__Area": 9902.05078125, "Shape__Length": 433.7305717403932 }, "geometry": { "type": "Polygon", "coordinates": [ [ [ -75.228491972871794, 39.9765972606708 ], [ -75.228484874437299, 39.976549149144802 ], [ -75.228172043383694, 39.976576012838002 ], [ -75.228166436304306, 39.976531190037903 ], [ -75.228161005901001, 39.976487838618503 ], [ -75.228063316487393, 39.975706538931597 ], [ -75.228065185315401, 39.975706435842397 ], [ -75.2285166399394, 39.975679893014899 ], [ -75.228604894362206, 39.975674707527403 ], [ -75.228757213831699, 39.9756657555576 ], [ -75.228758851007996, 39.9756656620089 ], [ -75.228865848245903, 39.976527230236698 ], [ -75.228866590088799, 39.976533195365199 ], [ -75.2285480926395, 39.976554100511201 ], [ -75.228555015982494, 39.9766057862686 ], [ -75.228558938497002, 39.976635580570502 ], [ -75.228498446198799, 39.976640167593096 ], [ -75.228491972871794, 39.9765972606708 ] ] ] } },
{ "type": "Feature", "properties": { "aun": 126515001, "school_num": 8121, "location_id": "8460", "school_name": "PHILADELPHIA LEARNING ACADEMY-WEST", "school_name_label": "PHILADELPHIA LEARNING ACADEMY WEST", "street_address": "4300 WESTMINSTER AVE", "zip_code": "19104", "phone_number": "(215) 400-9080", "active": null, "grade_level": "HIGH SCHOOL", "grade_org": "9-12", "enrollment": 101, "type": 1, "type_specific": "DISTRICT", "objectid": 171, "Shape__Area": 11803.94140625, "Shape__Length": 440.26151937589395 }, "geometry": { "type": "Polygon", "coordinates": [ [ [ -75.210883184949594, 39.968755362061998 ], [ -75.210898817079595, 39.968753580486698 ], [ -75.210908085985594, 39.968806044844101 ], [ -75.210917807437198, 39.9688615184253 ], [ -75.210927846112696, 39.968915789429303 ], [ -75.210940117166899, 39.9689837633914 ], [ -75.210948682045895, 39.969031489787596 ], [ -75.211014559269202, 39.969415772029699 ], [ -75.211017357763694, 39.969427213609201 ], [ -75.211025924557603, 39.969470427144699 ], [ -75.211035340944804, 39.969515543698897 ], [ -75.211043547861294, 39.969561102011198 ], [ -75.211054851081002, 39.969623606855599 ], [ -75.211024263230598, 39.969626959771503 ], [ -75.210961448941603, 39.9696338388041 ], [ -75.210232999531101, 39.969713532468603 ], [ -75.2102182743225, 39.969635026568099 ], [ -75.210070582363898, 39.968847571142 ], [ -75.210867931089695, 39.968757087809401 ], [ -75.210883184949594, 39.968755362061998 ] ] ] } },
{ "type": "Feature", "properties": { "aun": null, "school_num": null, "location_id": "3040", "school_name": "EXCEL MIDDLE YEARS ACADEMY", "school_name_label": "EXCEL MIDDLE YEARS ACADEMY", "street_address": "4300 WESTMINSTER AVE", "zip_code": "19104", "phone_number": "(215) 436-0307", "active": null, "grade_level": "MIDDLE SCHOOL", "grade_org": "6-8", "enrollment": 30, "type": 1, "type_specific": "CONTRACTED", "objectid": 172, "Shape__Area": 11803.94140625, "Shape__Length": 440.26151937589395 }, "geometry": { "type": "Polygon", "coordinates": [ [ [ -75.210883184949594, 39.968755362061998 ], [ -75.210898817079595, 39.968753580486698 ], [ -75.210908085985594, 39.968806044844101 ], [ -75.210917807437198, 39.9688615184253 ], [ -75.210927846112696, 39.968915789429303 ], [ -75.210940117166899, 39.9689837633914 ], [ -75.210948682045895, 39.969031489787596 ], [ -75.211014559269202, 39.969415772029699 ], [ -75.211017357763694, 39.969427213609201 ], [ -75.211025924557603, 39.969470427144699 ], [ -75.211035340944804, 39.969515543698897 ], [ -75.211043547861294, 39.969561102011198 ], [ -75.211054851081002, 39.969623606855599 ], [ -75.211024263230598, 39.969626959771503 ], [ -75.210961448941603, 39.9696338388041 ], [ -75.210232999531101, 39.969713532468603 ], [ -75.2102182743225, 39.969635026568099 ], [ -75.210070582363898, 39.968847571142 ], [ -75.210867931089695, 39.968757087809401 ], [ -75.210883184949594, 39.968755362061998 ] ] ] } },
{ "type": "Feature", "properties": { "aun": null, "school_num": null, "location_id": "8690", "school_name": "CROSSROADS ACCELERATED ACADEMY", "school_name_label": "CROSSROADS ACCELERATED ACADEMY", "street_address": "4300 WESTMINSTER AVE", "zip_code": "19104", "phone_number": "(215) 400-9070", "active": null, "grade_level": "MIDDLE/HIGH", "grade_org": "7-10", "enrollment": 61, "type": 1, "type_specific": "DISTRICT", "objectid": 173, "Shape__Area": 11803.94140625, "Shape__Length": 440.26151937589395 }, "geometry": { "type": "Polygon", "coordinates": [ [ [ -75.210883184949594, 39.968755362061998 ], [ -75.210898817079595, 39.968753580486698 ], [ -75.210908085985594, 39.968806044844101 ], [ -75.210917807437198, 39.9688615184253 ], [ -75.210927846112696, 39.968915789429303 ], [ -75.210940117166899, 39.9689837633914 ], [ -75.210948682045895, 39.969031489787596 ], [ -75.211014559269202, 39.969415772029699 ], [ -75.211017357763694, 39.969427213609201 ], [ -75.211025924557603, 39.969470427144699 ], [ -75.211035340944804, 39.969515543698897 ], [ -75.211043547861294, 39.969561102011198 ], [ -75.211054851081002, 39.969623606855599 ], [ -75.211024263230598, 39.969626959771503 ], [ -75.210961448941603, 39.9696338388041 ], [ -75.210232999531101, 39.969713532468603 ], [ -75.2102182743225, 39.969635026568099 ], [ -75.210070582363898, 39.968847571142 ], [ -75.210867931089695, 39.968757087809401 ], [ -75.210883184949594, 39.968755362061998 ] ] ] } },
{ "type": "Feature", "properties": { "aun": 226514102, "school_num": null, "location_id": null, "school_name": "MERCY CAREER AND TECHNICAL HIGH SCHOOL", "school_name_label": "MERCY CAREER AND TECHNICAL HIGH SCHOOL", "street_address": "2900 W HUNTING PARK AVE", "zip_code": "19129", "phone_number": "(215) 226-1225", "active": "O", "grade_level": "HIGH SCHOOL", "grade_org": "9-12", "enrollment": null, "type": 3, "type_specific": "PRIVATE", "objectid": 174, "Shape__Area": 11933.3828125, "Shape__Length": 530.15642604414529 }, "geometry": { "type": "Polygon", "coordinates": [ [ [ -75.1769089776122, 40.005306386076803 ], [ -75.176971791517701, 40.0050084982784 ], [ -75.177001489198801, 40.004875918968402 ], [ -75.177013517612707, 40.004822238257802 ], [ -75.178425720764395, 40.004999852616898 ], [ -75.178415168840303, 40.005057422849397 ], [ -75.178313112189997, 40.0050573318508 ], [ -75.1774797408941, 40.005484548587503 ], [ -75.177216088878694, 40.005619947124003 ], [ -75.177030146783295, 40.005713771724501 ], [ -75.176800591163996, 40.005831120381103 ], [ -75.176799813654796, 40.005827831157703 ], [ -75.176806981417002, 40.005777553209498 ], [ -75.1768913961035, 40.005389765786298 ], [ -75.176904047837894, 40.005329728906098 ], [ -75.1769089776122, 40.005306386076803 ] ] ] } },
{ "type": "Feature", "properties": { "aun": 182514568, "school_num": 7979, "location_id": "3389", "school_name": "KEYSTONE ACADEMY CHARTER", "school_name_label": "KEYSTONE ACADEMY CHARTER SCHOOL", "street_address": "4521 LONGSHORE AVE", "zip_code": "19135", "phone_number": "(215) 332-2111", "active": null, "grade_level": "ELEMENTARY/MIDDLE", "grade_org": "K-8", "enrollment": 645, "type": 2, "type_specific": "CHARTER", "objectid": 175, "Shape__Area": 8933.234375, "Shape__Length": 392.01199614874065 }, "geometry": { "type": "Polygon", "coordinates": [ [ [ -75.043137869204998, 40.027638109679003 ], [ -75.044054309432497, 40.027161278701499 ], [ -75.044384648472601, 40.0275918203834 ], [ -75.043464344781199, 40.0280686756468 ], [ -75.043137869204998, 40.027638109679003 ] ] ] } },
{ "type": "Feature", "properties": { "aun": 226517652, "school_num": null, "location_id": null, "school_name": "ST FRANCIS XAVIER SCHOOL", "school_name_label": "ST FRANCIS XAVIER SCHOOL", "street_address": "641-51 N 24TH ST", "zip_code": "19130", "phone_number": "(215) 763-6564", "active": "O", "grade_level": "ELEMENTARY/MIDDLE", "grade_org": "PREK-8", "enrollment": null, "type": 3, "type_specific": "ARCHDIOCESE", "objectid": 176, "Shape__Area": 3984.46875, "Shape__Length": 266.56702821416906 }, "geometry": { "type": "Polygon", "coordinates": [ [ [ -75.176357709702103, 39.966675638718499 ], [ -75.176391418905197, 39.9665124882779 ], [ -75.176478414152101, 39.966523757152103 ], [ -75.176519175434507, 39.966324318904903 ], [ -75.177137296221403, 39.9663927790643 ], [ -75.177059755784001, 39.966764631493803 ], [ -75.176357709702103, 39.966675638718499 ] ] ] } },
{ "type": "Feature", "properties": { "aun": 126515001, "school_num": 7234, "location_id": "8350", "school_name": "SPRUANCE, GILBERT SCHOOL", "school_name_label": "GILBERT SPRUANCE SCHOOL", "street_address": "6401 HORROCKS ST", "zip_code": "19149", "phone_number": "(215) 400-3290", "active": null, "grade_level": "ELEMENTARY/MIDDLE", "grade_org": "K-8", "enrollment": 1258, "type": 1, "type_specific": "DISTRICT", "objectid": 177, "Shape__Area": 43785.19140625, "Shape__Length": 838.08864122701345 }, "geometry": { "type": "Polygon", "coordinates": [ [ [ -75.071887415501095, 40.038161552177499 ], [ -75.071869519981902, 40.038151591752303 ], [ -75.071436305348598, 40.037910583080098 ], [ -75.071406323037195, 40.037893892624403 ], [ -75.071312804704704, 40.0378418671283 ], [ -75.071295505658398, 40.037832242642899 ], [ -75.070768899506604, 40.037539272905697 ], [ -75.070809570674598, 40.037495585127097 ], [ -75.070821507138902, 40.037482741010002 ], [ -75.071493830890205, 40.036760273729797 ], [ -75.071511198634397, 40.036741608205098 ], [ -75.071797510120007, 40.036433922570303 ], [ -75.072271477723106, 40.036694838123502 ], [ -75.072289622584705, 40.036704821202001 ], [ -75.072775273630199, 40.036972164460899 ], [ -75.073191402899894, 40.037203404739699 ], [ -75.073248333205598, 40.037235038053801 ], [ -75.073405862010702, 40.037322582619197 ], [ -75.073415035885006, 40.037327681175199 ], [ -75.0733962137639, 40.037347602701203 ], [ -75.073242813511698, 40.037510001833503 ], [ -75.073220642297798, 40.0375334719728 ], [ -75.073072429261998, 40.037690351266399 ], [ -75.073050367818894, 40.0377137101774 ], [ -75.072965711364702, 40.037803333562501 ], [ -75.0729404548144, 40.037830052077901 ], [ -75.072796815118494, 40.037982104435997 ], [ -75.072784274131607, 40.037995385181198 ], [ -75.072372410920394, 40.038431365123301 ], [ -75.071887415501095, 40.038161552177499 ] ] ] } },
{ "type": "Feature", "properties": { "aun": 126515001, "school_num": 3602, "location_id": "1250", "school_name": "CATHARINE, JOSEPH SCHOOL", "school_name_label": "JOSEPH W. CATHARINE SCHOOL", "street_address": "6600 CHESTER AVE", "zip_code": "19142", "phone_number": "(215) 400-8150", "active": null, "grade_level": "ELEMENTARY SCHOOL", "grade_org": "K-5", "enrollment": 400, "type": 1, "type_specific": "DISTRICT", "objectid": 178, "Shape__Area": 13377.06640625, "Shape__Length": 492.03295108800916 }, "geometry": { "type": "Polygon", "coordinates": [ [ [ -75.239507331438105, 39.927881909129802 ], [ -75.239410145181907, 39.927799603084601 ], [ -75.239391608554698, 39.927783900623503 ], [ -75.239311475433894, 39.927716040245798 ], [ -75.239290422619007, 39.927698202506598 ], [ -75.239025054138494, 39.927473457223499 ], [ -75.239078036068904, 39.927435785585303 ], [ -75.239283691935199, 39.927292070329997 ], [ -75.239362508476503, 39.927237973688797 ], [ -75.239440548002307, 39.927182216795998 ], [ -75.239517890771793, 39.927128329930497 ], [ -75.239596350609602, 39.927073662205999 ], [ -75.239672477485001, 39.9270204097283 ], [ -75.239751270405705, 39.926965232249202 ], [ -75.239833602768201, 39.926907731045503 ], [ -75.2399870847118, 39.926800188326702 ], [ -75.240118828794607, 39.926707532714602 ], [ -75.240364163094398, 39.926912380036498 ], [ -75.240609567373397, 39.927119888517701 ], [ -75.2405571267292, 39.927157153722298 ], [ -75.240476281958905, 39.9272134784079 ], [ -75.240399121260594, 39.927267563603401 ], [ -75.240321405723506, 39.927321894516503 ], [ -75.240255081878999, 39.927368284657902 ], [ -75.240241562088698, 39.927377757796897 ], [ -75.240163186315499, 39.927432412031301 ], [ -75.240087127831899, 39.9274855537086 ], [ -75.240008203331996, 39.927540324223997 ], [ -75.239930066308403, 39.9275958710124 ], [ -75.239927858863297, 39.927597257528198 ], [ -75.239719761728196, 39.927742999532803 ], [ -75.239512853372403, 39.927886592428202 ], [ -75.239507331438105, 39.927881909129802 ] ] ] } },
{ "type": "Feature", "properties": { "aun": null, "school_num": null, "location_id": "3404", "school_name": "TACONY ACADEMY CHARTER SCHOOL", "school_name_label": "TACONY ACADEMY CHARTER SCHOOL (HIGH SCHOOL)", "street_address": "6201 KEYSTONE ST", "zip_code": "19135", "phone_number": "(215) 515-5900", "active": "O", "grade_level": "HIGH SCHOOL", "grade_org": "9-12", "enrollment": null, "type": 2, "type_specific": "CHARTER", "objectid": 179, "Shape__Area": 21201.296875, "Shape__Length": 648.19393842338854 }, "geometry": { "type": "Polygon", "coordinates": [ [ [ -75.051197075415104, 40.017190981718002 ], [ -75.052896708586204, 40.016336110253697 ], [ -75.053345398070903, 40.016845777966502 ], [ -75.051571797289299, 40.0177688246876 ], [ -75.051197075415104, 40.017190981718002 ] ] ] } },
{ "type": "Feature", "properties": { "aun": 126515001, "school_num": 4868, "location_id": "2390", "school_name": "MORRIS, ROBERT SCHOOL", "school_name_label": "ROBERT MORRIS SCHOOL", "street_address": "2600 W THOMPSON ST", "zip_code": "19121", "phone_number": "(215) 400-7320", "active": null, "grade_level": "ELEMENTARY/MIDDLE", "grade_org": "K-8", "enrollment": 215, "type": 1, "type_specific": "DISTRICT", "objectid": 180, "Shape__Area": 6162.83203125, "Shape__Length": 315.43181916281799 }, "geometry": { "type": "Polygon", "coordinates": [ [ [ -75.178704528408005, 39.975082563792398 ], [ -75.1793365536344, 39.975167828340297 ], [ -75.179209983985999, 39.975753428776599 ], [ -75.178578224620196, 39.975669315020099 ], [ -75.178704528408005, 39.975082563792398 ] ] ] } },
{ "type": "Feature", "properties": { "aun": 126510004, "school_num": 7685, "location_id": "3335", "school_name": "PEOPLE FOR PEOPLE", "school_name_label": "PEOPLE FOR PEOPLE CHARTER SCHOOL", "street_address": "800 N BROAD ST", "zip_code": "19130", "phone_number": "(215) 763-7060", "active": null, "grade_level": "ELEMENTARY/MIDDLE/HIGH", "grade_org": "K-12", "enrollment": 547, "type": 2, "type_specific": "CHARTER", "objectid": 181, "Shape__Area": 1515.2734375, "Shape__Length": 175.30344247640241 }, "geometry": { "type": "Polygon", "coordinates": [ [ [ -75.160375377113596, 39.968154747190702 ], [ -75.160404240727502, 39.968020249425102 ], [ -75.160410899977293, 39.967993931213101 ], [ -75.160413924505306, 39.9679943046931 ], [ -75.160758664118603, 39.968037065444697 ], [ -75.160977585602097, 39.968064218848703 ], [ -75.160942143948702, 39.968225665263802 ], [ -75.160604299764302, 39.968182771246902 ], [ -75.160375377113596, 39.968154747190702 ] ] ] } },
{ "type": "Feature", "properties": { "aun": 126513070, "school_num": null, "location_id": "3308", "school_name": "INQUIRY CHARTER SCHOOL", "school_name_label": "INQUIRY CHARTER SCHOOL", "street_address": "1301 BELMONT AVE", "zip_code": "19104", "phone_number": "(215) 386-5768", "active": null, "grade_level": "ELEMENTARY SCHOOL", "grade_org": "K-5", "enrollment": 271, "type": 2, "type_specific": "CHARTER", "objectid": 182, "Shape__Area": 18997.98828125, "Shape__Length": 673.03496351621789 }, "geometry": { "type": "Polygon", "coordinates": [ [ [ -75.210512046100305, 39.9751201601551 ], [ -75.2124603006461, 39.974804758496802 ], [ -75.212775771529707, 39.975959722484802 ], [ -75.210512046100305, 39.9751201601551 ] ] ] } },
{ "type": "Feature", "properties": { "aun": 126516457, "school_num": 8153, "location_id": "3407", "school_name": "MASTERY CHARTER @ HARRITY", "school_name_label": "MASTERY CHARTER SCHOOL AT HARRITY", "street_address": "5601 CHRISTIAN ST", "zip_code": "19143", "phone_number": "(215) 471-2908", "active": null, "grade_level": "ELEMENTARY/MIDDLE", "grade_org": "K-8", "enrollment": 740, "type": 2, "type_specific": "CHARTER", "objectid": 183, "Shape__Area": 11407.3828125, "Shape__Length": 434.20009694435828 }, "geometry": { "type": "Polygon", "coordinates": [ [ [ -75.236329056641196, 39.949264565865803 ], [ -75.236280212863406, 39.949258384646001 ], [ -75.236170994426701, 39.949244675868798 ], [ -75.236043104999396, 39.949229557699098 ], [ -75.236028928450907, 39.949226667912903 ], [ -75.235942815863297, 39.949215689625703 ], [ -75.235643386367897, 39.949177032237998 ], [ -75.235447429526502, 39.949151749326397 ], [ -75.235468048480101, 39.949039977823602 ], [ -75.2355602362627, 39.948552853830599 ], [ -75.235561775438896, 39.948544634451402 ], [ -75.236451462712097, 39.9486562067042 ], [ -75.236508313428601, 39.948662740126103 ], [ -75.236564245048797, 39.948669752307097 ], [ -75.236587322170607, 39.948672659103003 ], [ -75.236620176352901, 39.948676812882198 ], [ -75.236696537358, 39.948686432753398 ], [ -75.236675457548301, 39.948798259655902 ], [ -75.236657198453898, 39.948881970863802 ], [ -75.236647364292395, 39.948930967745099 ], [ -75.236639552369695, 39.948972884315403 ], [ -75.236632735747406, 39.949012776307697 ], [ -75.236623204197898, 39.949053590898998 ], [ -75.236615491727903, 39.949092817924402 ], [ -75.236607727042795, 39.949134010227198 ], [ -75.236599993899603, 39.949174349527901 ], [ -75.236593092069896, 39.949216543946498 ], [ -75.236584516633201, 39.949255284671104 ], [ -75.236578921563606, 39.949285965974397 ], [ -75.236577632444195, 39.949296447836403 ], [ -75.236329056641196, 39.949264565865803 ] ] ] } },
{ "type": "Feature", "properties": { "aun": 226518722, "school_num": null, "location_id": null, "school_name": "ST MARTHA SCHOOL", "school_name_label": "ST MARTHA SCHOOL", "street_address": "11321 ACADEMY RD", "zip_code": "19154", "phone_number": "(215) 632-0320", "active": "O", "grade_level": "ELEMENTARY/MIDDLE", "grade_org": "PREK-8", "enrollment": null, "type": 3, "type_specific": "ARCHDIOCESE", "objectid": 184, "Shape__Area": 23622.8984375, "Shape__Length": 705.94134621297087 }, "geometry": { "type": "Polygon", "coordinates": [ [ [ -74.985912270661402, 40.0874321527793 ], [ -74.985869246702904, 40.087494723261202 ], [ -74.9858013529076, 40.087593317218698 ], [ -74.9857402659553, 40.087694504342601 ], [ -74.985338291909599, 40.088410429029402 ], [ -74.985332063345197, 40.088431375430901 ], [ -74.9853289987593, 40.088452732456197 ], [ -74.985322061649299, 40.088463830054003 ], [ -74.985151955978097, 40.0887359512746 ], [ -74.984943562074406, 40.088637034772297 ], [ -74.984866536162301, 40.088554626442999 ], [ -74.985060233268698, 40.088232084028697 ], [ -74.984793193937804, 40.088148731422002 ], [ -74.9845417109659, 40.0878085137008 ], [ -74.984631238863997, 40.0876986121907 ], [ -74.984306068924298, 40.087443786813999 ], [ -74.985066819777302, 40.086865073385198 ], [ -74.985912270661402, 40.0874321527793 ] ] ] } },
{ "type": "Feature", "properties": { "aun": 226510081, "school_num": null, "location_id": null, "school_name": "OLNEY CHRISTIAN SCHOOL", "school_name_label": "OLNEY CHRISTIAN SCHOOL", "street_address": "425 E ROOSEVELT BLVD", "zip_code": "19120", "phone_number": "(215) 324-2323", "active": "O", "grade_level": "ELEMENTARY SCHOOL", "grade_org": "K-8", "enrollment": null, "type": 3, "type_specific": "PRIVATE", "objectid": 185, "Shape__Area": 1930.13671875, "Shape__Length": 177.79040571477418 }, "geometry": { "type": "Polygon", "coordinates": [ [ [ -75.115167135917702, 40.027517408165203 ], [ -75.1151072436665, 40.0272631422446 ], [ -75.115160666941094, 40.027255711338803 ], [ -75.115471615772293, 40.027212454010503 ], [ -75.11548569803, 40.027210488454799 ], [ -75.115534357430207, 40.027203721848899 ], [ -75.115563156200096, 40.027327217493102 ], [ -75.115565888542406, 40.027338918085398 ], [ -75.115593374703096, 40.027456790471597 ], [ -75.115595118825595, 40.027464245947598 ], [ -75.115598374450599, 40.0274781671894 ], [ -75.1152877715665, 40.027521126473403 ], [ -75.115248792194095, 40.027526519119 ], [ -75.115245804676604, 40.0275073161039 ], [ -75.115245671334904, 40.027506410889501 ], [ -75.115207552877294, 40.027511742180103 ], [ -75.115167135917702, 40.027517408165203 ] ] ] } },
{ "type": "Feature", "properties": { "aun": 326510174, "school_num": null, "location_id": null, "school_name": "CHESTERBROOK ACADEMY\n", "school_name_label": "CHESTERBROOK ACADEMY", "street_address": "510 WALNUT ST", "zip_code": "19106", "phone_number": "(215) 709-9354", "active": "O", "grade_level": "PRE-K/KINDERGARTEN", "grade_org": "PREK-K", "enrollment": null, "type": 3, "type_specific": "PRIVATE", "objectid": 186, "Shape__Area": 11080.6015625, "Shape__Length": 434.05767577263845 }, "geometry": { "type": "Polygon", "coordinates": [ [ [ -75.150247280647207, 39.947540928978697 ], [ -75.1498913205034, 39.947498687326203 ], [ -75.149971643922001, 39.947124203490297 ], [ -75.149979701998006, 39.947087117673 ], [ -75.150068290929894, 39.947098135883898 ], [ -75.1501102714805, 39.946911242622697 ], [ -75.151166353308, 39.947037955254899 ], [ -75.151037719721103, 39.947634749821397 ], [ -75.150247280647207, 39.947540928978697 ] ] ] } },
{ "type": "Feature", "properties": { "aun": 126515001, "school_num": 3773, "location_id": "8340", "school_name": "SOLIS-COHEN, SOLOMON SCHOOL", "school_name_label": "SOLOMON SOLIS-COHEN SCHOOL", "street_address": "7001 HORROCKS ST", "zip_code": "19149", "phone_number": "(215) 400-3250", "active": null, "grade_level": "ELEMENTARY SCHOOL", "grade_org": "K-5", "enrollment": 1352, "type": 1, "type_specific": "DISTRICT", "objectid": 187, "Shape__Area": 85513.60546875, "Shape__Length": 1266.5866785687926 }, "geometry": { "type": "Polygon", "coordinates": [ [ [ -75.062865880893, 40.043404779100399 ], [ -75.063209503657703, 40.043059329637302 ], [ -75.063566001878399, 40.043257404047502 ], [ -75.064583762486606, 40.043817784095403 ], [ -75.064758639184205, 40.043915998707902 ], [ -75.064887760460707, 40.043986964788701 ], [ -75.065213967601807, 40.044166286878898 ], [ -75.065364139543107, 40.0442475128499 ], [ -75.065596100370698, 40.044378334348501 ], [ -75.065805063586893, 40.044493513096398 ], [ -75.065913066976194, 40.044570254630997 ], [ -75.066144582056296, 40.044698097869599 ], [ -75.066371256991403, 40.044825844437 ], [ -75.065449694119806, 40.045792325021601 ], [ -75.065332464834, 40.045914792022501 ], [ -75.065105767674893, 40.045787044058997 ], [ -75.064862388675394, 40.045648362348402 ], [ -75.0647662688514, 40.045582456741002 ], [ -75.064737371111605, 40.045565902575902 ], [ -75.064544990695296, 40.045455622707401 ], [ -75.064495148088795, 40.045426118515302 ], [ -75.064339883725594, 40.0453341490838 ], [ -75.064190930181098, 40.045252321815902 ], [ -75.064167000020007, 40.045241670602898 ], [ -75.064159332578299, 40.045238266715302 ], [ -75.063732988266693, 40.045002806539799 ], [ -75.063555027848096, 40.044904566714401 ], [ -75.063503770955606, 40.044879009357899 ], [ -75.063299631016605, 40.044767066925999 ], [ -75.062592556831106, 40.044376776973003 ], [ -75.062149489863003, 40.044129053789703 ], [ -75.062865880893, 40.043404779100399 ] ] ] } },
{ "type": "Feature", "properties": { "aun": 126515001, "school_num": 3770, "location_id": "8310", "school_name": "MOORE, J. HAMPTON SCHOOL", "school_name_label": "J. HAMPTON MOORE SCHOOL", "street_address": "6900 SUMMERDALE AVE", "zip_code": "19111", "phone_number": "(215) 400-3180", "active": null, "grade_level": "ELEMENTARY SCHOOL", "grade_org": "K-5", "enrollment": 1194, "type": 1, "type_specific": "DISTRICT", "objectid": 188, "Shape__Area": 39088.52734375, "Shape__Length": 793.50426857874311 }, "geometry": { "type": "Polygon", "coordinates": [ [ [ -75.076457374983804, 40.049229546070301 ], [ -75.076877252976402, 40.048782243420199 ], [ -75.078174316787695, 40.049509087229097 ], [ -75.078270713204105, 40.049563107405199 ], [ -75.078359107270202, 40.049612637802298 ], [ -75.078429254871907, 40.049651941613199 ], [ -75.078009586231701, 40.050098336736802 ], [ -75.077891497593001, 40.0502238585876 ], [ -75.077717393171596, 40.050410317730801 ], [ -75.077473229432499, 40.050671799351598 ], [ -75.075919981770397, 40.0498019942262 ], [ -75.076338202079299, 40.049356476033701 ], [ -75.076457374983804, 40.049229546070301 ] ] ] } },
{ "type": "Feature", "properties": { "aun": 126513210, "school_num": 7580, "location_id": "3326", "school_name": "UNIVERSAL INSTITUTE", "school_name_label": "UNIVERSAL INSTITUTE CHARTER SCHOOL", "street_address": "801 S 15TH ST", "zip_code": "19146", "phone_number": "(215) 732-2876", "active": null, "grade_level": "ELEMENTARY/MIDDLE", "grade_org": "K-8", "enrollment": 599, "type": 2, "type_specific": "CHARTER", "objectid": 189, "Shape__Area": 567.5625, "Shape__Length": 106.74266859942648 }, "geometry": { "type": "Polygon", "coordinates": [ [ [ -75.167608582995797, 39.940917794162601 ], [ -75.167664757389502, 39.940655257346101 ], [ -75.167675216578303, 39.9406566697836 ], [ -75.167731032777994, 39.9406641975227 ], [ -75.167795272400994, 39.9406721885601 ], [ -75.167794281419404, 39.940676743408197 ], [ -75.167770859350895, 39.940784477607103 ], [ -75.167752612164605, 39.940868422115898 ], [ -75.167738047392206, 39.940935394431399 ], [ -75.167674238223995, 39.9409265424528 ], [ -75.167608582995797, 39.940917794162601 ] ] ] } },
{ "type": "Feature", "properties": { "aun": 226518902, "school_num": null, "location_id": null, "school_name": "ST MARYS INTERPAROCHIAL SCHOOL", "school_name_label": "ST MARYS INTERPAROCHIAL SCHOOL", "street_address": "440 LOCUST ST", "zip_code": "19106", "phone_number": "(215) 923-7522", "active": "O", "grade_level": "ELEMENTARY/MIDDLE", "grade_org": "K-8", "enrollment": null, "type": 3, "type_specific": "ARCHDIOCESE", "objectid": 190, "Shape__Area": 1055.20703125, "Shape__Length": 130.10050461200751 }, "geometry": { "type": "Polygon", "coordinates": [ [ [ -75.149459161674699, 39.9461437136627 ], [ -75.149509323854204, 39.945912675858203 ], [ -75.149784661054298, 39.945945709664798 ], [ -75.149732029605005, 39.946178319060898 ], [ -75.1495778586808, 39.946158768931902 ], [ -75.149504098117006, 39.946149407615003 ], [ -75.149459161674699, 39.9461437136627 ] ] ] } },
{ "type": "Feature", "properties": { "aun": 226510452, "school_num": null, "location_id": null, "school_name": "ARCHBISHOP RYAN HIGH SCHOOL", "school_name_label": "ARCHBISHOP RYAN HIGH SCHOOL", "street_address": "11201 ACADEMY RD", "zip_code": "19154", "phone_number": "(215) 637-1800", "active": "O", "grade_level": "HIGH SCHOOL", "grade_org": "9-12", "enrollment": null, "type": 3, "type_specific": "ARCHDIOCESE", "objectid": 191, "Shape__Area": 338749.8203125, "Shape__Length": 2747.1282885314577 }, "geometry": { "type": "Polygon", "coordinates": [ [ [ -74.985933132608395, 40.0874018120996 ], [ -74.985912270661402, 40.0874321527793 ], [ -74.985066819777302, 40.086865073385198 ], [ -74.984306068924298, 40.087443786813999 ], [ -74.984235847697704, 40.087471935939 ], [ -74.983997476627906, 40.0872827459688 ], [ -74.984148635662194, 40.087168992522699 ], [ -74.983818222688001, 40.0869003038462 ], [ -74.983569269398501, 40.086997855961101 ], [ -74.983303503445299, 40.087055248901002 ], [ -74.982923324433102, 40.087069617047298 ], [ -74.982625207001902, 40.087025393399998 ], [ -74.982321873931696, 40.086924331321597 ], [ -74.982110547708203, 40.086811121111403 ], [ -74.981855368935001, 40.086597371997101 ], [ -74.981723672732102, 40.086422465682503 ], [ -74.981620582729704, 40.0861838297565 ], [ -74.981582204065305, 40.086029419736597 ], [ -74.981591883973294, 40.085790775331603 ], [ -74.9816225580348, 40.085609026542102 ], [ -74.981748801063702, 40.085357616940499 ], [ -74.982015355799902, 40.085089983707697 ], [ -74.982228123351703, 40.084953841602299 ], [ -74.982468362642805, 40.084843959950597 ], [ -74.983010243148996, 40.084761072317797 ], [ -74.983000744595998, 40.084496495264503 ], [ -74.982614788216296, 40.084524683875102 ], [ -74.982603390366606, 40.083832538273903 ], [ -74.982597356750503, 40.083465097594697 ], [ -74.982621798581803, 40.083276041809803 ], [ -74.982703096838605, 40.083078697818699 ], [ -74.982814166216798, 40.0829206475305 ], [ -74.982976762253998, 40.082781523388299 ], [ -74.982975118602795, 40.082426294283998 ], [ -74.983167711181693, 40.082422258134301 ], [ -74.983719843444106, 40.0824163166536 ], [ -74.9837693884364, 40.082444221286103 ], [ -74.983786959107803, 40.083076417318097 ], [ -74.983792191611599, 40.083326302181099 ], [ -74.983899051142501, 40.0833243923637 ], [ -74.983971027965296, 40.0833230936612 ], [ -74.984042004959406, 40.083322077214703 ], [ -74.984075682438004, 40.083321211707599 ], [ -74.984150408422295, 40.083319882188803 ], [ -74.984185940385402, 40.083319350745498 ], [ -74.984248911517497, 40.083318109974698 ], [ -74.9846566639918, 40.083311042256703 ], [ -74.985225400401504, 40.083323194336103 ], [ -74.985407660458606, 40.083335848125301 ], [ -74.9854982628394, 40.083342025933 ], [ -74.986012954553203, 40.083400590113698 ], [ -74.986320111025293, 40.0834446352128 ], [ -74.986559688522107, 40.083491778470403 ], [ -74.987428850805799, 40.083701914096601 ], [ -74.987958533395201, 40.083884121493703 ], [ -74.988240028793101, 40.084016708528303 ], [ -74.988451347384199, 40.084158505968801 ], [ -74.9886248343131, 40.0843140003429 ], [ -74.988839113780301, 40.0845841078037 ], [ -74.988853817743902, 40.084602887836901 ], [ -74.988641272979905, 40.084748832784797 ], [ -74.988443842800194, 40.0848844031987 ], [ -74.988306759068195, 40.084978526972598 ], [ -74.988226096072395, 40.0850426357365 ], [ -74.988155106366705, 40.085099045261998 ], [ -74.987376893201699, 40.085717547019101 ], [ -74.987211306621205, 40.0858713885386 ], [ -74.986882378639507, 40.086176997244301 ], [ -74.986677568379505, 40.086367280323699 ], [ -74.986611619256607, 40.086457002036902 ], [ -74.986561935313304, 40.086524594885098 ], [ -74.986178572386905, 40.087046103946797 ], [ -74.985980855785897, 40.087315079877101 ], [ -74.985933132608395, 40.0874018120996 ] ] ] } },
{ "type": "Feature", "properties": { "aun": 126515001, "school_num": null, "location_id": "5180", "school_name": "VAUX HIGH SCHOOL", "school_name_label": "VAUX HIGH SCHOOL: A BIG PICTURE", "street_address": "2300 W MASTER ST", "zip_code": "19121", "phone_number": "(267) 507-9690", "active": null, "grade_level": "HIGH SCHOOL", "grade_org": "9-12", "enrollment": 287, "type": 1, "type_specific": "DISTRICT", "objectid": 192, "Shape__Area": 15131.4140625, "Shape__Length": 508.05335554685541 }, "geometry": { "type": "Polygon", "coordinates": [ [ [ -75.174626554511306, 39.976461062659098 ], [ -75.173568027036794, 39.976322884688997 ], [ -75.173533687631505, 39.976318406044697 ], [ -75.173539592688996, 39.9762903605682 ], [ -75.173571894063798, 39.976136996795603 ], [ -75.173582316942102, 39.976087565841802 ], [ -75.173668944487503, 39.9756763444637 ], [ -75.173670119530797, 39.975670760912301 ], [ -75.175075802913298, 39.975853079703803 ], [ -75.175075036822506, 39.9758567217511 ], [ -75.175065701494105, 39.975900664148 ], [ -75.174938025663195, 39.976501726555099 ], [ -75.174626554511306, 39.976461062659098 ] ] ] } },
{ "type": "Feature", "properties": { "aun": 226511132, "school_num": null, "location_id": null, "school_name": "THE CITY SCHOOL", "school_name_label": "THE CITY SCHOOL", "street_address": "910 N 6TH ST", "zip_code": "19123", "phone_number": "(215) 731-1930", "active": "O", "grade_level": "MIDDLE/HIGH", "grade_org": "6-12", "enrollment": null, "type": 3, "type_specific": "PRIVATE", "objectid": 193, "Shape__Area": 10617.73828125, "Shape__Length": 458.82648897050001 }, "geometry": { "type": "Polygon", "coordinates": [ [ [ -75.147782765911899, 39.967580657969101 ], [ -75.147585799782306, 39.9686554246789 ], [ -75.147313151736, 39.968625279007 ], [ -75.1473207646319, 39.968584520556298 ], [ -75.146990866713793, 39.968548044423102 ], [ -75.147183062887095, 39.967487869354002 ], [ -75.147250185409604, 39.967495151752203 ], [ -75.147319662098596, 39.967502690240799 ], [ -75.147392672312094, 39.967510610678801 ], [ -75.147469801945206, 39.967518979283703 ], [ -75.147513029932995, 39.967523669726098 ], [ -75.147508096213002, 39.967550857631899 ], [ -75.147541067842397, 39.967554435810001 ], [ -75.147614664116801, 39.96756242008 ], [ -75.147691209318793, 39.967570724596399 ], [ -75.147782765911899, 39.967580657969101 ] ] ] } },
{ "type": "Feature", "properties": { "aun": 300516590, "school_num": null, "location_id": null, "school_name": "OVERBROOK SCHOOL FOR BLIND", "school_name_label": "OVERBROOK SCHOOL FOR BLIND", "street_address": "6333 MALVERN AVE", "zip_code": "19151", "phone_number": "(215) 877-0313", "active": "O", "grade_level": "ELEMENTARY/MIDDLE/HIGH", "grade_org": "PREK-12", "enrollment": null, "type": 3, "type_specific": "PRIVATE", "objectid": 194, "Shape__Area": 93667.828125, "Shape__Length": 1372.6814433609136 }, "geometry": { "type": "Polygon", "coordinates": [ [ [ -75.248474068524303, 39.983022100499802 ], [ -75.251034817113705, 39.9817373608116 ], [ -75.252480657941007, 39.983442704919 ], [ -75.251641924791898, 39.983816579989401 ], [ -75.251364892411004, 39.983448809521498 ], [ -75.251256861465507, 39.9834969647885 ], [ -75.251147612780699, 39.983545663319703 ], [ -75.250841715110894, 39.983682016840298 ], [ -75.250737400141801, 39.983728514766099 ], [ -75.250632334856604, 39.983775346520403 ], [ -75.250526461164299, 39.983822538991902 ], [ -75.250421383678201, 39.983869375924797 ], [ -75.250316822532596, 39.983915982995498 ], [ -75.250210180338598, 39.983963517716603 ], [ -75.250114508124796, 39.984006162398799 ], [ -75.2499813542385, 39.984065513692101 ], [ -75.249705199412205, 39.984188604246299 ], [ -75.249480926603496, 39.984288568734101 ], [ -75.249326893951107, 39.984357224383899 ], [ -75.249229287092604, 39.984400729442299 ], [ -75.249132725047701, 39.984443768399501 ], [ -75.249030819117394, 39.984489189952903 ], [ -75.248927604658704, 39.984535194450999 ], [ -75.248768664742201, 39.984606036585099 ], [ -75.248474068524303, 39.983022100499802 ] ] ] } },
{ "type": "Feature", "properties": { "aun": 126515001, "school_num": 6544, "location_id": "5440", "school_name": "WILLARD, FRANCES E. SCHOOL", "school_name_label": "FRANCES E. WILLARD SCHOOL", "street_address": "1930 E ELKHART ST", "zip_code": "19134", "phone_number": "(215) 400-7180", "active": null, "grade_level": "ELEMENTARY SCHOOL", "grade_org": "K-4", "enrollment": 378, "type": 1, "type_specific": "DISTRICT", "objectid": 195, "Shape__Area": 34333.5546875, "Shape__Length": 740.84034745807173 }, "geometry": { "type": "Polygon", "coordinates": [ [ [ -75.115685810847395, 39.993645651838101 ], [ -75.115585030825699, 39.993495243325398 ], [ -75.115544147933903, 39.993433500123999 ], [ -75.115526546492802, 39.993406933609499 ], [ -75.1155115203252, 39.993384229672301 ], [ -75.115510074543394, 39.9933820531637 ], [ -75.115407507567795, 39.993229072693801 ], [ -75.115332630775598, 39.9931165284626 ], [ -75.115245631639795, 39.992989101345302 ], [ -75.115296527600904, 39.992968329536701 ], [ -75.115375065856497, 39.9929362636788 ], [ -75.115423491830398, 39.992916500589502 ], [ -75.115435991361096, 39.992911402707897 ], [ -75.1158254526745, 39.992752160638602 ], [ -75.115836529320106, 39.992747578562401 ], [ -75.116232058727405, 39.992585266748797 ], [ -75.116246562961294, 39.992579295730998 ], [ -75.116392156926693, 39.992519366097703 ], [ -75.116395074634198, 39.992518174980297 ], [ -75.116763776567893, 39.992367722855001 ], [ -75.116832235385999, 39.992472864473001 ], [ -75.116956934501701, 39.992658284944802 ], [ -75.117017401476204, 39.992747381609497 ], [ -75.1170809742286, 39.992843432219402 ], [ -75.117089109583702, 39.992855225217802 ], [ -75.117122910156695, 39.992904554769503 ], [ -75.117177127788906, 39.992982964820399 ], [ -75.117206688023799, 39.993028134564803 ], [ -75.117231091387296, 39.993066834885902 ], [ -75.117282377457897, 39.993152238331497 ], [ -75.1172966713454, 39.993174392495199 ], [ -75.117410419483306, 39.993348792807701 ], [ -75.117415855885895, 39.993356703513797 ], [ -75.117486757954794, 39.993466447548002 ], [ -75.117497560796906, 39.993482412638301 ], [ -75.117466012131402, 39.993495019808499 ], [ -75.1171613503911, 39.993614752819902 ], [ -75.117136356302694, 39.993624254152202 ], [ -75.1170537563941, 39.993656726990601 ], [ -75.1170366339975, 39.993663749702201 ], [ -75.116494857684003, 39.993875881116402 ], [ -75.116334583118203, 39.993938433985498 ], [ -75.116000224192206, 39.994069394228099 ], [ -75.115980079727905, 39.994077572838698 ], [ -75.115801295782902, 39.9938141142189 ], [ -75.115685810847395, 39.993645651838101 ] ] ] } },
{ "type": "Feature", "properties": { "aun": 126515001, "school_num": 5187, "location_id": "4300", "school_name": "HESTON, EDWARD SCHOOL", "school_name_label": "EDWARD HESTON SCHOOL", "street_address": "1621 N 54TH ST", "zip_code": "19131", "phone_number": "(215) 400-7290", "active": null, "grade_level": "ELEMENTARY/MIDDLE", "grade_org": "K-8", "enrollment": 215, "type": 1, "type_specific": "DISTRICT", "objectid": 196, "Shape__Area": 22273.50390625, "Shape__Length": 640.79022865001741 }, "geometry": { "type": "Polygon", "coordinates": [ [ [ -75.228303617704398, 39.977809869694099 ], [ -75.228716691719498, 39.977291967401001 ], [ -75.229761447047906, 39.977176320482798 ], [ -75.230025395136707, 39.978612802122001 ], [ -75.228303617704398, 39.977809869694099 ] ] ] } },
{ "type": "Feature", "properties": { "aun": 104510394, "school_num": 8031, "location_id": "3395", "school_name": "ANTONIA PANTOJA CHARTER SCHOOL", "school_name_label": "ANTONIA PANTOJA CHARTER SCHOOL", "street_address": "4101 N AMERICAN ST", "zip_code": "19140", "phone_number": "(215) 329-2733", "active": null, "grade_level": "ELEMENTARY/MIDDLE", "grade_org": "K-8", "enrollment": 752, "type": 2, "type_specific": "CHARTER", "objectid": 197, "Shape__Area": 31889.8515625, "Shape__Length": 919.27712325588902 }, "geometry": { "type": "Polygon", "coordinates": [ [ [ -75.1306805010869, 40.011732925720999 ], [ -75.130850487745903, 40.012263277946602 ], [ -75.131477425714394, 40.012345135534801 ], [ -75.1310515957652, 40.014273433516699 ], [ -75.131046121797795, 40.014290142049802 ], [ -75.131037316549595, 40.014305987327504 ], [ -75.131025395797707, 40.0143205778202 ], [ -75.131010654639596, 40.014333554216797 ], [ -75.130993452511106, 40.014344598093501 ], [ -75.130974217402994, 40.014353436515201 ], [ -75.130953419084193, 40.014359852687797 ], [ -75.130931571942, 40.014363688275402 ], [ -75.130909214275505, 40.014364848559502 ], [ -75.130886894994106, 40.014363305514799 ], [ -75.130117718910597, 40.014262874375099 ], [ -75.1306805010869, 40.011732925720999 ] ] ] } },
{ "type": "Feature", "properties": { "aun": 126515001, "school_num": 3712, "location_id": "6250", "school_name": "HENRY, CHARLES W. SCHOOL", "school_name_label": "CHARLES W. HENRY SCHOOL", "street_address": "601 CARPENTER LN", "zip_code": "19119", "phone_number": "(215) 400-3480", "active": null, "grade_level": "ELEMENTARY/MIDDLE", "grade_org": "K-8", "enrollment": 518, "type": 1, "type_specific": "DISTRICT", "objectid": 198, "Shape__Area": 17480.5859375, "Shape__Length": 689.62872321448503 }, "geometry": { "type": "Polygon", "coordinates": [ [ [ -75.196619347028602, 40.0458254835738 ], [ -75.197145522713896, 40.0453220112542 ], [ -75.197360139043994, 40.045453835528598 ], [ -75.197297531616798, 40.045511812534897 ], [ -75.197430479567998, 40.0455954539188 ], [ -75.1974738393736, 40.045622732325903 ], [ -75.197296515464004, 40.045793609194199 ], [ -75.197434037557002, 40.045880132927699 ], [ -75.197271858395396, 40.0460386917024 ], [ -75.197258860303705, 40.046050799540403 ], [ -75.197254222501797, 40.046047520441697 ], [ -75.197186002467305, 40.046111401515397 ], [ -75.197148146016602, 40.046147588102997 ], [ -75.197114913409294, 40.046179088602202 ], [ -75.197047064701195, 40.046243687391197 ], [ -75.196985214022007, 40.046302712714002 ], [ -75.196917175591295, 40.046367322982398 ], [ -75.196849375023902, 40.046431761677901 ], [ -75.197345700581593, 40.046740795169001 ], [ -75.197055507052696, 40.0470160361238 ], [ -75.196558146108998, 40.046707704818701 ], [ -75.196031620897301, 40.046380860461397 ], [ -75.196619347028602, 40.0458254835738 ] ] ] } },
{ "type": "Feature", "properties": { "aun": 126515001, "school_num": null, "location_id": "8320", "school_name": "JOHN HANCOCK DEMONSTRATION MIDDLE SCHOOL- LABRUM CAMPUS", "school_name_label": "JOHN HANCOCK DEMONSTRATION MIDDLE SCHOOL- LABRUM CAMPUS", "street_address": "10800 HAWLEY RD", "zip_code": "19154", "phone_number": "(215) 400-3122", "active": "O", "grade_level": "MIDDLE SCHOOL", "grade_org": "6-8", "enrollment": null, "type": 1, "type_specific": "DISTRICT", "objectid": 199, "Shape__Area": 77151.95703125, "Shape__Length": 1365.8814047071753 }, "geometry": { "type": "Polygon", "coordinates": [ [ [ -74.988552825640696, 40.079912114080699 ], [ -74.988799281697396, 40.079750108529701 ], [ -74.988903197946797, 40.079681800541202 ], [ -74.989112111610098, 40.079544471395799 ], [ -74.989174381135996, 40.079503539490098 ], [ -74.989241088981601, 40.079459688842498 ], [ -74.989385603254902, 40.079364691842301 ], [ -74.989473437308604, 40.079306954012303 ], [ -74.989527388769702, 40.079271487573401 ], [ -74.989583557754798, 40.079234565088903 ], [ -74.989635875946206, 40.079200173314099 ], [ -74.989685836342304, 40.079167331035599 ], [ -74.989742547509195, 40.079130052062801 ], [ -74.989801877090898, 40.079091049588598 ], [ -74.990106166321397, 40.0788910211391 ], [ -74.990273277749694, 40.078781166535499 ], [ -74.9905594874012, 40.078593019230603 ], [ -74.991566632944398, 40.079452436080601 ], [ -74.991571835327704, 40.079457659848401 ], [ -74.9915758870536, 40.079463451827301 ], [ -74.991578688467399, 40.079469666581403 ], [ -74.991580165411605, 40.079476144644701 ], [ -74.991580280623097, 40.0794827206783 ], [ -74.991579030667594, 40.079489226776701 ], [ -74.991576450149907, 40.079495497073196 ], [ -74.991572601277895, 40.079501371995697 ], [ -74.991567585489307, 40.079506700797602 ], [ -74.991561528483103, 40.079511349083297 ], [ -74.989450270480702, 40.080891017026801 ], [ -74.989361185039101, 40.080953222267503 ], [ -74.989277612425099, 40.081019791497098 ], [ -74.989199916388898, 40.081090433861199 ], [ -74.988763104621, 40.080698322883201 ], [ -74.9881657545818, 40.081090976455002 ], [ -74.988167360160304, 40.081249247840198 ], [ -74.9880356380759, 40.081253552209901 ], [ -74.987904620509596, 40.081264858874597 ], [ -74.987774937221801, 40.081283113141097 ], [ -74.987647214863301, 40.081308228706597 ], [ -74.9875220639764, 40.081340082841102 ], [ -74.987454043887496, 40.081208601982397 ], [ -74.987377490670596, 40.081079918762001 ], [ -74.987292599262901, 40.080954359979003 ], [ -74.987199585471004, 40.0808322439226 ], [ -74.987197010215993, 40.080828404294799 ], [ -74.987195250668805, 40.0808243015667 ], [ -74.987194349578502, 40.080820038135698 ], [ -74.987194332024401, 40.080815718227498 ], [ -74.987195195070299, 40.0808114498995 ], [ -74.987196921223202, 40.080807338606299 ], [ -74.987199463785004, 40.080803486847998 ], [ -74.987202761775706, 40.080799987770497 ], [ -74.987206733845298, 40.080796930651204 ], [ -74.988552825640696, 40.079912114080699 ] ] ] } },
{ "type": "Feature", "properties": { "aun": 126515001, "school_num": 3851, "location_id": "2010", "school_name": "FRANKLIN, BENJAMIN HIGH SCHOOL", "school_name_label": "BENJAMIN FRANKLIN HIGH SCHOOL", "street_address": "550 N BROAD ST", "zip_code": "19130", "phone_number": "(215) 400-7600", "active": null, "grade_level": "HIGH SCHOOL", "grade_org": "9-12", "enrollment": 570, "type": 1, "type_specific": "DISTRICT", "objectid": 200, "Shape__Area": 11938.203125, "Shape__Length": 465.36495876051202 }, "geometry": { "type": "Polygon", "coordinates": [ [ [ -75.162744549170498, 39.963915008343598 ], [ -75.161356942431695, 39.963742145031901 ], [ -75.161464783596102, 39.963221617747102 ], [ -75.162848454384601, 39.9633963261712 ], [ -75.162744549170498, 39.963915008343598 ] ] ] } },
{ "type": "Feature", "properties": { "aun": 126515001, "school_num": 7906, "location_id": "2650", "school_name": "SCIENCE LEADERSHIP ACADEMY", "school_name_label": "SCIENCE LEADERSHIP ACADEMY", "street_address": "550 N BROAD ST", "zip_code": "19130", "phone_number": "(215) 400-7830", "active": null, "grade_level": "HIGH SCHOOL", "grade_org": "9-12", "enrollment": 502, "type": 1, "type_specific": "DISTRICT", "objectid": 201, "Shape__Area": 11938.203125, "Shape__Length": 465.36495876051202 }, "geometry": { "type": "Polygon", "coordinates": [ [ [ -75.162744549170498, 39.963915008343598 ], [ -75.161356942431695, 39.963742145031901 ], [ -75.161464783596102, 39.963221617747102 ], [ -75.162848454384601, 39.9633963261712 ], [ -75.162744549170498, 39.963915008343598 ] ] ] } },
{ "type": "Feature", "properties": { "aun": 126513150, "school_num": 7574, "location_id": "3328", "school_name": "MATH, SCIENCE AND TECHNOLOGY", "school_name_label": "MATHEMATICS, SCIENCE, AND TECHNOLOGY COMMUNITY CHARTER SCHOOL (MAST)", "street_address": "1800 BYBERRY RD", "zip_code": "19116", "phone_number": "(267) 348-1100", "active": null, "grade_level": "ELEMENTARY/MIDDLE/HIGH", "grade_org": "K-12", "enrollment": 1503, "type": 2, "type_specific": "CHARTER", "objectid": 202, "Shape__Area": 31769.0, "Shape__Length": 759.00013578351036 }, "geometry": { "type": "Polygon", "coordinates": [ [ [ -75.005013088075401, 40.113691353726402 ], [ -75.006430032026401, 40.112668977890102 ], [ -75.007177910612597, 40.113306658134199 ], [ -75.006884541270395, 40.113559555271898 ], [ -75.006477617743201, 40.1138660202107 ], [ -75.006021431726396, 40.114204629347597 ], [ -75.005449164862299, 40.114630292658802 ], [ -75.005013088075401, 40.113691353726402 ] ] ] } },
{ "type": "Feature", "properties": { "aun": 226512992, "school_num": null, "location_id": null, "school_name": "LOTUS ACADEMY", "school_name_label": "LOTUS ACADEMY", "street_address": "340 E HAINES ST", "zip_code": "19144", "phone_number": "(215) 438-7500", "active": "O", "grade_level": "ELEMENTARY SCHOOL", "grade_org": "PREK-4", "enrollment": null, "type": 3, "type_specific": "PRIVATE", "objectid": 203, "Shape__Area": 976.5, "Shape__Length": 132.08621998284553 }, "geometry": { "type": "Polygon", "coordinates": [ [ [ -75.172209948917299, 40.042836503628102 ], [ -75.172127944913498, 40.042797829992899 ], [ -75.172045321748698, 40.042761107731799 ], [ -75.171964576328307, 40.0427191262281 ], [ -75.171898729104299, 40.042683554109502 ], [ -75.171882179580294, 40.042673672497799 ], [ -75.172013694658403, 40.042545231976199 ], [ -75.172326092875593, 40.042734540904803 ], [ -75.172296700037194, 40.042762945679399 ], [ -75.172272641079203, 40.042786182334901 ], [ -75.172217078953295, 40.0428398712342 ], [ -75.172209948917299, 40.042836503628102 ] ] ] } },
{ "type": "Feature", "properties": { "aun": 126515001, "school_num": 5124, "location_id": "5590", "school_name": "WEBSTER, JOHN H. SCHOOL", "school_name_label": "JOHN H. WEBSTER SCHOOL", "street_address": "3400 FRANKFORD AVE", "zip_code": "19134", "phone_number": "(215) 400-7170", "active": null, "grade_level": "ELEMENTARY SCHOOL", "grade_org": "K-5", "enrollment": 477, "type": 1, "type_specific": "DISTRICT", "objectid": 204, "Shape__Area": 20241.73828125, "Shape__Length": 576.60435245637814 }, "geometry": { "type": "Polygon", "coordinates": [ [ [ -75.104597435265205, 39.996104945840997 ], [ -75.104706378507899, 39.996032932054398 ], [ -75.104763728318105, 39.995995646659402 ], [ -75.104815274005304, 39.995961047719099 ], [ -75.104862898311694, 39.995929711362798 ], [ -75.104911711054697, 39.995897450657097 ], [ -75.105046439165605, 39.995808090037798 ], [ -75.105096346689805, 39.995775162941001 ], [ -75.105147322428905, 39.995744435305298 ], [ -75.105201241540797, 39.995716113647099 ], [ -75.105495134743194, 39.995557814498703 ], [ -75.105800312907306, 39.995897580608201 ], [ -75.106101263104307, 39.996235700925801 ], [ -75.105997617497906, 39.996297116869897 ], [ -75.105937298020507, 39.996329935174103 ], [ -75.105814098954497, 39.996396140062103 ], [ -75.105429688398303, 39.996641401554101 ], [ -75.105359318385794, 39.9966878988389 ], [ -75.105321183918306, 39.996713425012899 ], [ -75.105212149344595, 39.996785629882702 ], [ -75.105181384244403, 39.996805990564901 ], [ -75.105142659408699, 39.996831631477299 ], [ -75.105106731162294, 39.996855402972599 ], [ -75.105042123714199, 39.9968981640396 ], [ -75.104980248861494, 39.996939118394302 ], [ -75.104945457198298, 39.996910026515202 ], [ -75.104913362085895, 39.996881672536603 ], [ -75.104879391929401, 39.996852470042597 ], [ -75.104844426901806, 39.996822455082103 ], [ -75.104811966302407, 39.996794350571598 ], [ -75.104777394046707, 39.996765005773398 ], [ -75.104740643177195, 39.996732981994299 ], [ -75.104672684187406, 39.996674012183803 ], [ -75.104623113444703, 39.996630989778197 ], [ -75.104575287596802, 39.9965894897624 ], [ -75.104528008321594, 39.996548470859203 ], [ -75.104481844778306, 39.996508396703298 ], [ -75.104473499951396, 39.996500934167699 ], [ -75.104268596205699, 39.996323548790102 ], [ -75.104322022460707, 39.996289106034403 ], [ -75.104382231909497, 39.996248420005102 ], [ -75.104597435265205, 39.996104945840997 ] ] ] } },
{ "type": "Feature", "properties": { "aun": 126515001, "school_num": 5185, "location_id": "1290", "school_name": "HAMILTON, ANDREW SCHOOL", "school_name_label": "ANDREW HAMILTON SCHOOL", "street_address": "5640 SPRUCE ST", "zip_code": "19139", "phone_number": "(215) 400-7650", "active": null, "grade_level": "ELEMENTARY/MIDDLE", "grade_org": "K-8", "enrollment": 348, "type": 1, "type_specific": "DISTRICT", "objectid": 205, "Shape__Area": 15142.71484375, "Shape__Length": 491.8559328768772 }, "geometry": { "type": "Polygon", "coordinates": [ [ [ -75.234851899503596, 39.955559516309599 ], [ -75.234885277373095, 39.955380403752798 ], [ -75.2350205060376, 39.954721099574002 ], [ -75.236067546396896, 39.954850985560398 ], [ -75.236071654467096, 39.954851494545203 ], [ -75.235896473588596, 39.955717913306898 ], [ -75.235009619089297, 39.955612219054103 ], [ -75.2348463032355, 39.955589601743 ], [ -75.234851899503596, 39.955559516309599 ] ] ] } },
{ "type": "Feature", "properties": { "aun": 126515001, "school_num": 3859, "location_id": "2000", "school_name": "SOUTH PHILADELPHIA HIGH SCHOOL", "school_name_label": "SOUTH PHILADELPHIA HIGH SCHOOL", "street_address": "2101 S BROAD ST", "zip_code": "19148", "phone_number": "(215) 400-8400", "active": null, "grade_level": "HIGH SCHOOL", "grade_org": "9-12", "enrollment": 656, "type": 1, "type_specific": "DISTRICT", "objectid": 206, "Shape__Area": 31761.015625, "Shape__Length": 719.75359519572521 }, "geometry": { "type": "Polygon", "coordinates": [ [ [ -75.169441993879602, 39.924238493363603 ], [ -75.168900967498701, 39.924168543328598 ], [ -75.1688378606122, 39.924160368571997 ], [ -75.167702807326904, 39.924013624000402 ], [ -75.167760340772503, 39.923741349856201 ], [ -75.167770844015493, 39.923691937037503 ], [ -75.167926320671796, 39.922961034923503 ], [ -75.169323574548699, 39.923138922160298 ], [ -75.169392103048693, 39.923147637658303 ], [ -75.169742474182101, 39.923192243279999 ], [ -75.169739676680905, 39.923205285595003 ], [ -75.169674476645497, 39.923509305361399 ], [ -75.169662493637205, 39.923565214004903 ], [ -75.169537027549595, 39.9241501993857 ], [ -75.169516039707901, 39.924248058245297 ], [ -75.169441993879602, 39.924238493363603 ] ] ] } },
{ "type": "Feature", "properties": { "aun": 126515001, "school_num": null, "location_id": "3880", "school_name": "SOUTH PHILADELPHIA HIGH SCHOOL EOP", "school_name_label": "SOUTH PHILADELPHIA HIGH SCHOOL EOP", "street_address": "2101 S BROAD ST", "zip_code": "19148", "phone_number": "(215) 400-8400", "active": null, "grade_level": "HIGH SCHOOL", "grade_org": "9-12", "enrollment": 83, "type": 1, "type_specific": "DISTRICT", "objectid": 207, "Shape__Area": 31761.015625, "Shape__Length": 719.75359519572521 }, "geometry": { "type": "Polygon", "coordinates": [ [ [ -75.169441993879602, 39.924238493363603 ], [ -75.168900967498701, 39.924168543328598 ], [ -75.1688378606122, 39.924160368571997 ], [ -75.167702807326904, 39.924013624000402 ], [ -75.167760340772503, 39.923741349856201 ], [ -75.167770844015493, 39.923691937037503 ], [ -75.167926320671796, 39.922961034923503 ], [ -75.169323574548699, 39.923138922160298 ], [ -75.169392103048693, 39.923147637658303 ], [ -75.169742474182101, 39.923192243279999 ], [ -75.169739676680905, 39.923205285595003 ], [ -75.169674476645497, 39.923509305361399 ], [ -75.169662493637205, 39.923565214004903 ], [ -75.169537027549595, 39.9241501993857 ], [ -75.169516039707901, 39.924248058245297 ], [ -75.169441993879602, 39.924238493363603 ] ] ] } },
{ "type": "Feature", "properties": { "aun": 126515001, "school_num": 3653, "location_id": "2630", "school_name": "SHARSWOOD, GEORGE SCHOOL", "school_name_label": "GEORGE W. SHARSWOOD SCHOOL", "street_address": "2300 S 2ND ST", "zip_code": "19148", "phone_number": "(215) 400-8270", "active": null, "grade_level": "ELEMENTARY/MIDDLE", "grade_org": "K-8", "enrollment": 328, "type": 1, "type_specific": "DISTRICT", "objectid": 208, "Shape__Area": 12516.39453125, "Shape__Length": 477.1739897139156 }, "geometry": { "type": "Polygon", "coordinates": [ [ [ -75.150583653406699, 39.9192855786739 ], [ -75.150813968539595, 39.918190840361397 ], [ -75.151505332892597, 39.918280436379298 ], [ -75.151272827239595, 39.919371386949599 ], [ -75.150583653406699, 39.9192855786739 ] ] ] } },
{ "type": "Feature", "properties": { "aun": 226510023, "school_num": null, "location_id": null, "school_name": "LASALLE ACADEMY", "school_name_label": "LASALLE ACADEMY", "street_address": "1432-36 N 2ND ST", "zip_code": "19122", "phone_number": "(215) 739-5804", "active": "O", "grade_level": "ELEMENTARY/MIDDLE", "grade_org": "3-8", "enrollment": null, "type": 3, "type_specific": "PRIVATE", "objectid": 209, "Shape__Area": 1663.71484375, "Shape__Length": 197.87243269032109 }, "geometry": { "type": "Polygon", "coordinates": [ [ [ -75.138836175568997, 39.973407342590399 ], [ -75.138859405721504, 39.9733044933947 ], [ -75.138869175176396, 39.9732563724111 ], [ -75.139085169059896, 39.973284725032599 ], [ -75.139095511490297, 39.973235327480801 ], [ -75.139137385784593, 39.973240471127902 ], [ -75.1391574175301, 39.973142288493499 ], [ -75.139167223463303, 39.973099229818501 ], [ -75.139339283845302, 39.9731220367023 ], [ -75.139310033372695, 39.973263244104302 ], [ -75.139288052073596, 39.973361993975502 ], [ -75.139283405968598, 39.973384763000297 ], [ -75.139277494795607, 39.973413709041303 ], [ -75.139266125672194, 39.9734647602778 ], [ -75.139132773032102, 39.973447120634702 ], [ -75.139102151647904, 39.973442506712303 ], [ -75.138836175568997, 39.973407342590399 ] ] ] } },
{ "type": "Feature", "properties": { "aun": 126515001, "school_num": 3650, "location_id": "2590", "school_name": "NEBINGER, GEORGE W. SCHOOL", "school_name_label": "GEORGE W. NEBINGER SCHOOL", "street_address": "601 CARPENTER ST", "zip_code": "19147", "phone_number": "(215) 400-8110", "active": null, "grade_level": "ELEMENTARY/MIDDLE", "grade_org": "K-8", "enrollment": 374, "type": 1, "type_specific": "DISTRICT", "objectid": 210, "Shape__Area": 7478.6875, "Shape__Length": 382.29637868639543 }, "geometry": { "type": "Polygon", "coordinates": [ [ [ -75.154100225741104, 39.9372136609244 ], [ -75.153698389611293, 39.937105200492198 ], [ -75.153535667375905, 39.937062407935997 ], [ -75.153536722247097, 39.937057506617897 ], [ -75.153588366466394, 39.936818424491797 ], [ -75.153592003047507, 39.936801629592502 ], [ -75.153658099483707, 39.936495558309304 ], [ -75.153662474406005, 39.9364753292176 ], [ -75.154335457877295, 39.936655228299799 ], [ -75.154389478082393, 39.936669668851302 ], [ -75.154449488420696, 39.936685712477498 ], [ -75.154369149798299, 39.936872399958297 ], [ -75.154350917283793, 39.936914447865497 ], [ -75.154331589087704, 39.936958291032198 ], [ -75.1543112556664, 39.937003821129998 ], [ -75.154346668094107, 39.937011989557497 ], [ -75.154325976662093, 39.937040537472697 ], [ -75.154337033591204, 39.937047654612101 ], [ -75.1543301102881, 39.937055122800103 ], [ -75.154327813141506, 39.9370577299443 ], [ -75.154320424775406, 39.937066380330997 ], [ -75.1543007217889, 39.937055908307997 ], [ -75.154282626, 39.937079549217998 ], [ -75.154270624694306, 39.937095510589501 ], [ -75.154254795807205, 39.937116301518699 ], [ -75.154223706570406, 39.937157783611497 ], [ -75.154277289551004, 39.937197893369799 ], [ -75.154282209716101, 39.937195716136699 ], [ -75.154302474200406, 39.9372052018647 ], [ -75.154319529982203, 39.9372131969889 ], [ -75.154368279690999, 39.937248844263301 ], [ -75.154359117437593, 39.937256246013803 ], [ -75.154335215995502, 39.937275597333702 ], [ -75.154100225741104, 39.9372136609244 ] ] ] } },
{ "type": "Feature", "properties": { "aun": 126515001, "school_num": 3706, "location_id": "6200", "school_name": "DAY, ANNA B. SCHOOL", "school_name_label": "ANNA B. DAY SCHOOL", "street_address": "6324 CRITTENDEN ST", "zip_code": "19138", "phone_number": "(215) 400-3520", "active": null, "grade_level": "ELEMENTARY/MIDDLE", "grade_org": "K-8", "enrollment": 288, "type": 1, "type_specific": "DISTRICT", "objectid": 211, "Shape__Area": 31847.9765625, "Shape__Length": 740.22646227338817 }, "geometry": { "type": "Polygon", "coordinates": [ [ [ -75.168184510353498, 40.057807020760897 ], [ -75.168837260100901, 40.057173080551998 ], [ -75.169786643761, 40.057746889584998 ], [ -75.1691409930513, 40.058384605358498 ], [ -75.169003239199199, 40.058520664235601 ], [ -75.168996198824701, 40.058527613932903 ], [ -75.168782865839802, 40.0587378432527 ], [ -75.168487076221595, 40.059019673394701 ], [ -75.1682823506614, 40.058897112954703 ], [ -75.168189745723296, 40.05884106261 ], [ -75.168041898938597, 40.058751564133601 ], [ -75.167530590181102, 40.058442082249599 ], [ -75.167862052984106, 40.0581201807368 ], [ -75.168184510353498, 40.057807020760897 ] ] ] } },
{ "type": "Feature", "properties": { "aun": 126515001, "school_num": 3659, "location_id": "2720", "school_name": "VARE-WASHINGTON ELEMENTARY", "school_name_label": "VARE-WASHINGTON SCHOOL", "street_address": "1198 S 5TH ST", "zip_code": "19147", "phone_number": "(215) 400-8120", "active": null, "grade_level": "ELEMENTARY/MIDDLE", "grade_org": "K-8", "enrollment": 343, "type": 1, "type_specific": "DISTRICT", "objectid": 212, "Shape__Area": 7641.765625, "Shape__Length": 356.92407163984825 }, "geometry": { "type": "Polygon", "coordinates": [ [ [ -75.1525420996892, 39.934245706886799 ], [ -75.152703251182004, 39.933521929338397 ], [ -75.153335845934194, 39.9336060856971 ], [ -75.153170779147899, 39.9343366264605 ], [ -75.1525420996892, 39.934245706886799 ] ] ] } },
{ "type": "Feature", "properties": { "aun": 126518004, "school_num": null, "location_id": "3428", "school_name": "G.L.A. CHARTER @ HUEY", "school_name_label": "GLOBAL LEADERSHIP ACADEMY AT HUEY", "street_address": "5200 PINE ST", "zip_code": "19143", "phone_number": "(215) 471-2978", "active": null, "grade_level": "ELEMENTARY/MIDDLE", "grade_org": "K-8", "enrollment": 589, "type": 2, "type_specific": "CHARTER", "objectid": 213, "Shape__Area": 11128.18359375, "Shape__Length": 505.2552000728956 }, "geometry": { "type": "Polygon", "coordinates": [ [ [ -75.227820918640205, 39.953652754660297 ], [ -75.226387239332794, 39.953474343288001 ], [ -75.226376127977701, 39.953472954588399 ], [ -75.226458196462005, 39.953085941030402 ], [ -75.227698498045996, 39.953241304126102 ], [ -75.228191100964096, 39.953303006496199 ], [ -75.228128659962195, 39.953620252464397 ], [ -75.228115077312694, 39.953689348699001 ], [ -75.227820918640205, 39.953652754660297 ] ] ] } },
{ "type": "Feature", "properties": { "aun": 126514059, "school_num": null, "location_id": "3437", "school_name": "KIPP NORTH PHILADELPHIA CHARTER SCHOOL", "school_name_label": "KIPP NORTH PHILADELPHIA ACADEMY", "street_address": "2539 N 16TH ST", "zip_code": "19132", "phone_number": "(267) 758-2509", "active": null, "grade_level": "ELEMENTARY SCHOOL", "grade_org": "K-7", "enrollment": 678, "type": 2, "type_specific": "CHARTER", "objectid": 214, "Shape__Area": 8074.625, "Shape__Length": 370.0210989879406 }, "geometry": { "type": "Polygon", "coordinates": [ [ [ -75.158195885134603, 39.992121176850901 ], [ -75.157572340907194, 39.992042986860397 ], [ -75.157733639792596, 39.991296088032399 ], [ -75.157740744619304, 39.9912631710204 ], [ -75.158362578677497, 39.991346431535 ], [ -75.158364497464902, 39.991346684345899 ], [ -75.158198200639205, 39.992121471283902 ], [ -75.158195885134603, 39.992121176850901 ] ] ] } },
{ "type": "Feature", "properties": { "aun": 151514721, "school_num": 7961, "location_id": "3393", "school_name": "MASTERY CHARTER @ PICKETT", "school_name_label": "MASTERY CHARTER SCHOOL AT PICKETT", "street_address": "5700 WAYNE AVE", "zip_code": "19144", "phone_number": "(215) 866-9000", "active": null, "grade_level": "MIDDLE/HIGH", "grade_org": "6-12", "enrollment": 923, "type": 2, "type_specific": "CHARTER", "objectid": 215, "Shape__Area": 55168.45703125, "Shape__Length": 1027.1978662447589 }, "geometry": { "type": "Polygon", "coordinates": [ [ [ -75.179113221926997, 40.031741710984299 ], [ -75.179452748252302, 40.031408862077903 ], [ -75.179506910112593, 40.031355767101999 ], [ -75.179513748035404, 40.031349069095 ], [ -75.1799525674341, 40.031616854239303 ], [ -75.180006722379105, 40.031563935701499 ], [ -75.180181592945303, 40.031393272509597 ], [ -75.180486328654297, 40.0310956859703 ], [ -75.180638969376702, 40.0309466242783 ], [ -75.1807688000425, 40.0308195232872 ], [ -75.180780957076806, 40.030826887314802 ], [ -75.180968566399699, 40.0309405701923 ], [ -75.180994436156098, 40.030956236262199 ], [ -75.181008253272495, 40.030964604856798 ], [ -75.182276950406106, 40.031733307315797 ], [ -75.182327893135707, 40.031766910706303 ], [ -75.182417053023201, 40.031825742994002 ], [ -75.182422536901399, 40.031829346862899 ], [ -75.181242472549698, 40.032975959018898 ], [ -75.179971625108095, 40.032238808100303 ], [ -75.179741247692505, 40.032105404144801 ], [ -75.179660831059493, 40.032058824294197 ], [ -75.179589485033503, 40.032017508810199 ], [ -75.179574915806896, 40.032009074784199 ], [ -75.179412091282401, 40.031914773233197 ], [ -75.179399286977997, 40.031907360786803 ], [ -75.179113221926997, 40.031741710984299 ] ] ] } },
{ "type": "Feature", "properties": { "aun": 126515001, "school_num": 3738, "location_id": "7260", "school_name": "ELLWOOD SCHOOL", "school_name_label": "ELLWOOD SCHOOL", "street_address": "6701 N 13TH ST", "zip_code": "19126", "phone_number": "(215) 400-3540", "active": null, "grade_level": "ELEMENTARY SCHOOL", "grade_org": "K-5", "enrollment": 263, "type": 1, "type_specific": "DISTRICT", "objectid": 216, "Shape__Area": 19423.703125, "Shape__Length": 625.60352681803317 }, "geometry": { "type": "Polygon", "coordinates": [ [ [ -75.137825610552895, 40.055885981968302 ], [ -75.137834010867294, 40.055848129613402 ], [ -75.137813737256906, 40.055848942482001 ], [ -75.137814260231295, 40.055846246805302 ], [ -75.137850564456599, 40.055660645411798 ], [ -75.137702796155395, 40.055642229561698 ], [ -75.137736028350901, 40.055281994582003 ], [ -75.137437075044403, 40.055244568825302 ], [ -75.137493682844706, 40.054980087580297 ], [ -75.138573243116298, 40.054880636193097 ], [ -75.138628903667296, 40.054875501858 ], [ -75.138878516220601, 40.054852497986602 ], [ -75.138908430484605, 40.0548497438472 ], [ -75.138903328041195, 40.054873292057998 ], [ -75.138863135828899, 40.055059160128998 ], [ -75.138853997143997, 40.0551014772144 ], [ -75.138811840059702, 40.055296424572802 ], [ -75.138642125424397, 40.056081411735299 ], [ -75.138045797004807, 40.056007857140202 ], [ -75.138066219338199, 40.055915471250898 ], [ -75.137825610552895, 40.055885981968302 ] ] ] } },
{ "type": "Feature", "properties": { "aun": 126513480, "school_num": 7672, "location_id": "3332", "school_name": "MARIANA BRACETTI ACADEMY", "school_name_label": "MARIANA BRACETTI ACADEMY CHARTER SCHOOL", "street_address": "1840 TORRESDALE AVE", "zip_code": "19124", "phone_number": "(215) 291-4436", "active": null, "grade_level": "ELEMENTARY/MIDDLE/HIGH", "grade_org": "K-12", "enrollment": 1518, "type": 2, "type_specific": "CHARTER", "objectid": 217, "Shape__Area": 37230.34765625, "Shape__Length": 935.89678669232046 }, "geometry": { "type": "Polygon", "coordinates": [ [ [ -75.092902139233999, 40.005271905237201 ], [ -75.092899650136701, 40.005268593758998 ], [ -75.092897899471495, 40.005265013292799 ], [ -75.092896931738693, 40.0052612617298 ], [ -75.092896775298897, 40.005257437714199 ], [ -75.092897433328304, 40.005253647191303 ], [ -75.092898888782003, 40.005249988880699 ], [ -75.092901101114293, 40.005246563210498 ], [ -75.092904012573001, 40.005243461200202 ], [ -75.092907543677001, 40.005240767734897 ], [ -75.092911599377501, 40.005238553823901 ], [ -75.092916071896894, 40.005236878919 ], [ -75.0929208393094, 40.005235789754998 ], [ -75.092921888160205, 40.0052356349495 ], [ -75.095859017592701, 40.004803083949298 ], [ -75.096490279684602, 40.005366835127703 ], [ -75.096397395338002, 40.005419135512597 ], [ -75.096097672996294, 40.005367908923198 ], [ -75.096036246659594, 40.005357409850802 ], [ -75.095512929589304, 40.005582812565599 ], [ -75.095524525509504, 40.005772976209798 ], [ -75.093363963389706, 40.005850884714 ], [ -75.093121006917997, 40.005494552987201 ], [ -75.092902139233999, 40.005271905237201 ] ] ] } },
{ "type": "Feature", "properties": { "aun": 126515001, "school_num": 3818, "location_id": "2160", "school_name": "FURNESS, HORACE HIGH SCHOOL", "school_name_label": "FURNESS HIGH SCHOOL", "street_address": "1900 S 3RD ST", "zip_code": "19148", "phone_number": "(215) 400-8300", "active": null, "grade_level": "HIGH SCHOOL", "grade_org": "9-12", "enrollment": 896, "type": 1, "type_specific": "DISTRICT", "objectid": 218, "Shape__Area": 15250.13671875, "Shape__Length": 510.31127983924551 }, "geometry": { "type": "Polygon", "coordinates": [ [ [ -75.1506787085779, 39.923218643398002 ], [ -75.151541390313398, 39.923337090995503 ], [ -75.151487944883499, 39.923467321859903 ], [ -75.151469165782402, 39.9235116612506 ], [ -75.151452809441295, 39.923550671944902 ], [ -75.151436452479203, 39.923589698391098 ], [ -75.151420446796706, 39.9236282980536 ], [ -75.151403980264206, 39.9236674346405 ], [ -75.151387640265, 39.9237065898607 ], [ -75.151371319692799, 39.923745198149298 ], [ -75.151355143663807, 39.923783889677303 ], [ -75.151339043757304, 39.923822196616001 ], [ -75.151322684169301, 39.923861288313198 ], [ -75.151306694405093, 39.923899468222601 ], [ -75.151290663054198, 39.923937664081699 ], [ -75.151274806579707, 39.923975073256599 ], [ -75.151258068512902, 39.924015300664898 ], [ -75.151241701965105, 39.9240540362917 ], [ -75.151225736271698, 39.9240921198775 ], [ -75.151209645037696, 39.924130234404501 ], [ -75.1511933406792, 39.924168987202897 ], [ -75.151174604077497, 39.924213811815598 ], [ -75.151107411322599, 39.924371698644698 ], [ -75.150246420308207, 39.924252511519597 ], [ -75.1506787085779, 39.923218643398002 ] ] ] } },
{ "type": "Feature", "properties": { "aun": 126515001, "school_num": 3688, "location_id": "5260", "school_name": "ELKIN, LEWIS SCHOOL", "school_name_label": "LEWIS ELKIN SCHOOL", "street_address": "3199 D ST", "zip_code": "19134", "phone_number": "(215) 400-7140", "active": null, "grade_level": "ELEMENTARY SCHOOL", "grade_org": "K-4", "enrollment": 456, "type": 1, "type_specific": "DISTRICT", "objectid": 219, "Shape__Area": 11197.05078125, "Shape__Length": 428.66877515855055 }, "geometry": { "type": "Polygon", "coordinates": [ [ [ -75.120435778237606, 39.997191268094198 ], [ -75.120453673244697, 39.997104259128797 ], [ -75.120595970108596, 39.9964119057014 ], [ -75.120597806112102, 39.996412141479098 ], [ -75.121398474064407, 39.996513819820599 ], [ -75.121396706408206, 39.9965221453879 ], [ -75.121388969237799, 39.996558480120797 ], [ -75.121218788490395, 39.997357893426397 ], [ -75.120422761095597, 39.997254644449001 ], [ -75.120435778237606, 39.997191268094198 ] ] ] } },
{ "type": "Feature", "properties": { "aun": 126515001, "school_num": 3760, "location_id": "8370", "school_name": "COMLY, WATSON SCHOOL", "school_name_label": "WATSON COMLY SCHOOL", "street_address": "1001 BYBERRY RD", "zip_code": "19116", "phone_number": "(215) 400-3010", "active": null, "grade_level": "ELEMENTARY SCHOOL", "grade_org": "K-5", "enrollment": 618, "type": 1, "type_specific": "DISTRICT", "objectid": 220, "Shape__Area": 36571.81640625, "Shape__Length": 771.78997956996602 }, "geometry": { "type": "Polygon", "coordinates": [ [ [ -75.010288617244697, 40.120712572906697 ], [ -75.009114369120596, 40.121907381643503 ], [ -75.007915996102199, 40.121213251893003 ], [ -75.0091005782959, 40.120007949562002 ], [ -75.010288617244697, 40.120712572906697 ] ] ] } },
{ "type": "Feature", "properties": { "aun": 226514122, "school_num": null, "location_id": null, "school_name": "CREFELD SCHOOL", "school_name_label": "CREFELD SCHOOL", "street_address": "8836 CREFELD ST", "zip_code": "19118", "phone_number": "(215) 242-5545", "active": "O", "grade_level": "MIDDLE/HIGH", "grade_org": "7-12", "enrollment": null, "type": 3, "type_specific": "PRIVATE", "objectid": 221, "Shape__Area": 27473.98828125, "Shape__Length": 678.47828656443107 }, "geometry": { "type": "Polygon", "coordinates": [ [ [ -75.214958528945502, 40.077050357499502 ], [ -75.213405400244795, 40.076311451239 ], [ -75.213792284892804, 40.075919000960297 ], [ -75.214217591914704, 40.0754875698075 ], [ -75.214852470412694, 40.075902502018302 ], [ -75.215621715379498, 40.0764163993843 ], [ -75.215112377464706, 40.076903291263903 ], [ -75.214958528945502, 40.077050357499502 ] ] ] } },
{ "type": "Feature", "properties": { "aun": 226510064, "school_num": null, "location_id": null, "school_name": "SPRING GARDEN ACADEMY - TIOGA", "school_name_label": "SPRING GARDEN ACAD - TIOGA", "street_address": "3501-05 N 17TH ST", "zip_code": "19140", "phone_number": "(215) 226-1000", "active": "O", "grade_level": "ELEMENTARY/MIDDLE", "grade_org": "PREK-8", "enrollment": null, "type": 3, "type_specific": "PRIVATE", "objectid": 222, "Shape__Area": 2630.68359375, "Shape__Length": 216.00733668110209 }, "geometry": { "type": "Polygon", "coordinates": [ [ [ -75.156266794296897, 40.007066984155401 ], [ -75.156262999312005, 40.007088419214902 ], [ -75.1559262025621, 40.007044394029897 ], [ -75.155986593234303, 40.006772333581303 ], [ -75.156587435019503, 40.006849645752702 ], [ -75.156532778827994, 40.007100091082101 ], [ -75.156266794296897, 40.007066984155401 ] ] ] } },
{ "type": "Feature", "properties": { "aun": 126510005, "school_num": 7748, "location_id": "3365", "school_name": "GREEN WOODS CHARTER SCHOOL", "school_name_label": "GREEN WOODS CHARTER SCHOOL", "street_address": "468 DOMINO LN", "zip_code": "19128", "phone_number": "(215) 482-6337", "active": null, "grade_level": "ELEMENTARY/MIDDLE", "grade_org": "K-8", "enrollment": 703, "type": 2, "type_specific": "CHARTER", "objectid": 223, "Shape__Area": 36904.265625, "Shape__Length": 1125.5866121644358 }, "geometry": { "type": "Polygon", "coordinates": [ [ [ -75.233814054794607, 40.044492910511302 ], [ -75.232770940405601, 40.043135515201797 ], [ -75.232749383054596, 40.0431452499258 ], [ -75.232476933736606, 40.0427907040376 ], [ -75.232844388973405, 40.042624724259198 ], [ -75.232978950086604, 40.042563942220099 ], [ -75.233154972609896, 40.042484431332703 ], [ -75.233310088821696, 40.042414364059198 ], [ -75.233448504478702, 40.042351840300697 ], [ -75.233509446067799, 40.0424315358812 ], [ -75.233964780593496, 40.042225853053303 ], [ -75.234465775703995, 40.042856702891903 ], [ -75.234977395005899, 40.043500917150801 ], [ -75.234822765279404, 40.043569582781601 ], [ -75.2345268911956, 40.0431970273481 ], [ -75.233499892979097, 40.043653078697098 ], [ -75.233702118002299, 40.0439077177939 ], [ -75.233886870529602, 40.043824262535303 ], [ -75.234252065613305, 40.044299474232602 ], [ -75.233814054794607, 40.044492910511302 ] ] ] } },
{ "type": "Feature", "properties": { "aun": 126510006, "school_num": 7722, "location_id": "3357", "school_name": "WEST PHILADELPHIA ACHIEVEMENT", "school_name_label": "WEST PHILADELPHIA ACHIEVEMENT CHARTER SCHOOL", "street_address": "6701 CALLOWHILL ST", "zip_code": "19151", "phone_number": "(215) 476-6471", "active": null, "grade_level": "ELEMENTARY SCHOOL", "grade_org": "K-5", "enrollment": 653, "type": 2, "type_specific": "CHARTER", "objectid": 224, "Shape__Area": 31645.26171875, "Shape__Length": 717.00877625598935 }, "geometry": { "type": "Polygon", "coordinates": [ [ [ -75.254607481034995, 39.971459853585401 ], [ -75.253247845985499, 39.971298035486797 ], [ -75.253538469397995, 39.969928247756499 ], [ -75.254926363554702, 39.970097431513999 ], [ -75.254650222659805, 39.9714649422489 ], [ -75.254607481034995, 39.971459853585401 ] ] ] } },
{ "type": "Feature", "properties": { "aun": 126515001, "school_num": 8328, "location_id": "8560", "school_name": "THE WORKSHOP SCHOOL", "school_name_label": "THE WORKSHOP SCHOOL", "street_address": "221 S HANSON ST", "zip_code": "19139", "phone_number": "(215) 400-7730", "active": null, "grade_level": "HIGH SCHOOL", "grade_org": "9-12", "enrollment": 214, "type": 1, "type_specific": "DISTRICT", "objectid": 225, "Shape__Area": 2442.171875, "Shape__Length": 211.69448620485093 }, "geometry": { "type": "Polygon", "coordinates": [ [ [ -75.218352762529307, 39.955539305665397 ], [ -75.218456021140696, 39.955050937863199 ], [ -75.218757084361101, 39.955088369338803 ], [ -75.2186545114198, 39.9555769304419 ], [ -75.218586091015197, 39.955568263396501 ], [ -75.218352762529307, 39.955539305665397 ] ] ] } },
{ "type": "Feature", "properties": { "aun": 126513400, "school_num": 7647, "location_id": "3336", "school_name": "PHILADELPHIA PERFORMING ARTS-BROAD ST", "school_name_label": "PHILADELPHIA PERFORMING ARTS: A STRING THEORY CHARTER SCHOOL", "street_address": "2600 S BROAD ST", "zip_code": "19145", "phone_number": "(215) 551-4000", "active": null, "grade_level": "ELEMENTARY SCHOOL", "grade_org": "2-5", "enrollment": 2610, "type": 2, "type_specific": "CHARTER", "objectid": 226, "Shape__Area": 2228.0078125, "Shape__Length": 200.525505372797 }, "geometry": { "type": "Polygon", "coordinates": [ [ [ -75.171380879778795, 39.917640277749101 ], [ -75.171676294432402, 39.917679870219999 ], [ -75.171669892683596, 39.917709015995101 ], [ -75.171661044025797, 39.917750228771098 ], [ -75.171652203893203, 39.917791216484702 ], [ -75.171647969839299, 39.917810141690602 ], [ -75.171644801046597, 39.917824658985602 ], [ -75.171576964115104, 39.918135665058102 ], [ -75.171284241405303, 39.9180956970526 ], [ -75.171380879778795, 39.917640277749101 ] ] ] } },
{ "type": "Feature", "properties": { "aun": 126515001, "school_num": 5292, "location_id": "4440", "school_name": "ALLEN, DR. ETHEL SCHOOL", "school_name_label": "DR. ETHEL ALLEN SCHOOL", "street_address": "3200 W LEHIGH AVE", "zip_code": "19132", "phone_number": "(215) 400-7040", "active": null, "grade_level": "ELEMENTARY/MIDDLE", "grade_org": "K-8", "enrollment": 306, "type": 1, "type_specific": "DISTRICT", "objectid": 227, "Shape__Area": 38334.296875, "Shape__Length": 793.98433122774907 }, "geometry": { "type": "Polygon", "coordinates": [ [ [ -75.184230870941306, 39.997663084667202 ], [ -75.182664791739299, 39.997461094679501 ], [ -75.182720480495803, 39.9972706616146 ], [ -75.182726629323298, 39.997249633288497 ], [ -75.182942923480397, 39.9962154745932 ], [ -75.182906587309702, 39.996210777517398 ], [ -75.182942085344607, 39.996048348973098 ], [ -75.184688949663197, 39.996273255737002 ], [ -75.184230870941306, 39.997663084667202 ] ] ] } },
{ "type": "Feature", "properties": { "aun": 126515001, "school_num": 3720, "location_id": "6320", "school_name": "MIFFLIN, THOMAS SCHOOL", "school_name_label": "THOMAS MIFFLIN SCHOOL", "street_address": "3624 CONRAD ST", "zip_code": "19129", "phone_number": "(215) 400-3830", "active": null, "grade_level": "ELEMENTARY/MIDDLE", "grade_org": "K-8", "enrollment": 360, "type": 1, "type_specific": "DISTRICT", "objectid": 228, "Shape__Area": 22109.328125, "Shape__Length": 836.44518525829733 }, "geometry": { "type": "Polygon", "coordinates": [ [ [ -75.192300592927197, 40.013074621076498 ], [ -75.192296779179003, 40.013164104028398 ], [ -75.192286162322702, 40.013253261989597 ], [ -75.192268781628101, 40.013341790617801 ], [ -75.192244695433601, 40.013429384867898 ], [ -75.192213985282805, 40.013515745841801 ], [ -75.192171707612104, 40.013610983071104 ], [ -75.192121378597804, 40.013703877382703 ], [ -75.192063214061605, 40.013794025869601 ], [ -75.1920200821706, 40.013852565179 ], [ -75.191973645693693, 40.013909590368101 ], [ -75.191911383259693, 40.013978260978 ], [ -75.191844328120496, 40.0140442096057 ], [ -75.191568225107204, 40.013807910315798 ], [ -75.191329682615603, 40.0136036694648 ], [ -75.191155506128595, 40.013454601971901 ], [ -75.191354683300503, 40.0133170059744 ], [ -75.191080300476003, 40.013082172955698 ], [ -75.191116811101907, 40.013056925034597 ], [ -75.191169925004004, 40.013020232674101 ], [ -75.191222980924493, 40.0129835615232 ], [ -75.191302720579799, 40.012928518805602 ], [ -75.191329277437603, 40.0129101725854 ], [ -75.191382391110096, 40.012873480126302 ], [ -75.191435504725206, 40.012836787642698 ], [ -75.191488618325295, 40.012800094009101 ], [ -75.191541734837401, 40.012763399290897 ], [ -75.191594848280303, 40.012726706733403 ], [ -75.191647961665794, 40.012690014151303 ], [ -75.191701076457406, 40.012653321577197 ], [ -75.191754189728101, 40.0126166289458 ], [ -75.191807302941399, 40.012579936289903 ], [ -75.191860416097299, 40.012543243609301 ], [ -75.1919108734171, 40.012508384973998 ], [ -75.191966642236906, 40.012469858174299 ], [ -75.192008906458497, 40.012440659988798 ], [ -75.192052943695799, 40.012410236500898 ], [ -75.192096983862996, 40.012379811936 ], [ -75.192141685726597, 40.012348929067699 ], [ -75.192187055350502, 40.012317582399298 ], [ -75.1922302081217, 40.012287770973899 ], [ -75.192272699163496, 40.012258416694202 ], [ -75.192315188662704, 40.012229063491397 ], [ -75.192357679631002, 40.012199709180202 ], [ -75.192400436761304, 40.012170170445302 ], [ -75.192489419332105, 40.011969572547898 ], [ -75.192447781915405, 40.011933937187997 ], [ -75.192340769822096, 40.011842350423699 ], [ -75.192509842269899, 40.011725546172698 ], [ -75.192671079893501, 40.011770752801397 ], [ -75.192501651962999, 40.012152706497602 ], [ -75.192449192419303, 40.012280616126098 ], [ -75.192404513745899, 40.012410260049997 ], [ -75.192367709958702, 40.012541359933202 ], [ -75.192338863580304, 40.012673631551301 ], [ -75.192318033677097, 40.012806791281697 ], [ -75.192305267778806, 40.012940550738101 ], [ -75.192300592927197, 40.013074621076498 ] ] ] } },
{ "type": "Feature", "properties": { "aun": 126519434, "school_num": 8195, "location_id": "3417", "school_name": "UNIVERSAL AUDENRIED CHARTER", "school_name_label": "UNIVERSAL CHARTER SCHOOL AT AUDENRIED", "street_address": "3301 TASKER ST", "zip_code": "19145", "phone_number": "(215) 952-4801", "active": null, "grade_level": "HIGH SCHOOL", "grade_org": "9-12", "enrollment": 587, "type": 2, "type_specific": "CHARTER", "objectid": 229, "Shape__Area": 30185.671875, "Shape__Length": 690.22458921391365 }, "geometry": { "type": "Polygon", "coordinates": [ [ [ -75.199610837589006, 39.933325648964903 ], [ -75.199498981744199, 39.9338489097874 ], [ -75.199498248756001, 39.9338489103801 ], [ -75.199464411147005, 39.933916972199299 ], [ -75.199400142523203, 39.934037633722802 ], [ -75.1992092260964, 39.934395548163103 ], [ -75.197658537332202, 39.934194467402598 ], [ -75.1977957288818, 39.933576203224 ], [ -75.197876456616797, 39.933215790538 ], [ -75.197900608433301, 39.933111276254103 ], [ -75.1980399364612, 39.933129157718497 ], [ -75.198057377097896, 39.933131448061197 ], [ -75.1995918805451, 39.933323492950201 ], [ -75.199610837589006, 39.933325648964903 ] ] ] } },
{ "type": "Feature", "properties": { "aun": 126515001, "school_num": 6675, "location_id": "6060", "school_name": "KING, MARTIN LUTHER HIGH SCHOOL", "school_name_label": "MARTIN LUTHER KING HIGH SCHOOL", "street_address": "6100 STENTON AVE", "zip_code": "19138", "phone_number": "(215) 400-3500", "active": null, "grade_level": "HIGH SCHOOL", "grade_org": "9-12", "enrollment": 546, "type": 1, "type_specific": "DISTRICT", "objectid": 230, "Shape__Area": 118822.3515625, "Shape__Length": 1748.9507631895779 }, "geometry": { "type": "Polygon", "coordinates": [ [ [ -75.160167926196905, 40.054671664274501 ], [ -75.161760140212294, 40.055788271617402 ], [ -75.163368255871703, 40.0542223166036 ], [ -75.164313824309303, 40.054819529110802 ], [ -75.164497654972394, 40.054938761638802 ], [ -75.164452247645997, 40.054980925306197 ], [ -75.162993120284298, 40.056336025248001 ], [ -75.161886944552606, 40.057386544844 ], [ -75.159048861523402, 40.055756875391999 ], [ -75.159053567773896, 40.055752307513501 ], [ -75.160167926196905, 40.054671664274501 ] ] ] } },
{ "type": "Feature", "properties": { "aun": 126515001, "school_num": 8143, "location_id": "5700", "school_name": "KENSINGTON HIGH SCHOOL", "school_name_label": "KENSINGTON HIGH SCHOOL", "street_address": "2051 E CUMBERLAND ST", "zip_code": "19125", "phone_number": "(215) 400-7700", "active": null, "grade_level": "HIGH SCHOOL", "grade_org": "9-12", "enrollment": 459, "type": 1, "type_specific": "DISTRICT", "objectid": 231, "Shape__Area": 13761.40234375, "Shape__Length": 482.57130881010482 }, "geometry": { "type": "Polygon", "coordinates": [ [ [ -75.126045709164202, 39.984909646607903 ], [ -75.126027821603898, 39.984888846275901 ], [ -75.126037518160103, 39.984883022077497 ], [ -75.125996816698205, 39.984838681154599 ], [ -75.126008164641505, 39.984832444201501 ], [ -75.125983047720098, 39.984804013565302 ], [ -75.125959626204093, 39.984777783025002 ], [ -75.125936371075298, 39.984749444501603 ], [ -75.1259336127914, 39.984750880520103 ], [ -75.125904250494301, 39.984717888209701 ], [ -75.125873709342798, 39.984683386747498 ], [ -75.125844240763698, 39.984650456188298 ], [ -75.125814581434895, 39.984617006547801 ], [ -75.125783450731106, 39.984582039939397 ], [ -75.125748255583503, 39.984541618148 ], [ -75.125743782068398, 39.984536480242497 ], [ -75.125745963255099, 39.9845353531502 ], [ -75.125681805761204, 39.984463038361604 ], [ -75.125645639753401, 39.984422282355098 ], [ -75.125611059026099, 39.984384947069998 ], [ -75.125573047651898, 39.984340456881803 ], [ -75.125619489873998, 39.984315903802297 ], [ -75.125504893314101, 39.984180664463601 ], [ -75.125835267905998, 39.984006803909502 ], [ -75.126198096709004, 39.983815678515697 ], [ -75.126892033213096, 39.984603981320902 ], [ -75.126844957276603, 39.984628648821101 ], [ -75.126833278799296, 39.984634765671302 ], [ -75.126794137862404, 39.984655278323402 ], [ -75.126127515082501, 39.985004690979899 ], [ -75.126045709164202, 39.984909646607903 ] ] ] } },
{ "type": "Feature", "properties": { "aun": 126515001, "school_num": 6548, "location_id": "5070", "school_name": "PARKWAY-NORTHWEST HIGH SCHOOL", "school_name_label": "PARKWAY NORTHWEST HIGH SCHOOL", "street_address": "6200 CRITTENDEN ST", "zip_code": "19138", "phone_number": "(215) 400-3390", "active": null, "grade_level": "HIGH SCHOOL", "grade_org": "9-12", "enrollment": 239, "type": 1, "type_specific": "DISTRICT", "objectid": 232, "Shape__Area": 23448.1328125, "Shape__Length": 670.78114331194479 }, "geometry": { "type": "Polygon", "coordinates": [ [ [ -75.164817536211004, 40.0565742192695 ], [ -75.164846580084998, 40.056546405292401 ], [ -75.164888731032406, 40.056506023144202 ], [ -75.165054536460204, 40.0563452997973 ], [ -75.165135355148294, 40.056266195931798 ], [ -75.165148861560297, 40.056252492438396 ], [ -75.165394499492905, 40.056014303762097 ], [ -75.165569304490205, 40.055843578213697 ], [ -75.165933007925105, 40.055488902272003 ], [ -75.165988100609397, 40.055434206546202 ], [ -75.166502136156794, 40.055748978692598 ], [ -75.166616100202305, 40.0558180033414 ], [ -75.166686401375998, 40.055861350503903 ], [ -75.166234818172597, 40.056301598217999 ], [ -75.166185130770501, 40.056349856262997 ], [ -75.166116809064107, 40.0564164261245 ], [ -75.166081519233202, 40.056450740397601 ], [ -75.166067691578903, 40.0564651474456 ], [ -75.165968296410895, 40.0565616449028 ], [ -75.165599719625305, 40.056922368732003 ], [ -75.165380099362906, 40.057136705481 ], [ -75.165307574174705, 40.0570922443058 ], [ -75.164678977330894, 40.056706959521399 ], [ -75.164817536211004, 40.0565742192695 ] ] ] } },
{ "type": "Feature", "properties": { "aun": 226511232, "school_num": null, "location_id": null, "school_name": "JUBILEE SCHOOL", "school_name_label": "JUBILEE SCHOOL", "street_address": "4211 CHESTER AVE", "zip_code": "19104", "phone_number": "(215) 387-7592", "active": "O", "grade_level": "ELEMENTARY SCHOOL", "grade_org": "PREK-6", "enrollment": null, "type": 3, "type_specific": "PRIVATE", "objectid": 233, "Shape__Area": 1516.76171875, "Shape__Length": 206.8067461108044 }, "geometry": { "type": "Polygon", "coordinates": [ [ [ -75.208127866419304, 39.948556543017702 ], [ -75.208286690569395, 39.948551340614799 ], [ -75.208318665542905, 39.9491410924348 ], [ -75.208159821989, 39.949146229159801 ], [ -75.208127866419304, 39.948556543017702 ] ] ] } },
{ "type": "Feature", "properties": { "aun": 326511965, "school_num": null, "location_id": null, "school_name": "LITTLE CITY MONTESSORI", "school_name_label": "LITTLE CITY MONTESSORI", "street_address": "1401 N 5TH ST", "zip_code": "19122", "phone_number": "(215) 764-0633", "active": null, "grade_level": "PRE-K/KINDERGARTEN", "grade_org": "PREK-K", "enrollment": null, "type": 3, "type_specific": "PRIVATE", "objectid": 234, "Shape__Area": 3604.81640625, "Shape__Length": 260.38823367863267 }, "geometry": { "type": "Polygon", "coordinates": [ [ [ -75.143856338959395, 39.973258777220501 ], [ -75.143992218609597, 39.9726469686412 ], [ -75.144345962605499, 39.972694624266097 ], [ -75.144209073572497, 39.973307716753403 ], [ -75.143856338959395, 39.973258777220501 ] ] ] } },
{ "type": "Feature", "properties": { "aun": 126515001, "school_num": 6824, "location_id": "8160", "school_name": "BALDI MIDDLE SCHOOL", "school_name_label": "BALDI SCHOOL", "street_address": "8801 VERREE RD", "zip_code": "19115", "phone_number": "(215) 400-3090", "active": null, "grade_level": "MIDDLE SCHOOL", "grade_org": "6-8", "enrollment": 1509, "type": 1, "type_specific": "DISTRICT", "objectid": 235, "Shape__Area": 105405.296875, "Shape__Length": 1416.6849847662427 }, "geometry": { "type": "Polygon", "coordinates": [ [ [ -75.050169324110598, 40.092298806832503 ], [ -75.050006651808403, 40.0920993746061 ], [ -75.049964286946903, 40.092062714987101 ], [ -75.050145699208699, 40.091886305113697 ], [ -75.049942223033099, 40.091710110832601 ], [ -75.050390718574207, 40.0913340320351 ], [ -75.050645467113995, 40.0911198745859 ], [ -75.0507317862197, 40.091047313068898 ], [ -75.051456651364703, 40.090437943850098 ], [ -75.051526638586097, 40.0903791188626 ], [ -75.051839989656699, 40.090115684657 ], [ -75.051892504801003, 40.0901372775974 ], [ -75.052046110978793, 40.0901960630895 ], [ -75.052243953575896, 40.090251920874202 ], [ -75.052400047973194, 40.090276669857097 ], [ -75.052424543579505, 40.090291930637299 ], [ -75.053903685074104, 40.091733687165203 ], [ -75.052478959084297, 40.092981904558798 ], [ -75.051609061338993, 40.092213625621604 ], [ -75.051328648713394, 40.092483367382698 ], [ -75.051064704287896, 40.092737263962903 ], [ -75.0507972705241, 40.092994512154199 ], [ -75.0505655611408, 40.092784451490203 ], [ -75.050367401154801, 40.092541640202803 ], [ -75.050169324110598, 40.092298806832503 ] ] ] } },
{ "type": "Feature", "properties": { "aun": 126515001, "school_num": 3731, "location_id": "8390", "school_name": "FITZPATRICK, A. L. SCHOOL", "school_name_label": "A.L. FITZPATRICK SCHOOL", "street_address": "11061 KNIGHTS RD", "zip_code": "19154", "phone_number": "(215) 400-3060", "active": null, "grade_level": "ELEMENTARY/MIDDLE", "grade_org": "K-8", "enrollment": 844, "type": 1, "type_specific": "DISTRICT", "objectid": 236, "Shape__Area": 116632.4765625, "Shape__Length": 1449.6399373539691 }, "geometry": { "type": "Polygon", "coordinates": [ [ [ -74.976557289307493, 40.080908600933199 ], [ -74.976153330030101, 40.081284810439897 ], [ -74.976060525413402, 40.081368397417698 ], [ -74.975874465828298, 40.081546527439102 ], [ -74.975715581499898, 40.081699969454299 ], [ -74.975660100577002, 40.081754275751301 ], [ -74.975597127734503, 40.081821459923297 ], [ -74.975394374534005, 40.082066178533303 ], [ -74.975225187397896, 40.0822804952751 ], [ -74.974056872502601, 40.081367961930397 ], [ -74.973385506625704, 40.080668548902501 ], [ -74.973489991819093, 40.080586199096203 ], [ -74.973069582846193, 40.0802218668493 ], [ -74.973073008961094, 40.080220663354801 ], [ -74.973409115667494, 40.0800999140816 ], [ -74.973548745309003, 40.0800510072946 ], [ -74.973679622894295, 40.080003131267098 ], [ -74.9737206316006, 40.07999077369 ], [ -74.973804549158899, 40.079955029110302 ], [ -74.973815442980793, 40.079948345010799 ], [ -74.973832232566494, 40.079938045864999 ], [ -74.973854254052497, 40.079924552653502 ], [ -74.973901590747403, 40.079893470444603 ], [ -74.973963420225999, 40.079847230867699 ], [ -74.974035190781294, 40.079757042883898 ], [ -74.974060560163807, 40.0797155970725 ], [ -74.974082821006604, 40.079665483339198 ], [ -74.974085909555995, 40.079653611998197 ], [ -74.974091661944797, 40.079631504637497 ], [ -74.974095969805902, 40.079614955780599 ], [ -74.974096869407802, 40.0796088828941 ], [ -74.974099434854693, 40.0795918087519 ], [ -74.9741020666753, 40.079574187686198 ], [ -74.974103997701206, 40.079519310703198 ], [ -74.974103221671101, 40.079502913876702 ], [ -74.974100465741003, 40.079479471289297 ], [ -74.974093959224803, 40.079439512721301 ], [ -74.974053752574306, 40.0793548422496 ], [ -74.974046625908699, 40.079344900252103 ], [ -74.973929201382305, 40.079181049316801 ], [ -74.973826786787996, 40.079038131149801 ], [ -74.973805884338404, 40.079006351183999 ], [ -74.9738041339467, 40.078981450614997 ], [ -74.973804390573093, 40.078979264959997 ], [ -74.973805672064898, 40.078967946932302 ], [ -74.973810653539701, 40.078954428438202 ], [ -74.973816380889104, 40.078947296278201 ], [ -74.973829065251294, 40.078938381357403 ], [ -74.973898985375101, 40.0789036220566 ], [ -74.974047431168302, 40.078838177915401 ], [ -74.974117034189007, 40.0788111960766 ], [ -74.974323285871705, 40.078753677202897 ], [ -74.974325387185402, 40.0787530994577 ], [ -74.9743494853128, 40.0787549880312 ], [ -74.9743858565582, 40.078750304607702 ], [ -74.974488731070707, 40.078746114478797 ], [ -74.9745342690439, 40.078746666849099 ], [ -74.974633120720696, 40.078752100860797 ], [ -74.974716609745698, 40.078762177128098 ], [ -74.974808322186206, 40.078780513113799 ], [ -74.974840687229403, 40.078789096803597 ], [ -74.974896874482695, 40.078806348464703 ], [ -74.974934797011301, 40.078818613163001 ], [ -74.974975113229505, 40.078835481547102 ], [ -74.975010741236005, 40.0788499648908 ], [ -74.975097729179495, 40.078897122178503 ], [ -74.975182922770799, 40.078950652819202 ], [ -74.9752917477105, 40.079039059937301 ], [ -74.975329262772107, 40.079069530921302 ], [ -74.975333384928803, 40.079072886686198 ], [ -74.975340283990306, 40.079078647771503 ], [ -74.975382817369194, 40.079114189022903 ], [ -74.975717482285503, 40.0793921308926 ], [ -74.975980996963102, 40.079616976472501 ], [ -74.976011575814098, 40.079643072924704 ], [ -74.976717650663602, 40.080245556405103 ], [ -74.976941659154804, 40.080419971940501 ], [ -74.976973946459495, 40.080472579383901 ], [ -74.976950487759595, 40.080525856765398 ], [ -74.976949955767694, 40.080527069383599 ], [ -74.976929489195498, 40.080547226935899 ], [ -74.976838853561304, 40.080636411790202 ], [ -74.976836799701204, 40.0806384099117 ], [ -74.976788270062698, 40.080685310956497 ], [ -74.976584298530497, 40.080882495455697 ], [ -74.976560962453505, 40.0809050492525 ], [ -74.976557289307493, 40.080908600933199 ] ] ] } },
{ "type": "Feature", "properties": { "aun": 126515001, "school_num": 3675, "location_id": "4380", "school_name": "PEIRCE, THOMAS M. SCHOOL", "school_name_label": "THOMAS M. PEIRCE SCHOOL", "street_address": "2300 W CAMBRIA ST", "zip_code": "19132", "phone_number": "(215) 400-7020", "active": null, "grade_level": "ELEMENTARY SCHOOL", "grade_org": "K-5", "enrollment": 273, "type": 1, "type_specific": "DISTRICT", "objectid": 237, "Shape__Area": 7182.4609375, "Shape__Length": 343.47486752633318 }, "geometry": { "type": "Polygon", "coordinates": [ [ [ -75.167867111252605, 39.998344904590297 ], [ -75.167930356207293, 39.998051963662299 ], [ -75.167933401957399, 39.998052354284098 ], [ -75.168213546933501, 39.998087591417601 ], [ -75.168561915052393, 39.998134983903299 ], [ -75.168541427814304, 39.998228935922299 ], [ -75.168535953754102, 39.998258828971203 ], [ -75.1685200912017, 39.998330397934801 ], [ -75.168505725233402, 39.998398423527298 ], [ -75.168491225912604, 39.998474924659902 ], [ -75.168416594225505, 39.998816049403104 ], [ -75.168412774798398, 39.998815592966302 ], [ -75.168361467424106, 39.998809506054002 ], [ -75.168119794222605, 39.998777731819402 ], [ -75.168045825559304, 39.998767894803798 ], [ -75.1680208180927, 39.998765187915303 ], [ -75.167996029839898, 39.998762261824801 ], [ -75.167903866906997, 39.998749661579602 ], [ -75.167838722241996, 39.998741458901897 ], [ -75.167784032738496, 39.998733893448303 ], [ -75.167814066795103, 39.998591715520199 ], [ -75.167832975226005, 39.9985067697692 ], [ -75.167852182836697, 39.9984194622049 ], [ -75.167854852322805, 39.998398324770697 ], [ -75.167867111252605, 39.998344904590297 ] ] ] } },
{ "type": "Feature", "properties": { "aun": 126515001, "school_num": 3755, "location_id": "7440", "school_name": "TAYLOR, BAYARD SCHOOL", "school_name_label": "BAYARD TAYLOR SCHOOL", "street_address": "3698 N RANDOLPH ST", "zip_code": "19140", "phone_number": "(215) 400-3880", "active": null, "grade_level": "ELEMENTARY SCHOOL", "grade_org": "K-5", "enrollment": 395, "type": 1, "type_specific": "DISTRICT", "objectid": 238, "Shape__Area": 12136.8984375, "Shape__Length": 523.4379736662695 }, "geometry": { "type": "Polygon", "coordinates": [ [ [ -75.138008092073704, 40.007243437772601 ], [ -75.138068579481995, 40.006968001725099 ], [ -75.138113967670293, 40.006761360991099 ], [ -75.138160427933997, 40.006549764230598 ], [ -75.138220094946604, 40.006277613960599 ], [ -75.138364819425405, 40.006296639279199 ], [ -75.138371527790895, 40.006305915863599 ], [ -75.138426322409998, 40.006314110345699 ], [ -75.138531708793707, 40.006335093451199 ], [ -75.138580331793307, 40.006341342049502 ], [ -75.138617571049593, 40.006345976778697 ], [ -75.138627395621597, 40.006347231920202 ], [ -75.138678839577807, 40.006353705699802 ], [ -75.138699362199205, 40.006356429558899 ], [ -75.138726305788097, 40.006360024783703 ], [ -75.1387426389213, 40.006362120614597 ], [ -75.138945734214602, 40.0063890176272 ], [ -75.139018798303695, 40.006398546372303 ], [ -75.138997167042007, 40.006497691731397 ], [ -75.138935559370097, 40.006780049582296 ], [ -75.138873971421006, 40.0070623763215 ], [ -75.1384729669835, 40.0070098924704 ], [ -75.138464016495206, 40.007052390583802 ], [ -75.138451862932101, 40.007108937111603 ], [ -75.138440039351494, 40.0071640247305 ], [ -75.138452182481103, 40.007165509451198 ], [ -75.138458941948002, 40.0071663401039 ], [ -75.138516009235502, 40.007173764040701 ], [ -75.138456305493904, 40.007447412686801 ], [ -75.137976705039193, 40.007386352327998 ], [ -75.138008092073704, 40.007243437772601 ] ] ] } },
{ "type": "Feature", "properties": { "aun": 126515001, "school_num": 7244, "location_id": "5160", "school_name": "PENN TREATY HIGH SCHOOL", "school_name_label": "PENN TREATY HIGH SCHOOL", "street_address": "600 E THOMPSON ST", "zip_code": "19125", "phone_number": "(215) 400-3800", "active": null, "grade_level": "MIDDLE/HIGH", "grade_org": "6-12", "enrollment": 403, "type": 1, "type_specific": "DISTRICT", "objectid": 239, "Shape__Area": 9303.83984375, "Shape__Length": 400.90425140518278 }, "geometry": { "type": "Polygon", "coordinates": [ [ [ -75.126753318268499, 39.973152696381398 ], [ -75.126500130951499, 39.972690050080402 ], [ -75.127541776485501, 39.972329687496199 ], [ -75.127799284495893, 39.972793446016098 ], [ -75.126753318268499, 39.973152696381398 ] ] ] } },
{ "type": "Feature", "properties": { "aun": 226512762, "school_num": null, "location_id": null, "school_name": "ISLAMIC EDUCATION SCHOOL", "school_name_label": "ISLAMIC EDUCATION SCHOOL", "street_address": "4431-39 WALNUT ST", "zip_code": "19104", "phone_number": "(215) 387 – 5230", "active": "O", "grade_level": "ELEMENTARY SCHOOL", "grade_org": "K-8", "enrollment": null, "type": 3, "type_specific": "PRIVATE", "objectid": 240, "Shape__Area": 1888.75, "Shape__Length": 174.49131178807625 }, "geometry": { "type": "Polygon", "coordinates": [ [ [ -75.211483925931105, 39.955665438534403 ], [ -75.211362895576798, 39.955650396351103 ], [ -75.211306770374506, 39.955643416101402 ], [ -75.211248934545196, 39.955636235787999 ], [ -75.211131699016306, 39.955621664767797 ], [ -75.211136823168999, 39.955597759697802 ], [ -75.211200897555798, 39.955298982846202 ], [ -75.211266332840495, 39.9553073776529 ], [ -75.211309358337502, 39.955312908002 ], [ -75.211553069322207, 39.955344188936401 ], [ -75.211515597229294, 39.955524141382298 ], [ -75.211491041660693, 39.955642044915102 ], [ -75.211486115300303, 39.955665712230498 ], [ -75.211483925931105, 39.955665438534403 ] ] ] } },
{ "type": "Feature", "properties": { "aun": 126515001, "school_num": 3782, "location_id": "1260", "school_name": "COMEGYS, BENJAMIN B. SCHOOL", "school_name_label": "BENJAMIN B. COMEGYS SCHOOL", "street_address": "5100 GREENWAY AVE", "zip_code": "19143", "phone_number": "(215) 400-7860", "active": null, "grade_level": "ELEMENTARY/MIDDLE", "grade_org": "K-8", "enrollment": 252, "type": 1, "type_specific": "DISTRICT", "objectid": 241, "Shape__Area": 14446.1328125, "Shape__Length": 500.6205168279505 }, "geometry": { "type": "Polygon", "coordinates": [ [ [ -75.216920258971399, 39.940771961139497 ], [ -75.216915592676102, 39.940775227827601 ], [ -75.216214387993901, 39.941266168612799 ], [ -75.215859503196796, 39.941514629356099 ], [ -75.215314120302594, 39.941054760341203 ], [ -75.216376542337699, 39.940310619187002 ], [ -75.216920258971399, 39.940771961139497 ] ] ] } },
{ "type": "Feature", "properties": { "aun": 126515001, "school_num": 3850, "location_id": "7010", "school_name": "FRANKFORD HIGH SCHOOL", "school_name_label": "FRANKFORD HIGH SCHOOL", "street_address": "5000 OXFORD AVE", "zip_code": "19124", "phone_number": "(215) 400-7200", "active": null, "grade_level": "HIGH SCHOOL", "grade_org": "9-12", "enrollment": 911, "type": 1, "type_specific": "DISTRICT", "objectid": 242, "Shape__Area": 31860.89453125, "Shape__Length": 782.23951866874336 }, "geometry": { "type": "Polygon", "coordinates": [ [ [ -75.084599312955504, 40.022184399843603 ], [ -75.084597407177398, 40.022134705010998 ], [ -75.084588266210105, 40.021897057942098 ], [ -75.084580697992195, 40.021714416352403 ], [ -75.084578328750794, 40.021657312107898 ], [ -75.084571101112303, 40.021482562506399 ], [ -75.084569175342395, 40.021436026472998 ], [ -75.084559474307, 40.021201977301502 ], [ -75.084540297824404, 40.020776747708702 ], [ -75.084538422688397, 40.020735339756897 ], [ -75.084537909146903, 40.020718498689497 ], [ -75.084534355950396, 40.020602350061097 ], [ -75.084533212272405, 40.020565295335601 ], [ -75.084532180383604, 40.020531773023201 ], [ -75.084574591082401, 40.020555922054598 ], [ -75.084628282250506, 40.020586475740103 ], [ -75.084717597510902, 40.020637328844003 ], [ -75.084936654773998, 40.020762428110899 ], [ -75.085217720585007, 40.020924172908302 ], [ -75.0852622966258, 40.020949822595703 ], [ -75.0853439419881, 40.020996805196397 ], [ -75.085377507783804, 40.021016107194001 ], [ -75.085390015301698, 40.021023312900397 ], [ -75.085685247250495, 40.0211922364945 ], [ -75.085789482253503, 40.021251881005099 ], [ -75.086030045364296, 40.021389535197301 ], [ -75.086221311228101, 40.021500043591601 ], [ -75.086107692830097, 40.021616423714804 ], [ -75.086008695898201, 40.021717683384303 ], [ -75.085954303101701, 40.021773309653803 ], [ -75.085865630024102, 40.021864733989297 ], [ -75.085807984651296, 40.021924170459499 ], [ -75.0857992015642, 40.021933219216798 ], [ -75.085357445021501, 40.022388650426798 ], [ -75.0853223476268, 40.022424912587603 ], [ -75.085305300663094, 40.022442540025999 ], [ -75.085150727468104, 40.022602234654101 ], [ -75.085095149890805, 40.022657590898703 ], [ -75.084639895696199, 40.022414796887297 ], [ -75.084607387046105, 40.022397921618001 ], [ -75.084606430165294, 40.022369463761201 ], [ -75.084599312955504, 40.022184399843603 ] ] ] } },
{ "type": "Feature", "properties": { "aun": 126519644, "school_num": 8259, "location_id": "3420", "school_name": "MASTERY CHARTER @ CLEVELAND", "school_name_label": "MASTERY CHARTER SCHOOL AT CLEVELAND", "street_address": "3701 N 19TH ST", "zip_code": "19140", "phone_number": "(215) 227-5042", "active": null, "grade_level": "ELEMENTARY/MIDDLE", "grade_org": "K-8", "enrollment": 742, "type": 2, "type_specific": "CHARTER", "objectid": 243, "Shape__Area": 4584.9921875, "Shape__Length": 271.22775399323245 }, "geometry": { "type": "Polygon", "coordinates": [ [ [ -75.158900679667298, 40.011137029057203 ], [ -75.158268942600102, 40.011054116341803 ], [ -75.158364875631094, 40.010617450774703 ], [ -75.158996711633193, 40.0107020423021 ], [ -75.158900679667298, 40.011137029057203 ] ] ] } },
{ "type": "Feature", "properties": { "aun": 126515001, "school_num": 3618, "location_id": "2210", "school_name": "BACHE-MARTIN SCHOOL", "school_name_label": "BACHE-MARTIN SCHOOL", "street_address": "2201 BROWN ST", "zip_code": "19130", "phone_number": "(215) 400-7550", "active": null, "grade_level": "ELEMENTARY/MIDDLE", "grade_org": "K-8", "enrollment": 581, "type": 1, "type_specific": "DISTRICT", "objectid": 244, "Shape__Area": 13246.01953125, "Shape__Length": 470.74021299207203 }, "geometry": { "type": "Polygon", "coordinates": [ [ [ -75.1737491477123, 39.970610776858798 ], [ -75.173823699122295, 39.970265842181597 ], [ -75.173828144670594, 39.970245308790197 ], [ -75.173843797621004, 39.970172847098297 ], [ -75.173848449845295, 39.970151302454198 ], [ -75.173866287326902, 39.970068751155601 ], [ -75.173871417741395, 39.9700450570678 ], [ -75.173945253971795, 39.969703508728202 ], [ -75.173950716834398, 39.969678226182097 ], [ -75.174776827401899, 39.969779722542299 ], [ -75.174567350376194, 39.970747092268603 ], [ -75.173742136700099, 39.970643180935603 ], [ -75.1737491477123, 39.970610776858798 ] ] ] } },
{ "type": "Feature", "properties": { "aun": 126515001, "school_num": 3719, "location_id": "6310", "school_name": "MCCLOSKEY, JOHN F. SCHOOL", "school_name_label": "JOHN F. MCCLOSKEY SCHOOL", "street_address": "8500 PICKERING ST", "zip_code": "19150", "phone_number": "(215) 400-3380", "active": null, "grade_level": "ELEMENTARY/MIDDLE", "grade_org": "K-8", "enrollment": 231, "type": 1, "type_specific": "DISTRICT", "objectid": 245, "Shape__Area": 37928.22265625, "Shape__Length": 792.91673553632711 }, "geometry": { "type": "Polygon", "coordinates": [ [ [ -75.174306099240098, 40.081351189086199 ], [ -75.175161564919406, 40.080459432132301 ], [ -75.176858786916696, 40.081422036463699 ], [ -75.176861438293002, 40.081423530677398 ], [ -75.175997267795594, 40.082315990293601 ], [ -75.174306099240098, 40.081351189086199 ] ] ] } },
{ "type": "Feature", "properties": { "aun": 126515001, "school_num": 3762, "location_id": "8230", "school_name": "CROSSAN, KENNEDY C. SCHOOL", "school_name_label": "KENNEDY C. CROSSAN SCHOOL", "street_address": "7350 BINGHAM ST", "zip_code": "19111", "phone_number": "(215) 400-3160", "active": null, "grade_level": "ELEMENTARY SCHOOL", "grade_org": "K-5", "enrollment": 327, "type": 1, "type_specific": "DISTRICT", "objectid": 246, "Shape__Area": 5619.4453125, "Shape__Length": 306.46935387012803 }, "geometry": { "type": "Polygon", "coordinates": [ [ [ -75.081189050501706, 40.061853774593601 ], [ -75.081524889932993, 40.062041089697701 ], [ -75.081860410023097, 40.062228557420298 ], [ -75.081548037167707, 40.062557732597099 ], [ -75.081539720146594, 40.062566485617097 ], [ -75.080868623213306, 40.062191916552003 ], [ -75.081112048275301, 40.0619350211227 ], [ -75.081118131890307, 40.061928601753301 ], [ -75.0811362126002, 40.061909532288198 ], [ -75.081189050501706, 40.061853774593601 ] ] ] } },
{ "type": "Feature", "properties": { "aun": 126515001, "school_num": 3649, "location_id": "2380", "school_name": "MEREDITH, WILLIAM M. SCHOOL", "school_name_label": "WILLIAM M. MEREDITH SCHOOL", "street_address": "725 S 5TH ST", "zip_code": "19147", "phone_number": "(215) 400-7990", "active": null, "grade_level": "ELEMENTARY/MIDDLE", "grade_org": "K-8", "enrollment": 556, "type": 1, "type_specific": "DISTRICT", "objectid": 247, "Shape__Area": 5187.02734375, "Shape__Length": 302.44234602012841 }, "geometry": { "type": "Polygon", "coordinates": [ [ [ -75.150344347877095, 39.9395769348721 ], [ -75.150399334161307, 39.939393156586199 ], [ -75.151190320708196, 39.939529531499701 ], [ -75.151192338099406, 39.9395298835585 ], [ -75.151101925430694, 39.939935330409298 ], [ -75.151083761924994, 39.939932227032799 ], [ -75.150922823206002, 39.939904754864003 ], [ -75.150819330246804, 39.939887176674503 ], [ -75.150817416238695, 39.939850379543103 ], [ -75.1508168421486, 39.939850278683501 ], [ -75.150752435117298, 39.9398389236122 ], [ -75.150692814725204, 39.939828776229703 ], [ -75.150628707659294, 39.939817957235803 ], [ -75.150566098957498, 39.939807365884299 ], [ -75.150290058053898, 39.939758907736099 ], [ -75.150344347877095, 39.9395769348721 ] ] ] } },
{ "type": "Feature", "properties": { "aun": 126515001, "school_num": 3751, "location_id": "7310", "school_name": "FELTONVILLE INTERMEDIATE", "school_name_label": "FELTONVILLE INTERMEDIATE SCHOOL", "street_address": "238 E WYOMING AVE", "zip_code": "19120", "phone_number": "(215) 400-3730", "active": null, "grade_level": "ELEMENTARY SCHOOL", "grade_org": "3-5", "enrollment": 517, "type": 1, "type_specific": "DISTRICT", "objectid": 248, "Shape__Area": 11708.2578125, "Shape__Length": 533.17521677286072 }, "geometry": { "type": "Polygon", "coordinates": [ [ [ -75.120941203924701, 40.019561699634203 ], [ -75.121268316817904, 40.019603917629297 ], [ -75.121351642337004, 40.019614672121001 ], [ -75.121335807353105, 40.019761579155102 ], [ -75.121289226279103, 40.020247579998497 ], [ -75.121288404414997, 40.020249850919598 ], [ -75.1212795157182, 40.020345125917501 ], [ -75.121276574413102, 40.020373413912097 ], [ -75.121260095787605, 40.020549906076702 ], [ -75.1212588308493, 40.020553858533297 ], [ -75.121256613948404, 40.020573200142202 ], [ -75.121242708206907, 40.020733033770099 ], [ -75.121228414784099, 40.020869324815401 ], [ -75.121223952604197, 40.020926593322997 ], [ -75.121211326848098, 40.021063132033198 ], [ -75.120720302302203, 40.021002013645798 ], [ -75.120687291231604, 40.020997904832598 ], [ -75.120634124770902, 40.0209912880362 ], [ -75.120828128823007, 40.020083577314402 ], [ -75.120941203924701, 40.019561699634203 ] ] ] } },
{ "type": "Feature", "properties": { "aun": 133513315, "school_num": 8149, "location_id": "3406", "school_name": "JOHN B STETSON MIDDLE SCHOOL", "school_name_label": "JOHN B STETSON MIDDLE SCHOOL", "street_address": "3200 B ST", "zip_code": "19134", "phone_number": "(215) 400-9150", "active": null, "grade_level": "MIDDLE SCHOOL", "grade_org": "5-8", "enrollment": 538, "type": 1, "type_specific": "DISTRICT", "objectid": 249, "Shape__Area": 11147.5859375, "Shape__Length": 511.4448404652901 }, "geometry": { "type": "Polygon", "coordinates": [ [ [ -75.125228813767905, 39.999532430437597 ], [ -75.125277147485306, 39.9993128358227 ], [ -75.125365321095202, 39.998909046282002 ], [ -75.125475347926397, 39.998405601571903 ], [ -75.125513112263903, 39.998232771799799 ], [ -75.125513520132699, 39.998230895726401 ], [ -75.126007097833906, 39.998293891547299 ], [ -75.125859317206107, 39.998972745984098 ], [ -75.125770608559193, 39.999378555421899 ], [ -75.125727042914704, 39.999581107041401 ], [ -75.125712019240893, 39.999650933292898 ], [ -75.125216634944294, 39.999587749827199 ], [ -75.125228813767905, 39.999532430437597 ] ] ] } },
{ "type": "Feature", "properties": { "aun": 126515001, "school_num": 7904, "location_id": "2620", "school_name": "ACADEMY AT PALUMBO", "school_name_label": "ACADEMY AT PALUMBO", "street_address": "1100 CATHARINE ST", "zip_code": "19147", "phone_number": "(215) 400-8130", "active": null, "grade_level": "HIGH SCHOOL", "grade_org": "9-12", "enrollment": 1226, "type": 1, "type_specific": "DISTRICT", "objectid": 250, "Shape__Area": 6547.2890625, "Shape__Length": 383.08095965279819 }, "geometry": { "type": "Polygon", "coordinates": [ [ [ -75.161079003240403, 39.939867364922399 ], [ -75.161091336853602, 39.939810772223098 ], [ -75.161091540333999, 39.939809809348702 ], [ -75.162395251868901, 39.939969349103201 ], [ -75.162329195036605, 39.940275329748602 ], [ -75.161026278707595, 39.940109053070699 ], [ -75.161079003240403, 39.939867364922399 ] ] ] } },
{ "type": "Feature", "properties": { "aun": 226514088, "school_num": null, "location_id": null, "school_name": "ROXBOROUGH CHRISTIAN SCHOOL", "school_name_label": "ROXBOROUGH CHRISTIAN SCHOOL", "street_address": "6301 RIDGE AVE", "zip_code": "19128", "phone_number": "(267) 804-5715", "active": null, "grade_level": "ELEMENTARY SCHOOL", "grade_org": "PREK-4", "enrollment": null, "type": 3, "type_specific": "PRIVATE", "objectid": 251, "Shape__Area": 9076.0546875, "Shape__Length": 407.44204123706493 }, "geometry": { "type": "Polygon", "coordinates": [ [ [ -75.217974998482902, 40.037117893302501 ], [ -75.2187449322943, 40.036739517066898 ], [ -75.219379099172997, 40.036994751095598 ], [ -75.219454590449502, 40.037025236096603 ], [ -75.218930530669397, 40.037254434401298 ], [ -75.218653754342299, 40.037375292299799 ], [ -75.218498809844206, 40.0374429965687 ], [ -75.218346349981999, 40.037509289025898 ], [ -75.218311605339295, 40.037523771468003 ], [ -75.217974998482902, 40.037117893302501 ] ] ] } },
{ "type": "Feature", "properties": { "aun": 226518692, "school_num": null, "location_id": null, "school_name": "SS JOHN NEUMANN AND MARIA GORETTI CATHOLIC HIGH SCHOOL", "school_name_label": "SS JOHN NEUMANN AND MARIA GORETTI CATHOLIC HIGH SCHOOL", "street_address": "1736 S 10TH ST", "zip_code": "19148", "phone_number": "(215) 465-8437", "active": "O", "grade_level": "HIGH SCHOOL", "grade_org": "9-12", "enrollment": null, "type": 3, "type_specific": "ARCHDIOCESE", "objectid": 252, "Shape__Area": 26743.046875, "Shape__Length": 657.22025037785284 }, "geometry": { "type": "Polygon", "coordinates": [ [ [ -75.162248372176194, 39.9276509561263 ], [ -75.162222294803996, 39.927605842752897 ], [ -75.162218815551597, 39.927605394820802 ], [ -75.162070824718299, 39.927586313170103 ], [ -75.162308402588806, 39.926494128448802 ], [ -75.162565402810102, 39.926527264548 ], [ -75.1628203535994, 39.926560136456601 ], [ -75.162927745184504, 39.926573983117699 ], [ -75.163070398665894, 39.926592725928899 ], [ -75.163197725245595, 39.926786072171197 ], [ -75.163293865403404, 39.926932062362901 ], [ -75.163329464044907, 39.926986121111099 ], [ -75.163361514174596, 39.927034788308298 ], [ -75.163391727716402, 39.927080668218998 ], [ -75.163422518079997, 39.927127421602997 ], [ -75.1634537080716, 39.927174784294401 ], [ -75.163559786036203, 39.927331594353298 ], [ -75.163427929969103, 39.927929312525002 ], [ -75.163216789220499, 39.927902776767702 ], [ -75.163207596783707, 39.927946125696799 ], [ -75.163003585884795, 39.927920482456898 ], [ -75.1629687570979, 39.927916105045803 ], [ -75.162952782331303, 39.927921984197802 ], [ -75.162897346107201, 39.927942387230999 ], [ -75.162843053779795, 39.9279623689159 ], [ -75.162786714328803, 39.927982786433802 ], [ -75.162605531027594, 39.928048477794 ], [ -75.162469156909907, 39.928032908083701 ], [ -75.162248372176194, 39.9276509561263 ] ] ] } },
{ "type": "Feature", "properties": { "aun": 326510160, "school_num": null, "location_id": null, "school_name": "RED LION ELEMENTARY SCHOOL", "school_name_label": "RED LION ELEMENTARY SCHOOL", "street_address": "256 GEIGER RD", "zip_code": "19115", "phone_number": "(215) 673-2100", "active": "O", "grade_level": "ELEMENTARY SCHOOL", "grade_org": "K-5", "enrollment": null, "type": 3, "type_specific": "PRIVATE", "objectid": 253, "Shape__Area": 8840.46484375, "Shape__Length": 405.89344692703617 }, "geometry": { "type": "Polygon", "coordinates": [ [ [ -75.046373086139198, 40.107348965491198 ], [ -75.047135591284501, 40.106587186820697 ], [ -75.047311435564794, 40.106690963805598 ], [ -75.047585867427401, 40.106852921514999 ], [ -75.0468233643075, 40.107614704282 ], [ -75.046373086139198, 40.107348965491198 ] ] ] } },
{ "type": "Feature", "properties": { "aun": 126510016, "school_num": 7828, "location_id": "3378", "school_name": "PHILADELPHIA MONTESSORI", "school_name_label": "PHILADELPHIA MONTESSORI CHARTER SCHOOL", "street_address": "2227 ISLAND AVE", "zip_code": "19142", "phone_number": "(215) 365-4011", "active": null, "grade_level": "ELEMENTARY SCHOOL", "grade_org": "K-6", "enrollment": 228, "type": 2, "type_specific": "CHARTER", "objectid": 254, "Shape__Area": 4629.8046875, "Shape__Length": 352.30040854691288 }, "geometry": { "type": "Polygon", "coordinates": [ [ [ -75.245668831537301, 39.916554870865603 ], [ -75.245225254544806, 39.916859401573497 ], [ -75.244974797261804, 39.916643347481802 ], [ -75.244908306322202, 39.916689047112797 ], [ -75.244841816754601, 39.916734746737198 ], [ -75.244831759567703, 39.916741659482199 ], [ -75.244580117616593, 39.916524577378503 ], [ -75.244845410567606, 39.916342233250099 ], [ -75.245097054193707, 39.916559313678697 ], [ -75.245104285637694, 39.916554343887299 ], [ -75.245232451155601, 39.916462569983402 ], [ -75.245466658686695, 39.916301587033701 ], [ -75.245668606091797, 39.916554677859203 ], [ -75.245668831537301, 39.916554870865603 ] ] ] } },
{ "type": "Feature", "properties": { "aun": 126515001, "school_num": 6529, "location_id": "8210", "school_name": "BROWN, JOSEPH H. SCHOOL", "school_name_label": "JOSEPH H. BROWN SCHOOL", "street_address": "3600 STANWOOD ST", "zip_code": "19136", "phone_number": "(215) 400-3320", "active": null, "grade_level": "ELEMENTARY/MIDDLE", "grade_org": "K-8", "enrollment": 442, "type": 1, "type_specific": "DISTRICT", "objectid": 255, "Shape__Area": 15416.89453125, "Shape__Length": 530.08364176840917 }, "geometry": { "type": "Polygon", "coordinates": [ [ [ -75.024035738478503, 40.042999413708003 ], [ -75.024843613047096, 40.042707121981898 ], [ -75.025193492768594, 40.043278368392002 ], [ -75.025372678309694, 40.043215439496301 ], [ -75.025573561359195, 40.043544302867502 ], [ -75.024602766533704, 40.043894594187101 ], [ -75.024035738478503, 40.042999413708003 ] ] ] } },
{ "type": "Feature", "properties": { "aun": 326510173, "school_num": null, "location_id": null, "school_name": "EXCELSIOR SCHOOL OF PHILADELPHIA", "school_name_label": "EXCELSIOR SCHOOL OF PHILADELPHIA", "street_address": "2106 HAINES ST", "zip_code": "19138", "phone_number": "(267) 900-5494", "active": null, "grade_level": "ELEMENTARY SCHOOL", "grade_org": "PREK-5", "enrollment": null, "type": 3, "type_specific": "PRIVATE", "objectid": 256, "Shape__Area": 9823.140625, "Shape__Length": 411.46087753054337 }, "geometry": { "type": "Polygon", "coordinates": [ [ [ -75.155955097577305, 40.056125797948901 ], [ -75.156586540668997, 40.055839305632901 ], [ -75.156648034843698, 40.0559180695207 ], [ -75.156624482676506, 40.055917392599198 ], [ -75.156725758516004, 40.056050280749602 ], [ -75.156786523136105, 40.056021912043697 ], [ -75.156901132029901, 40.056171494937402 ], [ -75.157157864389504, 40.056506568413504 ], [ -75.156476741364798, 40.056804065654603 ], [ -75.155955097577305, 40.056125797948901 ] ] ] } },
{ "type": "Feature", "properties": { "aun": 126515001, "school_num": 7230, "location_id": "7220", "school_name": "CARNELL, LAURA H. SCHOOL", "school_name_label": "LAURA H. CARNELL SCHOOL", "street_address": "1100 DEVEREAUX AVE", "zip_code": "19111", "phone_number": "(215) 400-3150", "active": null, "grade_level": "ELEMENTARY SCHOOL", "grade_org": "K-5", "enrollment": 645, "type": 1, "type_specific": "DISTRICT", "objectid": 257, "Shape__Area": 25529.19140625, "Shape__Length": 650.63606121003204 }, "geometry": { "type": "Polygon", "coordinates": [ [ [ -75.084191255637606, 40.039242554333697 ], [ -75.084132066070595, 40.039209553019099 ], [ -75.083771166390306, 40.039008346046998 ], [ -75.083708961769005, 40.038973661658098 ], [ -75.083508205689697, 40.038861721381998 ], [ -75.083481094353303, 40.038846615677699 ], [ -75.0834829049939, 40.038846964065698 ], [ -75.084486972382805, 40.037769434579801 ], [ -75.085460546524402, 40.038311032073501 ], [ -75.085459748522794, 40.038311576709503 ], [ -75.085450030262606, 40.038321958724097 ], [ -75.084916432087596, 40.038877204331698 ], [ -75.084804193092594, 40.038994003251901 ], [ -75.084771765320497, 40.039027731253803 ], [ -75.084743951885201, 40.039056682696199 ], [ -75.084434826070506, 40.039378346293503 ], [ -75.084191255637606, 40.039242554333697 ] ] ] } },
{ "type": "Feature", "properties": { "aun": 126515001, "school_num": 6539, "location_id": "6350", "school_name": "PENNYPACKER, SAMUEL SCHOOL", "school_name_label": "SAMUEL PENNYPACKER SCHOOL", "street_address": "1858 E WASHINGTON LN", "zip_code": "19138", "phone_number": "(215) 400-3510", "active": null, "grade_level": "ELEMENTARY/MIDDLE", "grade_org": "K-8", "enrollment": 299, "type": 1, "type_specific": "DISTRICT", "objectid": 258, "Shape__Area": 18032.703125, "Shape__Length": 542.10487776338789 }, "geometry": { "type": "Polygon", "coordinates": [ [ [ -75.159260066179996, 40.065780244196397 ], [ -75.158705423209696, 40.065464024980002 ], [ -75.158427932719306, 40.065307127442701 ], [ -75.158170526851293, 40.065161594645701 ], [ -75.158172427192397, 40.065159622617102 ], [ -75.158314585126604, 40.065012011685297 ], [ -75.158519653344797, 40.0648003742782 ], [ -75.158542214828998, 40.064777106474999 ], [ -75.158757873071906, 40.064554551829701 ], [ -75.158784891253205, 40.064526660920102 ], [ -75.158801643742294, 40.064509370945899 ], [ -75.158877150426903, 40.064552743303601 ], [ -75.158923590330801, 40.064578825194403 ], [ -75.158968359728405, 40.064605238812597 ], [ -75.159016461909005, 40.064631744457202 ], [ -75.159060585140296, 40.064657500368703 ], [ -75.159107661581999, 40.064684497548697 ], [ -75.159152757218493, 40.064710048969303 ], [ -75.159199541976506, 40.064737009123903 ], [ -75.159243384544993, 40.064762402733301 ], [ -75.159266356442998, 40.064775091120701 ], [ -75.159290751775103, 40.064789504376499 ], [ -75.159333261049198, 40.064813578312901 ], [ -75.159337760042902, 40.064816065181702 ], [ -75.159382339304798, 40.064840863782102 ], [ -75.159428128543993, 40.064866413833499 ], [ -75.159476944579097, 40.0648945797209 ], [ -75.159521661807702, 40.064919606628699 ], [ -75.159567106521905, 40.064945391002603 ], [ -75.159611613398894, 40.064970976265201 ], [ -75.159654065040201, 40.064994953045598 ], [ -75.159700544928299, 40.065021615537297 ], [ -75.159747461218998, 40.0650478677492 ], [ -75.159789876471706, 40.065072761564601 ], [ -75.159837511812896, 40.065099417382903 ], [ -75.159904460739199, 40.065137873690901 ], [ -75.159857709970296, 40.065186403778 ], [ -75.159655297041795, 40.065395073700003 ], [ -75.159632880064905, 40.065416750180297 ], [ -75.159625843515599, 40.065423555262697 ], [ -75.159613694334894, 40.065436225566799 ], [ -75.1592924307201, 40.065771657413997 ], [ -75.159281002497394, 40.065783601730203 ], [ -75.159275692062494, 40.065789156134002 ], [ -75.159260066179996, 40.065780244196397 ] ] ] } },
{ "type": "Feature", "properties": { "aun": 126515001, "school_num": 3629, "location_id": "2370", "school_name": "MCDANIEL, DELAPLAINE SCHOOL", "school_name_label": "DELAPLAINE MCDANIEL SCHOOL", "street_address": "1801 S 22ND ST", "zip_code": "19145", "phone_number": "(215) 400-8220", "active": null, "grade_level": "ELEMENTARY/MIDDLE", "grade_org": "K-8", "enrollment": 230, "type": 1, "type_specific": "DISTRICT", "objectid": 259, "Shape__Area": 7328.80859375, "Shape__Length": 408.47424763529841 }, "geometry": { "type": "Polygon", "coordinates": [ [ [ -75.181868665351004, 39.929652734405003 ], [ -75.180469721699694, 39.9294726446509 ], [ -75.180538141157101, 39.929155972956302 ], [ -75.181934520439199, 39.929337826888002 ], [ -75.181868665351004, 39.929652734405003 ] ] ] } },
{ "type": "Feature", "properties": { "aun": 226519282, "school_num": null, "location_id": null, "school_name": "ST ROSE OF LIMA SCHOOL", "school_name_label": "ST ROSE OF LIMA SCHOOL", "street_address": "1508-46 N WANAMAKER ST", "zip_code": "19131", "phone_number": "(215) 473-6030", "active": "O", "grade_level": "ELEMENTARY/MIDDLE", "grade_org": "PREK-8", "enrollment": null, "type": 3, "type_specific": "PRIVATE", "objectid": 260, "Shape__Area": 7677.46875, "Shape__Length": 368.56103163833649 }, "geometry": { "type": "Polygon", "coordinates": [ [ [ -75.237539173898298, 39.974941665739003 ], [ -75.237871264949803, 39.974903592459498 ], [ -75.238019162515101, 39.974887727830897 ], [ -75.238030920612005, 39.974953350083098 ], [ -75.238017362261999, 39.974954536553199 ], [ -75.238029668903096, 39.975020605542298 ], [ -75.238247490580704, 39.974995503218601 ], [ -75.238359375046102, 39.975585876560203 ], [ -75.237946995650105, 39.975631270192103 ], [ -75.2376757469209, 39.975661406810801 ], [ -75.237539173898298, 39.974941665739003 ] ] ] } },
{ "type": "Feature", "properties": { "aun": 226518471, "school_num": null, "location_id": null, "school_name": "PHILLY AGILE LEARNING COMMUNITY SCHOOL", "school_name_label": "PHILLY AGILE LEARNING COMMUNITY SCHOOL", "street_address": "756 S 11TH ST", "zip_code": "19147", "phone_number": "(484) 816-7788", "active": null, "grade_level": "ELEMENTARY/MIDDLE/HIGH", "grade_org": "K-12", "enrollment": null, "type": 3, "type_specific": "PRIVATE", "objectid": 261, "Shape__Area": 724.12109375, "Shape__Length": 124.87247897439559 }, "geometry": { "type": "Polygon", "coordinates": [ [ [ -75.160876249245206, 39.940799529865998 ], [ -75.160907587230199, 39.940659704450397 ], [ -75.161114225310797, 39.940683164081896 ], [ -75.1611051204452, 39.940731431055802 ], [ -75.161090807262994, 39.940792702660303 ], [ -75.161083072572595, 39.9408258961287 ], [ -75.161185584479099, 39.940839558311701 ], [ -75.161174789290996, 39.9408860301535 ], [ -75.161168517751804, 39.9408851948129 ], [ -75.161083273886405, 39.940873921526503 ], [ -75.160866361918394, 39.940845248428701 ], [ -75.160876249245206, 39.940799529865998 ] ] ] } },
{ "type": "Feature", "properties": { "aun": 126515001, "school_num": 3687, "location_id": "5250", "school_name": "DUNBAR, PAUL L. SCHOOL", "school_name_label": "PAUL L. DUNBAR SCHOOL", "street_address": "1750 N 12TH ST", "zip_code": "19122", "phone_number": "(215) 400-7410", "active": null, "grade_level": "ELEMENTARY/MIDDLE", "grade_org": "K-8", "enrollment": 224, "type": 1, "type_specific": "DISTRICT", "objectid": 262, "Shape__Area": 7053.703125, "Shape__Length": 373.4868961533823 }, "geometry": { "type": "Polygon", "coordinates": [ [ [ -75.154360958534198, 39.979732256225198 ], [ -75.154332796050895, 39.9797284431571 ], [ -75.154328624794303, 39.979727914069898 ], [ -75.154163146730397, 39.979706664357799 ], [ -75.154152686327294, 39.979705170826598 ], [ -75.153923719020895, 39.979675134584198 ], [ -75.153946065298001, 39.979569087864398 ], [ -75.153990552523695, 39.979357956113297 ], [ -75.154027524506205, 39.979183908095202 ], [ -75.154117274871297, 39.978763258016201 ], [ -75.154526956161703, 39.978818159849403 ], [ -75.154583572238394, 39.978824776585398 ], [ -75.154388225169996, 39.979735951038698 ], [ -75.154360958534198, 39.979732256225198 ] ] ] } },
{ "type": "Feature", "properties": { "aun": null, "school_num": null, "location_id": "3327", "school_name": "LAB SCH OF COMMUNICAT'N & LANG (East Falls Campus)", "school_name_label": "LABORATORY CHARTER SCHOOL OF COMMUNICATION AND LANGUAGES (EAST FALLS)", "street_address": "3300 HENRY AVE", "zip_code": "19129", "phone_number": "(267) 817-4720", "active": "O", "grade_level": "MIDDLE SCHOOL", "grade_org": "6-8", "enrollment": null, "type": 2, "type_specific": "CHARTER", "objectid": 263, "Shape__Area": 89499.1796875, "Shape__Length": 1200.6718660801314 }, "geometry": { "type": "Polygon", "coordinates": [ [ [ -75.185688770103695, 40.010423862459099 ], [ -75.185745908877095, 40.010539317765598 ], [ -75.185795957458893, 40.010524672400798 ], [ -75.185996729057905, 40.010930361622798 ], [ -75.186040789656005, 40.011096570194098 ], [ -75.186299339232804, 40.011618994082802 ], [ -75.186033151032603, 40.012003399501602 ], [ -75.184240875453398, 40.013231391050702 ], [ -75.182594399034002, 40.0118105138096 ], [ -75.182824868851796, 40.0116669240373 ], [ -75.183060561036996, 40.011528439918301 ], [ -75.183301286876798, 40.011395172079901 ], [ -75.183546848968007, 40.011267228703701 ], [ -75.183797050040596, 40.011144714596099 ], [ -75.184051684261703, 40.0110277287421 ], [ -75.184310548900598, 40.010916365692097 ], [ -75.184573431157403, 40.010810715267702 ], [ -75.184840118322199, 40.010710865041197 ], [ -75.185110395102697, 40.010616893518801 ], [ -75.185688770103695, 40.010423862459099 ] ] ] } },
{ "type": "Feature", "properties": { "aun": 126515001, "school_num": 3648, "location_id": "2340", "school_name": "MC CALL, GEN. GEORGE A. SCHOOL", "school_name_label": "GENERAL GEORGE A. MCCALL SCHOOL", "street_address": "325 S 7TH ST", "zip_code": "19106", "phone_number": "(215) 400-7840", "active": null, "grade_level": "ELEMENTARY/MIDDLE", "grade_org": "K-8", "enrollment": 628, "type": 1, "type_specific": "DISTRICT", "objectid": 264, "Shape__Area": 14424.65625, "Shape__Length": 498.65180732489313 }, "geometry": { "type": "Polygon", "coordinates": [ [ [ -75.151893341326996, 39.944966620645502 ], [ -75.1518676036588, 39.9449632974327 ], [ -75.151798602885407, 39.944954351729997 ], [ -75.151788682927503, 39.9449530626949 ], [ -75.151923613912004, 39.944334809327202 ], [ -75.152485545506195, 39.944406292836398 ], [ -75.153325694782296, 39.944513152776302 ], [ -75.153187545929498, 39.9451343012663 ], [ -75.151893341326996, 39.944966620645502 ] ] ] } },
{ "type": "Feature", "properties": { "aun": 126515001, "school_num": 3845, "location_id": "8010", "school_name": "LINCOLN, ABRAHAM HIGH SCHOOL", "school_name_label": "ABRAHAM LINCOLN HIGH SCHOOL", "street_address": "3201 RYAN AVE", "zip_code": "19136", "phone_number": "(215) 400-3300", "active": null, "grade_level": "HIGH SCHOOL", "grade_org": "9-12", "enrollment": 2439, "type": 1, "type_specific": "DISTRICT", "objectid": 265, "Shape__Area": 235885.47265625, "Shape__Length": 2416.3803905285959 }, "geometry": { "type": "Polygon", "coordinates": [ [ [ -75.043252380984399, 40.040453750883202 ], [ -75.043320626534495, 40.040542070566701 ], [ -75.043488135842097, 40.040765446075802 ], [ -75.043647997709002, 40.040992107916203 ], [ -75.043800102437601, 40.041221902610403 ], [ -75.0439443448969, 40.041454672282697 ], [ -75.044080628780094, 40.041690258137699 ], [ -75.044208859284694, 40.0419285002883 ], [ -75.044328950522598, 40.042169235676901 ], [ -75.044440818110303, 40.042412300154297 ], [ -75.044544388043604, 40.0426575264352 ], [ -75.044639589152496, 40.042904749552299 ], [ -75.044726353371303, 40.043153800104598 ], [ -75.044804625897697, 40.043404506749297 ], [ -75.044874350417004, 40.043656699232898 ], [ -75.044935479441506, 40.043910206381497 ], [ -75.044987971472096, 40.044164853781503 ], [ -75.045031790818896, 40.044420468280698 ], [ -75.043750443845695, 40.044462044623401 ], [ -75.043765511019501, 40.044736313217797 ], [ -75.042926896043795, 40.0447635166881 ], [ -75.0429179880623, 40.044783886746899 ], [ -75.042617113079103, 40.044925651472496 ], [ -75.042197140146101, 40.0449907770384 ], [ -75.041989291804896, 40.044967409068398 ], [ -75.041442415411794, 40.045044409686497 ], [ -75.041307401741506, 40.044961602420301 ], [ -75.039239572076099, 40.042285451866597 ], [ -75.040823038377098, 40.0415626892093 ], [ -75.041643723798003, 40.042624804612899 ], [ -75.042718527005107, 40.042134192593799 ], [ -75.041897829323702, 40.041072082556397 ], [ -75.043252380984399, 40.040453750883202 ] ] ] } },
{ "type": "Feature", "properties": { "aun": 126515001, "school_num": 3664, "location_id": "4240", "school_name": "CASSIDY,LEWIS C ACADEMICS PLUS", "school_name_label": "LEWIS C. CASSIDY ACADEMICS PLUS SCHOOL", "street_address": "6523 LANSDOWNE AVE", "zip_code": "19151", "phone_number": "(215) 400-7510", "active": null, "grade_level": "ELEMENTARY/MIDDLE", "grade_org": "K-8", "enrollment": 306, "type": 1, "type_specific": "DISTRICT", "objectid": 266, "Shape__Area": 13299.86328125, "Shape__Length": 529.63498130106711 }, "geometry": { "type": "Polygon", "coordinates": [ [ [ -75.250355670918296, 39.974907308134703 ], [ -75.250351482450199, 39.9748885022004 ], [ -75.250351105582098, 39.974886769720698 ], [ -75.250504400054794, 39.974869943458998 ], [ -75.2509502986656, 39.974821414759703 ], [ -75.250950831928293, 39.974823989690201 ], [ -75.250957175931305, 39.974854318905102 ], [ -75.250960118928703, 39.974870535499598 ], [ -75.250963156904504, 39.974887075140202 ], [ -75.250975676474496, 39.974955097748001 ], [ -75.251055730653604, 39.975385116664697 ], [ -75.251179399617698, 39.976053443213203 ], [ -75.251195042821095, 39.9761379599802 ], [ -75.251200011453506, 39.976165212753898 ], [ -75.251200499640106, 39.976167899324999 ], [ -75.251120179929899, 39.9761761445967 ], [ -75.250909255104901, 39.976198341259398 ], [ -75.250599915240301, 39.976230887470102 ], [ -75.250521566861494, 39.975801824368801 ], [ -75.2503743939548, 39.975006591790603 ], [ -75.250355670918296, 39.974907308134703 ] ] ] } },
{ "type": "Feature", "properties": { "aun": 126515001, "school_num": 7963, "location_id": "7150", "school_name": "JUNIATA PARK ACADEMY", "school_name_label": "JUNIATA PARK ACADEMY", "street_address": "801 E HUNTING PARK AVE", "zip_code": "19124", "phone_number": "(215) 400-7010", "active": null, "grade_level": "ELEMENTARY/MIDDLE", "grade_org": "K-8", "enrollment": 854, "type": 1, "type_specific": "DISTRICT", "objectid": 267, "Shape__Area": 34762.87109375, "Shape__Length": 843.8875036907308 }, "geometry": { "type": "Polygon", "coordinates": [ [ [ -75.109756113598806, 40.013305851628502 ], [ -75.109867526985596, 40.012766616843699 ], [ -75.1105681609138, 40.012855443148801 ], [ -75.110742293306501, 40.012034128871498 ], [ -75.110772053344306, 40.012038133265001 ], [ -75.111123851376902, 40.012082940977599 ], [ -75.111261512779905, 40.012100468434703 ], [ -75.111309492664205, 40.012106584237003 ], [ -75.111993272270993, 40.0121936439213 ], [ -75.112001866434497, 40.012194760433303 ], [ -75.111946477380599, 40.012415978110397 ], [ -75.111703547222106, 40.013563225231003 ], [ -75.110876569142306, 40.013456155236803 ], [ -75.1103353046649, 40.0133822950758 ], [ -75.110000570947193, 40.013341133557702 ], [ -75.109768888814202, 40.013312641831902 ], [ -75.109755055986398, 40.0133109372807 ], [ -75.109756113598806, 40.013305851628502 ] ] ] } },
{ "type": "Feature", "properties": { "aun": 300514200, "school_num": null, "location_id": null, "school_name": "HMS SCHOOL FOR CHILDREN W/CEREBRAL PALSY", "school_name_label": "HMS SCHOOL FOR CHILDREN W/CEREBRAL PALSY", "street_address": "4400 BALTIMORE AVE", "zip_code": "19104", "phone_number": "(215) 222-2566", "active": "O", "grade_level": "ELEMENTARY/MIDDLE/HIGH", "grade_org": "PREK-12", "enrollment": null, "type": 3, "type_specific": "PRIVATE", "objectid": 268, "Shape__Area": 20255.91796875, "Shape__Length": 586.04057241323483 }, "geometry": { "type": "Polygon", "coordinates": [ [ [ -75.210400196852902, 39.948478709294399 ], [ -75.210400254001101, 39.948478707180897 ], [ -75.210646577235906, 39.948466283352097 ], [ -75.211372998363998, 39.947951511659198 ], [ -75.211389008672697, 39.947940614715797 ], [ -75.212276169615293, 39.948701972553799 ], [ -75.212301515969003, 39.948723713596998 ], [ -75.212389082575598, 39.948798866214098 ], [ -75.212058683801601, 39.949033463379401 ], [ -75.211721930138197, 39.949077095737799 ], [ -75.2116989692109, 39.949080068910703 ], [ -75.211191981359505, 39.949145757657902 ], [ -75.210400196852902, 39.948478709294399 ] ] ] } },
{ "type": "Feature", "properties": { "aun": 126515001, "school_num": 3824, "location_id": "6360", "school_name": "ROOSEVELT ELEMENTARY SCHOOL", "school_name_label": "THEODORE ROOSEVELT SCHOOL", "street_address": "430 E WASHINGTON LN", "zip_code": "19144", "phone_number": "(215) 400-3640", "active": null, "grade_level": "ELEMENTARY/MIDDLE", "grade_org": "K-8", "enrollment": 402, "type": 1, "type_specific": "DISTRICT", "objectid": 269, "Shape__Area": 35684.0390625, "Shape__Length": 756.77111863469111 }, "geometry": { "type": "Polygon", "coordinates": [ [ [ -75.174921672651706, 40.0489447581853 ], [ -75.174679950757096, 40.048795132930202 ], [ -75.174643778875904, 40.0487727529773 ], [ -75.174565328859401, 40.0487241991665 ], [ -75.174214164927406, 40.048508735464502 ], [ -75.1741886216833, 40.048493172175903 ], [ -75.174124679888806, 40.048454211370199 ], [ -75.174100960336304, 40.048439752145299 ], [ -75.173955449607007, 40.048351538649101 ], [ -75.1735443261705, 40.048103391101698 ], [ -75.1735370267359, 40.048098988136502 ], [ -75.1735432228825, 40.048092695015498 ], [ -75.173634674270303, 40.0479998493796 ], [ -75.173666465769003, 40.047969645323903 ], [ -75.173812243286307, 40.047825933880603 ], [ -75.173815402645701, 40.047822812902297 ], [ -75.173837389230599, 40.047801158003601 ], [ -75.173965164949905, 40.047675258856003 ], [ -75.174083585493705, 40.047558176797999 ], [ -75.174109059506094, 40.047539113869497 ], [ -75.174206786936594, 40.047442266144003 ], [ -75.174232570832501, 40.0474166980867 ], [ -75.17427127741, 40.047378346116602 ], [ -75.174402110842806, 40.047249759110997 ], [ -75.174499320597505, 40.047156026052498 ], [ -75.174526311963007, 40.047127905863697 ], [ -75.174587987229998, 40.047164122763903 ], [ -75.174638103902595, 40.047193713739098 ], [ -75.174689417184993, 40.047225524350502 ], [ -75.174742046144104, 40.047257460164701 ], [ -75.174789590427196, 40.047286913438803 ], [ -75.174843514560607, 40.047317314986202 ], [ -75.174895814433398, 40.047349662319299 ], [ -75.174946610768103, 40.047380735909101 ], [ -75.174997518753301, 40.047411069771201 ], [ -75.175048867588004, 40.047441913551701 ], [ -75.1750679993349, 40.047452916866803 ], [ -75.1750973612709, 40.047470645766097 ], [ -75.175147493324104, 40.047501542191497 ], [ -75.175199277489199, 40.047533120972197 ], [ -75.175252459216694, 40.047564327850402 ], [ -75.175303988605407, 40.047597062047799 ], [ -75.175357513998193, 40.047629178713599 ], [ -75.175409995303497, 40.0476594992166 ], [ -75.175458659497906, 40.047689847900301 ], [ -75.175509972984898, 40.047721672773498 ], [ -75.175560694133907, 40.047752502247398 ], [ -75.175610172789305, 40.0477818205662 ], [ -75.175661858955706, 40.047812671619297 ], [ -75.175713171123903, 40.047844497493998 ], [ -75.175766059571501, 40.047876841833499 ], [ -75.175816178748306, 40.047906432326499 ], [ -75.175865009051407, 40.047936236062299 ], [ -75.175927315467405, 40.0479729664128 ], [ -75.175924004267799, 40.047976229332598 ], [ -75.1758707063684, 40.048028762270697 ], [ -75.175810719972503, 40.048087899503003 ], [ -75.175281856864899, 40.048609239158502 ], [ -75.175230098765098, 40.048659324048799 ], [ -75.175089513272795, 40.048797784740003 ], [ -75.175025522280293, 40.0488601520522 ], [ -75.174932656759594, 40.048951549111401 ], [ -75.174921672651706, 40.0489447581853 ] ] ] } },
{ "type": "Feature", "properties": { "aun": 126515001, "school_num": 3855, "location_id": "8020", "school_name": "NORTHEAST HIGH SCHOOL", "school_name_label": "NORTHEAST HIGH SCHOOL", "street_address": "1601 COTTMAN AVE", "zip_code": "19111", "phone_number": "(215) 400-3200", "active": null, "grade_level": "HIGH SCHOOL", "grade_org": "9-12", "enrollment": 3467, "type": 1, "type_specific": "DISTRICT", "objectid": 270, "Shape__Area": 239988.36328125, "Shape__Length": 2019.866893296607 }, "geometry": { "type": "Polygon", "coordinates": [ [ [ -75.073021484008905, 40.055387789013103 ], [ -75.069172828825998, 40.059464141527698 ], [ -75.067722200111703, 40.0586580072383 ], [ -75.067678661607005, 40.058629673438098 ], [ -75.067641547454798, 40.058596375068198 ], [ -75.067611806103798, 40.058558962110602 ], [ -75.067590195789705, 40.058518387105103 ], [ -75.067577266211202, 40.058475686699502 ], [ -75.067253651258696, 40.056815283611101 ], [ -75.067245530545406, 40.056752067205501 ], [ -75.067245714993106, 40.0566885446529 ], [ -75.067254202688503, 40.056625356775498 ], [ -75.067270905232505, 40.0565631446268 ], [ -75.067295657105504, 40.056502535068198 ], [ -75.067328206749195, 40.056444143940297 ], [ -75.067368223092302, 40.056388559320702 ], [ -75.067415302739604, 40.056336345070797 ], [ -75.067468970462301, 40.056288028459001 ], [ -75.0675286821714, 40.056244099103502 ], [ -75.067593834059906, 40.056205000176099 ], [ -75.067663766996304, 40.056171128505397 ], [ -75.071499734552702, 40.0545140867046 ], [ -75.073021484008905, 40.055387789013103 ] ] ] } },
{ "type": "Feature", "properties": { "aun": 126511530, "school_num": null, "location_id": "3441", "school_name": "TECH FREIRE CHARTER SCHOOL", "school_name_label": "TECH FREIRE CHARTER SCHOOL", "street_address": "2221 N BROAD ST", "zip_code": "19132", "phone_number": "(267) 507-1111", "active": null, "grade_level": "HIGH SCHOOL", "grade_org": "9-12", "enrollment": 534, "type": 2, "type_specific": "CHARTER", "objectid": 271, "Shape__Area": 1688.234375, "Shape__Length": 176.26786710625561 }, "geometry": { "type": "Polygon", "coordinates": [ [ [ -75.155891222161998, 39.986852034321799 ], [ -75.155849511238898, 39.987043063579002 ], [ -75.1553180805832, 39.986974400349098 ], [ -75.1553597944215, 39.9867833713176 ], [ -75.155891222161998, 39.986852034321799 ] ] ] } },
{ "type": "Feature", "properties": { "aun": null, "school_num": null, "location_id": "3850", "school_name": "NORTHEAST HIGH SCHOOL EOP", "school_name_label": "NORTHEAST HIGH SCHOOL EOP", "street_address": "1601 COTTMAN AVE", "zip_code": "19111", "phone_number": "(215) 400-3200", "active": null, "grade_level": "HIGH SCHOOL", "grade_org": "9-12", "enrollment": 177, "type": 1, "type_specific": "DISTRICT", "objectid": 272, "Shape__Area": 239988.36328125, "Shape__Length": 2019.866893296607 }, "geometry": { "type": "Polygon", "coordinates": [ [ [ -75.073021484008905, 40.055387789013103 ], [ -75.069172828825998, 40.059464141527698 ], [ -75.067722200111703, 40.0586580072383 ], [ -75.067678661607005, 40.058629673438098 ], [ -75.067641547454798, 40.058596375068198 ], [ -75.067611806103798, 40.058558962110602 ], [ -75.067590195789705, 40.058518387105103 ], [ -75.067577266211202, 40.058475686699502 ], [ -75.067253651258696, 40.056815283611101 ], [ -75.067245530545406, 40.056752067205501 ], [ -75.067245714993106, 40.0566885446529 ], [ -75.067254202688503, 40.056625356775498 ], [ -75.067270905232505, 40.0565631446268 ], [ -75.067295657105504, 40.056502535068198 ], [ -75.067328206749195, 40.056444143940297 ], [ -75.067368223092302, 40.056388559320702 ], [ -75.067415302739604, 40.056336345070797 ], [ -75.067468970462301, 40.056288028459001 ], [ -75.0675286821714, 40.056244099103502 ], [ -75.067593834059906, 40.056205000176099 ], [ -75.067663766996304, 40.056171128505397 ], [ -75.071499734552702, 40.0545140867046 ], [ -75.073021484008905, 40.055387789013103 ] ] ] } },
{ "type": "Feature", "properties": { "aun": 126515001, "school_num": 3694, "location_id": "5340", "school_name": "LUDLOW, JAMES R. SCHOOL", "school_name_label": "JAMES R. LUDLOW SCHOOL", "street_address": "550 W MASTER ST", "zip_code": "19122", "phone_number": "(215) 400-7430", "active": null, "grade_level": "ELEMENTARY/MIDDLE", "grade_org": "K-8", "enrollment": 216, "type": 1, "type_specific": "DISTRICT", "objectid": 273, "Shape__Area": 6046.46875, "Shape__Length": 321.0866094692322 }, "geometry": { "type": "Polygon", "coordinates": [ [ [ -75.145561129893906, 39.972082627882003 ], [ -75.145761274566595, 39.972104262787397 ], [ -75.145768545400898, 39.972064442722903 ], [ -75.145794242294201, 39.972067219905803 ], [ -75.146133431672496, 39.972103889671899 ], [ -75.146080830502001, 39.972379301693003 ], [ -75.146025547159994, 39.972685680627301 ], [ -75.146012192688701, 39.972759673542498 ], [ -75.146011580566594, 39.972763077901298 ], [ -75.145682350907094, 39.972722479058497 ], [ -75.145624045521998, 39.972715287852402 ], [ -75.1454315914483, 39.9726915601142 ], [ -75.145561129893906, 39.972082627882003 ] ] ] } },
{ "type": "Feature", "properties": { "aun": 126515001, "school_num": 7235, "location_id": "8380", "school_name": "FARRELL, LOUIS H. SCHOOL", "school_name_label": "LOUIS H. FARRELL SCHOOL", "street_address": "8300 CASTOR AVE", "zip_code": "19152", "phone_number": "(215) 400-3230", "active": null, "grade_level": "ELEMENTARY/MIDDLE", "grade_org": "K-8", "enrollment": 1189, "type": 1, "type_specific": "DISTRICT", "objectid": 274, "Shape__Area": 26437.12890625, "Shape__Length": 705.10669940197886 }, "geometry": { "type": "Polygon", "coordinates": [ [ [ -75.051448205537199, 40.067025435828299 ], [ -75.051451931257105, 40.067017237075497 ], [ -75.051472385637993, 40.066984074610502 ], [ -75.051494182227202, 40.066951442617899 ], [ -75.051519301298498, 40.066918130642001 ], [ -75.051528692781801, 40.066906212968703 ], [ -75.051553776379095, 40.066874270870201 ], [ -75.051590487379798, 40.066834896745902 ], [ -75.051685333882901, 40.066732309800898 ], [ -75.051721927147597, 40.066692722253599 ], [ -75.051961914998998, 40.066433161511902 ], [ -75.051982984378796, 40.066410361925001 ], [ -75.052003615005404, 40.066388052113197 ], [ -75.052486476440507, 40.065874283719801 ], [ -75.052680910392297, 40.0656674130882 ], [ -75.053448661062902, 40.0660941329987 ], [ -75.053440857840002, 40.066102542475498 ], [ -75.0531530649492, 40.066412665921803 ], [ -75.0521464823739, 40.067497298070499 ], [ -75.052142471742997, 40.067501604392099 ], [ -75.0521379779684, 40.067506447882003 ], [ -75.051479100570504, 40.067106424372597 ], [ -75.0514700899828, 40.067101360626602 ], [ -75.051466229501798, 40.067098207532297 ], [ -75.051457564676895, 40.067086590033 ], [ -75.051447417188101, 40.067072150099897 ], [ -75.051442733639206, 40.067051695599901 ], [ -75.051443537676704, 40.0670357231567 ], [ -75.051445239894093, 40.067031958463403 ], [ -75.051448205537199, 40.067025435828299 ] ] ] } },
{ "type": "Feature", "properties": { "aun": 226510071, "school_num": null, "location_id": null, "school_name": "PHILADELPHIA FREE SCHOOL", "school_name_label": "PHILADELPHIA FREE SCHOOL", "street_address": "4950 SPRINGFIELD AVE", "zip_code": "19143", "phone_number": "(215) 218-9586", "active": "O", "grade_level": "ELEMENTARY/MIDDLE/HIGH", "grade_org": "PREK-12", "enrollment": null, "type": 3, "type_specific": "PRIVATE", "objectid": 275, "Shape__Area": 1420.12890625, "Shape__Length": 173.12965547479919 }, "geometry": { "type": "Polygon", "coordinates": [ [ [ -75.218865927480095, 39.9442466788365 ], [ -75.218807501122797, 39.944287807500103 ], [ -75.218806985445596, 39.944288138500603 ], [ -75.218412239423699, 39.9445660530479 ], [ -75.218272626111201, 39.944448567043203 ], [ -75.218633326857599, 39.944194626215001 ], [ -75.218865927480095, 39.9442466788365 ] ] ] } },
{ "type": "Feature", "properties": { "aun": 126515001, "school_num": 3635, "location_id": "2450", "school_name": "STANTON, EDWIN M. SCHOOL", "school_name_label": "EDWIN M. STANTON SCHOOL", "street_address": "901 S 17TH ST", "zip_code": "19146", "phone_number": "(215) 400-7960", "active": null, "grade_level": "ELEMENTARY/MIDDLE", "grade_org": "K-8", "enrollment": 316, "type": 1, "type_specific": "DISTRICT", "objectid": 276, "Shape__Area": 4579.9921875, "Shape__Length": 282.17484962540965 }, "geometry": { "type": "Polygon", "coordinates": [ [ [ -75.170255517425005, 39.940437665482797 ], [ -75.170294533169894, 39.940250054120497 ], [ -75.170303475035595, 39.940251158507699 ], [ -75.170338075116803, 39.940090480513199 ], [ -75.1711255564216, 39.940188837118697 ], [ -75.171053254719297, 39.940536801668301 ], [ -75.170255517425005, 39.940437665482797 ] ] ] } },
{ "type": "Feature", "properties": { "aun": 126515001, "school_num": 3800, "location_id": "5530", "school_name": "GLORIA CASAREZ ELEMENTARY SCHOOL", "school_name_label": "GLORIA CASAREZ ELEMENTARY SCHOOL", "street_address": "800 E ONTARIO ST", "zip_code": "19134", "phone_number": "(215) 400-7160", "active": null, "grade_level": "ELEMENTARY SCHOOL", "grade_org": "K-5", "enrollment": 438, "type": 1, "type_specific": "DISTRICT", "objectid": 277, "Shape__Area": 6737.578125, "Shape__Length": 344.19870994606555 }, "geometry": { "type": "Polygon", "coordinates": [ [ [ -75.114222706551701, 39.999705315912699 ], [ -75.114013414482898, 39.999678441681297 ], [ -75.113722113994896, 39.9996410439839 ], [ -75.113765416005805, 39.999440778660997 ], [ -75.113766362788795, 39.999436384229 ], [ -75.113767335123896, 39.999431859734599 ], [ -75.113810334844601, 39.999231829609101 ], [ -75.114266254432096, 39.9992903214441 ], [ -75.114800572518106, 39.9993588635094 ], [ -75.114800366128605, 39.999359842020503 ], [ -75.114769004513903, 39.9995057984992 ], [ -75.114711749996204, 39.999769127912899 ], [ -75.114478058651599, 39.9997379382378 ], [ -75.114222706551701, 39.999705315912699 ] ] ] } },
{ "type": "Feature", "properties": { "aun": 126515001, "school_num": 3758, "location_id": "8200", "school_name": "ALLEN, ETHAN SCHOOL", "school_name_label": "ETHAN ALLEN SCHOOL ", "street_address": "6329 BATTERSBY ST", "zip_code": "19149", "phone_number": "(215) 400-3270", "active": null, "grade_level": "ELEMENTARY/MIDDLE", "grade_org": "K-8", "enrollment": 958, "type": 1, "type_specific": "DISTRICT", "objectid": 278, "Shape__Area": 38844.61328125, "Shape__Length": 783.46136362760149 }, "geometry": { "type": "Polygon", "coordinates": [ [ [ -75.060209943223001, 40.029743875089899 ], [ -75.060207583608502, 40.0297425628656 ], [ -75.060318730556304, 40.029626519722697 ], [ -75.060353753229805, 40.029589956709401 ], [ -75.060377879748302, 40.029564777755503 ], [ -75.061082883436995, 40.028828690852897 ], [ -75.061104998842794, 40.0288055933894 ], [ -75.061253898600597, 40.028650131838504 ], [ -75.061259704944604, 40.028653347103202 ], [ -75.061383037824299, 40.028721376787601 ], [ -75.0613879829599, 40.028724104466001 ], [ -75.061395349346995, 40.0287281784504 ], [ -75.061658616419606, 40.028876055758602 ], [ -75.061686474343304, 40.028891699024598 ], [ -75.061945659139596, 40.029037288290503 ], [ -75.062030673911707, 40.029083802180601 ], [ -75.062191838670103, 40.029173528325501 ], [ -75.062313963323106, 40.029240851776997 ], [ -75.062624655521105, 40.029420271710499 ], [ -75.0626262753172, 40.029421212912098 ], [ -75.062635197259794, 40.029458046913497 ], [ -75.062645163678795, 40.029499177434197 ], [ -75.061908501764506, 40.0302655804282 ], [ -75.061851525615296, 40.030324858985303 ], [ -75.061647028774104, 40.030537600240798 ], [ -75.061644534567606, 40.0305402021907 ], [ -75.060423089939107, 40.029862193850597 ], [ -75.060209943223001, 40.029743875089899 ] ] ] } },
{ "type": "Feature", "properties": { "aun": 147513703, "school_num": 8123, "location_id": "3403", "school_name": "FRANKLIN TOWNE ELEMENTARY", "school_name_label": "FRANKLIN TOWNE CHARTER ELEMENTARY SCHOOL", "street_address": "4259 RICHMOND ST", "zip_code": "19137", "phone_number": "(215) 289-3389", "active": null, "grade_level": "ELEMENTARY/MIDDLE", "grade_org": "K-8", "enrollment": 963, "type": 2, "type_specific": "CHARTER", "objectid": 279, "Shape__Area": 19684.14453125, "Shape__Length": 672.86332558043136 }, "geometry": { "type": "Polygon", "coordinates": [ [ [ -75.075663894554296, 39.996104632001902 ], [ -75.075131981354303, 39.996374384815702 ], [ -75.074785141814203, 39.995897184342702 ], [ -75.074579752518503, 39.995985512193201 ], [ -75.074556178364304, 39.995953590682099 ], [ -75.0745318007489, 39.995920579324 ], [ -75.0745087508121, 39.995889366076 ], [ -75.074483052549795, 39.995854565765001 ], [ -75.074456395040201, 39.995818466987103 ], [ -75.074430616186504, 39.9957835577857 ], [ -75.074401883155701, 39.995744647793302 ], [ -75.074374843389606, 39.9957080321213 ], [ -75.074346934781701, 39.995670239476297 ], [ -75.074320851594507, 39.995634917684299 ], [ -75.074294803192899, 39.995599642875 ], [ -75.0742680555296, 39.995563421432401 ], [ -75.074241484434793, 39.9955274394962 ], [ -75.074215458327103, 39.995492195596697 ], [ -75.074189269627993, 39.995456730523898 ], [ -75.074163015695305, 39.995421249281797 ], [ -75.074134911542799, 39.995383185087 ], [ -75.074108435331397, 39.995347325842801 ], [ -75.074084159809601, 39.995314447410102 ], [ -75.074057696553496, 39.995278558044703 ], [ -75.074028249416898, 39.9952386795742 ], [ -75.0739998658443, 39.995200277695197 ], [ -75.073975504242298, 39.995167282347197 ], [ -75.073949303025898, 39.995131769616798 ], [ -75.073921907879395, 39.995094671367099 ], [ -75.073896086482506, 39.995059703598699 ], [ -75.073869695067799, 39.995023965658298 ], [ -75.073834117322306, 39.994975787511699 ], [ -75.074412151318597, 39.994676157209398 ], [ -75.075663894554296, 39.996104632001902 ] ] ] } },
{ "type": "Feature", "properties": { "aun": 126515001, "school_num": 6525, "location_id": "5230", "school_name": "CONWELL, RUSSELL MIDDLE SCHOOL", "school_name_label": "RUSSELL H. CONWELL SCHOOL", "street_address": "1849 E CLEARFIELD ST", "zip_code": "19134", "phone_number": "(215) 400-7210", "active": null, "grade_level": "MIDDLE SCHOOL", "grade_org": "5-8", "enrollment": 119, "type": 1, "type_specific": "DISTRICT", "objectid": 280, "Shape__Area": 7028.7421875, "Shape__Length": 336.01854255854539 }, "geometry": { "type": "Polygon", "coordinates": [ [ [ -75.114458298221095, 39.994783392005701 ], [ -75.114428676604305, 39.9947511487808 ], [ -75.1143986747756, 39.994718477838397 ], [ -75.114370317491094, 39.994686069906102 ], [ -75.114341075304296, 39.9946537869384 ], [ -75.114311369990503, 39.994621590188999 ], [ -75.114280919843793, 39.994588022530301 ], [ -75.114251008453493, 39.994555175668999 ], [ -75.114219784206597, 39.994523217703303 ], [ -75.114190501745696, 39.994490353730697 ], [ -75.114178310307494, 39.994476677708597 ], [ -75.114162602909701, 39.994459117472601 ], [ -75.114133581539804, 39.994426017327903 ], [ -75.114102742460901, 39.994392778572703 ], [ -75.1140720622099, 39.994359221337497 ], [ -75.114042010902807, 39.994325645874198 ], [ -75.114046008529797, 39.994323610119302 ], [ -75.114145881717306, 39.994272755198502 ], [ -75.114372347051102, 39.994156458237697 ], [ -75.1144668754512, 39.994107173134203 ], [ -75.114508445865894, 39.994085350696999 ], [ -75.114640882605499, 39.994017285497698 ], [ -75.114686274175597, 39.994069283157998 ], [ -75.114706800730303, 39.994092806154399 ], [ -75.114743808143501, 39.994132940706599 ], [ -75.114779793436696, 39.994173453864597 ], [ -75.114812981396696, 39.994208809717001 ], [ -75.114895335604203, 39.994297201499002 ], [ -75.114903858935804, 39.994307632870999 ], [ -75.114913932797805, 39.994319164179402 ], [ -75.114929888306605, 39.994335730987601 ], [ -75.114985935365098, 39.994397226712003 ], [ -75.115067247077803, 39.994487060854397 ], [ -75.115091265385701, 39.994514081086997 ], [ -75.114494779742003, 39.994817613935297 ], [ -75.114490076927297, 39.994819972527502 ], [ -75.114475416589102, 39.9948029353246 ], [ -75.114458298221095, 39.994783392005701 ] ] ] } },
{ "type": "Feature", "properties": { "aun": 126515001, "school_num": 3642, "location_id": "2510", "school_name": "COPPIN, FANNY JACKSON SCHOOL\n", "school_name_label": "FANNY JACKSON COPPIN SCHOOL", "street_address": "1213 S 12TH ST", "zip_code": "19147", "phone_number": "(215) 400-7970", "active": null, "grade_level": "ELEMENTARY/MIDDLE", "grade_org": "K-8", "enrollment": 520, "type": 1, "type_specific": "DISTRICT", "objectid": 281, "Shape__Area": 5507.796875, "Shape__Length": 300.19731470001705 }, "geometry": { "type": "Polygon", "coordinates": [ [ [ -75.1629247284923, 39.934913032209202 ], [ -75.163042506418293, 39.934341176890101 ], [ -75.163614514848504, 39.934406758577303 ], [ -75.163613726084606, 39.934410415811499 ], [ -75.163597686683005, 39.9344841570909 ], [ -75.163503995724795, 39.934915135884602 ], [ -75.163488537527698, 39.9349862469032 ], [ -75.163484475939498, 39.935004934745898 ], [ -75.1629247284923, 39.934913032209202 ] ] ] } },
{ "type": "Feature", "properties": { "aun": 126515001, "school_num": 5183, "location_id": "7510", "school_name": "BETHUNE, MARY MCLEOD SCHOOL", "school_name_label": "MARY M. BETHUNE SCHOOL", "street_address": "3301 OLD YORK RD", "zip_code": "19140", "phone_number": "(215) 400-3890", "active": null, "grade_level": "ELEMENTARY/MIDDLE", "grade_org": "K-8", "enrollment": 398, "type": 1, "type_specific": "DISTRICT", "objectid": 282, "Shape__Area": 26700.94140625, "Shape__Length": 673.09556192886703 }, "geometry": { "type": "Polygon", "coordinates": [ [ [ -75.148694725489904, 40.002766069604398 ], [ -75.148732737563606, 40.002791130067799 ], [ -75.148766342783105, 40.002906789550302 ], [ -75.148534223112506, 40.004134972729297 ], [ -75.147194729246706, 40.003962807700198 ], [ -75.147055711212104, 40.003731027555801 ], [ -75.147176953923406, 40.003175995507 ], [ -75.147326802285505, 40.003197398621197 ], [ -75.147336042872993, 40.003153745335503 ], [ -75.147337284743898, 40.003146487617101 ], [ -75.147387015506794, 40.003138007937402 ], [ -75.147472893506702, 40.0031221574298 ], [ -75.147545501454204, 40.003108522133701 ], [ -75.147647333609399, 40.003089278167103 ], [ -75.147764440347999, 40.003066947463701 ], [ -75.147790946122697, 40.003056264133001 ], [ -75.147849349060394, 40.0030315214496 ], [ -75.147904748101595, 40.003007469759503 ], [ -75.147959984045201, 40.002983316360798 ], [ -75.148017899152507, 40.002958191993002 ], [ -75.148074950206194, 40.002933677600801 ], [ -75.148146732940106, 40.002903274396601 ], [ -75.148214782043695, 40.002875139319201 ], [ -75.148248284260006, 40.002860198327802 ], [ -75.1483223481236, 40.002828124641297 ], [ -75.148324240313599, 40.002817154809698 ], [ -75.148344985507507, 40.002720374511 ], [ -75.148403287142301, 40.002728380201702 ], [ -75.148694725489904, 40.002766069604398 ] ] ] } },
{ "type": "Feature", "properties": { "aun": 126515001, "school_num": 7024, "location_id": "6480", "school_name": "AMY NORTHWEST", "school_name_label": "ACADEMY FOR THE MIDDLE YEARS AT NORTHWEST", "street_address": "6000 RIDGE AVE", "zip_code": "19128", "phone_number": "(215) 400-3460", "active": null, "grade_level": "MIDDLE SCHOOL", "grade_org": "6-8", "enrollment": 150, "type": 1, "type_specific": "DISTRICT", "objectid": 283, "Shape__Area": 11737.41796875, "Shape__Length": 433.72126870580075 }, "geometry": { "type": "Polygon", "coordinates": [ [ [ -75.213107307368404, 40.031495553007197 ], [ -75.212694438190994, 40.031129335971499 ], [ -75.212673269325805, 40.031110556607302 ], [ -75.212431663166598, 40.030896261047999 ], [ -75.212877807645597, 40.030618528751802 ], [ -75.212894167059005, 40.030608331558703 ], [ -75.213174012930395, 40.030434103889299 ], [ -75.213787214489997, 40.031002481173701 ], [ -75.213789949400095, 40.0310050407153 ], [ -75.213510071266398, 40.031207043615296 ], [ -75.213152136162407, 40.031465384397798 ], [ -75.213108667286406, 40.031496759976498 ], [ -75.213107307368404, 40.031495553007197 ] ] ] } },
{ "type": "Feature", "properties": { "aun": 126515001, "school_num": 7472, "location_id": "4370", "school_name": "OVERBROOK ELEMENTARY SCHOOL", "school_name_label": "OVERBROOK ELEMENTARY SCHOOL", "street_address": "2032 N 62ND ST", "zip_code": "19151", "phone_number": "(215) 400-7520", "active": null, "grade_level": "ELEMENTARY/MIDDLE", "grade_org": "K-8", "enrollment": 200, "type": 1, "type_specific": "DISTRICT", "objectid": 284, "Shape__Area": 8893.1171875, "Shape__Length": 413.32623703417386 }, "geometry": { "type": "Polygon", "coordinates": [ [ [ -75.245557972149598, 39.982159424104303 ], [ -75.245213928237803, 39.981794080233101 ], [ -75.245956475350397, 39.981377945385702 ], [ -75.246028797762705, 39.981773208236802 ], [ -75.246078044929305, 39.982046442965398 ], [ -75.246102477965593, 39.982179992789298 ], [ -75.246122165618203, 39.982289373591698 ], [ -75.246137856556601, 39.982373020469801 ], [ -75.246054034111296, 39.982382298674501 ], [ -75.245608754733098, 39.982431870416903 ], [ -75.245557972149598, 39.982159424104303 ] ] ] } },
{ "type": "Feature", "properties": { "aun": 0, "school_num": null, "location_id": null, "school_name": "CHRIST THE KING SCHOOL", "school_name_label": "CHRIST THE KING SCHOOL", "street_address": "3205 CHESTERFIELD RD", "zip_code": "19114", "phone_number": "(215) 632-1375", "active": "O", "grade_level": "ELEMENTARY/MIDDLE", "grade_org": "PREK-8", "enrollment": null, "type": 3, "type_specific": "ARCHDIOCESE", "objectid": 285, "Shape__Area": 4489.515625, "Shape__Length": 385.91120883692821 }, "geometry": { "type": "Polygon", "coordinates": [ [ [ -74.995353889664301, 40.075806909084498 ], [ -74.995325341031403, 40.075804475574401 ], [ -74.995135095853598, 40.0757882565145 ], [ -74.995134974476102, 40.075789259417498 ], [ -74.995133753377502, 40.075799288271597 ], [ -74.995106258445702, 40.075796722280103 ], [ -74.995107431026895, 40.075786660725797 ], [ -74.995107604146298, 40.075785178120398 ], [ -74.995087941356005, 40.075783156925397 ], [ -74.995011240839602, 40.075775273182302 ], [ -74.9950066109067, 40.075774798383399 ], [ -74.995007953940402, 40.0756608887841 ], [ -74.995041483352594, 40.075552111942599 ], [ -74.995046850851907, 40.075552512063098 ], [ -74.995142804979395, 40.075559669061803 ], [ -74.995142818294894, 40.0755595939169 ], [ -74.995144481943001, 40.075548379509101 ], [ -74.995172311177896, 40.075550689946503 ], [ -74.995171302870503, 40.075561977507199 ], [ -74.995261425862097, 40.075570583874402 ], [ -74.995267900198996, 40.075538392002301 ], [ -74.995118143359605, 40.074965431002603 ], [ -74.995124828384903, 40.074964399602301 ], [ -74.995222498022301, 40.074949334641303 ], [ -74.995251098563799, 40.074944922470202 ], [ -74.995345933935297, 40.074930294060103 ], [ -74.995514898394006, 40.075576740700797 ], [ -74.995505511606197, 40.075594186698197 ], [ -74.995518028413599, 40.075595554472898 ], [ -74.995552450643899, 40.075599318122997 ], [ -74.995552383197804, 40.075599679184599 ], [ -74.995548159067695, 40.075620728159301 ], [ -74.995556771551193, 40.075621661070599 ], [ -74.995587320957398, 40.075624972584897 ], [ -74.995577931129006, 40.075683467604001 ], [ -74.995592685206802, 40.075683466439102 ], [ -74.995583297560799, 40.075748116903 ], [ -74.9955645200628, 40.075746066323703 ], [ -74.995556473094894, 40.075802506438599 ], [ -74.995528378706695, 40.0757993213413 ], [ -74.995520267097504, 40.0757984015601 ], [ -74.995518924966802, 40.075820978208903 ], [ -74.995353889664301, 40.075806909084498 ] ] ] } },
{ "type": "Feature", "properties": { "aun": 226511852, "school_num": null, "location_id": null, "school_name": "GIRARD COLLEGE", "school_name_label": "GIRARD COLLEGE", "street_address": "2101 S COLLEGE AVE", "zip_code": "19121", "phone_number": "(215) 787-2600", "active": "O", "grade_level": "ELEMENTARY/MIDDLE/HIGH", "grade_org": "1-12", "enrollment": null, "type": 3, "type_specific": "PRIVATE", "objectid": 286, "Shape__Area": 294782.64453125, "Shape__Length": 2705.1183947491559 }, "geometry": { "type": "Polygon", "coordinates": [ [ [ -75.167457533278494, 39.973499641753499 ], [ -75.167461845763199, 39.973491366128002 ], [ -75.167467585870597, 39.9734836204427 ], [ -75.1674746470744, 39.973476549841003 ], [ -75.167482896949494, 39.973470287620998 ], [ -75.1675025495461, 39.973467936764401 ], [ -75.167657565212807, 39.973449372998203 ], [ -75.168589972189594, 39.973337783539897 ], [ -75.169893926242906, 39.9731817147835 ], [ -75.170064493883402, 39.973161305757301 ], [ -75.170103159701, 39.973156661997301 ], [ -75.170137549793196, 39.973152551679298 ], [ -75.170266655539194, 39.973137093805398 ], [ -75.170326681710506, 39.973129915159497 ], [ -75.170359536854605, 39.973125979754599 ], [ -75.170571231251898, 39.973100642439498 ], [ -75.170635300097999, 39.973092974479897 ], [ -75.170639572201694, 39.973092458945501 ], [ -75.170720415597899, 39.973082782562997 ], [ -75.170803446965806, 39.973072848957699 ], [ -75.171210566577699, 39.973024112168801 ], [ -75.172826659589205, 39.972830648661201 ], [ -75.172858146914095, 39.972826874419098 ], [ -75.173469103296497, 39.972753724102702 ], [ -75.175460852894005, 39.9725152369802 ], [ -75.176383427409306, 39.972403056711997 ], [ -75.176816515053503, 39.972452294433197 ], [ -75.176822711232504, 39.972452997637703 ], [ -75.177391461669799, 39.972517656277503 ], [ -75.177499677933696, 39.972530302098299 ], [ -75.177540001927099, 39.972537702388799 ], [ -75.177558229086102, 39.972541044925698 ], [ -75.177615295596596, 39.972559990815803 ], [ -75.1776457540725, 39.9725745210391 ], [ -75.177693550076796, 39.972605913781997 ], [ -75.177716165827803, 39.972625570631998 ], [ -75.177738571995604, 39.972650221142402 ], [ -75.177754933088096, 39.972672961147403 ], [ -75.177768524937605, 39.972698591014201 ], [ -75.177781671624999, 39.972735396962499 ], [ -75.177786977021398, 39.972776749568098 ], [ -75.177746018469605, 39.974190872766002 ], [ -75.177086936035906, 39.974259904668898 ], [ -75.177015521189702, 39.974267378863502 ], [ -75.176535574159303, 39.974317645369098 ], [ -75.176466831072304, 39.974324841262998 ], [ -75.175990691241395, 39.974374707724103 ], [ -75.175745795564893, 39.974400357699999 ], [ -75.174279361988596, 39.974553925236499 ], [ -75.174160951702405, 39.9745663232788 ], [ -75.172428323614298, 39.974747742861297 ], [ -75.172160728077998, 39.974775760859103 ], [ -75.172072567460404, 39.974784983337997 ], [ -75.172023175123897, 39.974790160548601 ], [ -75.172012172525896, 39.974791315571899 ], [ -75.171134768590406, 39.974883166621701 ], [ -75.170948538688904, 39.974902661062202 ], [ -75.170811110144896, 39.974917046339101 ], [ -75.168736187655, 39.975134240194997 ], [ -75.168691633748196, 39.9751388963614 ], [ -75.168434236424105, 39.975165845565698 ], [ -75.168406237472595, 39.975168778066603 ], [ -75.168085519045903, 39.974600511885399 ], [ -75.168047594461996, 39.9745332932184 ], [ -75.167991806357804, 39.974434449057902 ], [ -75.167810989056903, 39.9741181066967 ], [ -75.167727456588494, 39.973971938474797 ], [ -75.167462838309504, 39.9735089222157 ], [ -75.167457533278494, 39.973499641753499 ] ] ] } },
{ "type": "Feature", "properties": { "aun": 300513270, "school_num": null, "location_id": null, "school_name": "DELTA SCHOOL", "school_name_label": "DELTA SCHOOL", "street_address": "3515 WOODHAVEN RD", "zip_code": "19154", "phone_number": "(215) 637-8235", "active": "O", "grade_level": "ELEMENTARY/MIDDLE/HIGH", "grade_org": "K-12", "enrollment": null, "type": 3, "type_specific": "PRIVATE", "objectid": 287, "Shape__Area": 15330.2109375, "Shape__Length": 648.0336824277781 }, "geometry": { "type": "Polygon", "coordinates": [ [ [ -74.976191781770495, 40.093291019157299 ], [ -74.976227678857299, 40.092874275924302 ], [ -74.976236225597503, 40.092775161826999 ], [ -74.976241324059899, 40.092712623388003 ], [ -74.976438281354902, 40.092728854404101 ], [ -74.976846548898095, 40.092764014603098 ], [ -74.976845365549096, 40.092777026773398 ], [ -74.977589906594304, 40.092258486989401 ], [ -74.977733399343506, 40.092377969392601 ], [ -74.977772271997793, 40.092410342935104 ], [ -74.977777285199906, 40.092414525406802 ], [ -74.977878577188307, 40.092498861866297 ], [ -74.977961693908497, 40.092569799179103 ], [ -74.976803409446504, 40.093364053217996 ], [ -74.976671646678398, 40.0932528654333 ], [ -74.976165152613305, 40.093619692521898 ], [ -74.976190332970006, 40.093308975166103 ], [ -74.976191781770495, 40.093291019157299 ] ] ] } },
{ "type": "Feature", "properties": { "aun": 126515001, "school_num": 3714, "location_id": "6270", "school_name": "JENKS ACADEMY ARTS & SCIENCES", "school_name_label": "JENKS ACADEMY FOR ARTS AND SCIENCES", "street_address": "8301 GERMANTOWN AVE", "zip_code": "19118", "phone_number": "(215) 400-3360", "active": null, "grade_level": "ELEMENTARY/MIDDLE", "grade_org": "K-8", "enrollment": 395, "type": 1, "type_specific": "DISTRICT", "objectid": 288, "Shape__Area": 16959.47265625, "Shape__Length": 523.64203581805168 }, "geometry": { "type": "Polygon", "coordinates": [ [ [ -75.202620059420397, 40.075132494539901 ], [ -75.203406965772999, 40.074347701676402 ], [ -75.203877386940107, 40.074625827764301 ], [ -75.204243175603096, 40.074840880791399 ], [ -75.204092864152003, 40.074990996961802 ], [ -75.203783826277999, 40.075305307398096 ], [ -75.203679371921893, 40.075410883358103 ], [ -75.203463840983403, 40.075628725740899 ], [ -75.202623260074205, 40.0751344001471 ], [ -75.202620059420397, 40.075132494539901 ] ] ] } },
{ "type": "Feature", "properties": { "aun": 126513420, "school_num": 7649, "location_id": "3334", "school_name": "NEW FOUNDATIONS CHARTER SCHOOL", "school_name_label": "NEW FOUNDATIONS CHARTER SCHOOL", "street_address": "8001 TORRESDALE AVE", "zip_code": "19136", "phone_number": "(215) 624-8100", "active": null, "grade_level": "ELEMENTARY/MIDDLE/HIGH", "grade_org": "K-8", "enrollment": 1529, "type": 2, "type_specific": "CHARTER", "objectid": 289, "Shape__Area": 23614.171875, "Shape__Length": 666.56570762248634 }, "geometry": { "type": "Polygon", "coordinates": [ [ [ -75.023706540041701, 40.035924013919796 ], [ -75.023694770915995, 40.034264071128099 ], [ -75.0236959718723, 40.0341765506938 ], [ -75.024406082102502, 40.034299987722498 ], [ -75.025031848146597, 40.0352422072623 ], [ -75.023706551996099, 40.035924044614198 ], [ -75.023706540041701, 40.035924013919796 ] ] ] } },
{ "type": "Feature", "properties": { "aun": 126515001, "school_num": 3622, "location_id": "2260", "school_name": "CHILDS, GEORGE W. SCHOOL", "school_name_label": "GEORGE W. CHILDS SCHOOL", "street_address": "1599 WHARTON ST", "zip_code": "19146", "phone_number": "(215) 400-7950", "active": null, "grade_level": "ELEMENTARY/MIDDLE", "grade_org": "K-8", "enrollment": 437, "type": 1, "type_specific": "DISTRICT", "objectid": 290, "Shape__Area": 12336.33203125, "Shape__Length": 454.87531701050659 }, "geometry": { "type": "Polygon", "coordinates": [ [ [ -75.169455494928897, 39.935011501248297 ], [ -75.169459868764207, 39.934990595876101 ], [ -75.169505887891503, 39.9349935493793 ], [ -75.169512606652901, 39.934962055779501 ], [ -75.169530669850602, 39.9348773861146 ], [ -75.169539588613105, 39.934835575836402 ], [ -75.169548619090094, 39.934792980809299 ], [ -75.169549037283105, 39.934791330098498 ], [ -75.169557794240006, 39.934749888973599 ], [ -75.169567078634003, 39.934706655433097 ], [ -75.169576352109402, 39.934663477959703 ], [ -75.169585622051201, 39.934620316174097 ], [ -75.169594824027897, 39.934577595482402 ], [ -75.169604427349597, 39.934533127967399 ], [ -75.169614359459501, 39.934487167659398 ], [ -75.1707137862536, 39.934628897178897 ], [ -75.170568684021106, 39.935310549090801 ], [ -75.169429502791004, 39.935137376116899 ], [ -75.169430534856005, 39.935132273689902 ], [ -75.169438568621104, 39.935092735461197 ], [ -75.169447457929493, 39.935050007742802 ], [ -75.169455494928897, 39.935011501248297 ] ] ] } },
{ "type": "Feature", "properties": { "aun": 126515492, "school_num": null, "location_id": "3443", "school_name": "KIPP WEST PHILA CHARTER SCHOOL", "school_name_label": "KIPP WEST PHILADELPHIA ELEMENTARY ACADEMY", "street_address": "5070 PARKSIDE AVE", "zip_code": "19131", "phone_number": "(267) 787-5700", "active": null, "grade_level": "ELEMENTARY SCHOOL", "grade_org": "K-4", "enrollment": 842, "type": 2, "type_specific": "CHARTER", "objectid": 291, "Shape__Area": 26202.359375, "Shape__Length": 859.56222546576907 }, "geometry": { "type": "Polygon", "coordinates": [ [ [ -75.220704377936002, 39.9799746321806 ], [ -75.220835171592199, 39.979765375630897 ], [ -75.220647309753801, 39.979695883621297 ], [ -75.220740863026506, 39.979546208248401 ], [ -75.220417671159794, 39.979426652625897 ], [ -75.220634029865394, 39.979080502548697 ], [ -75.220097792507602, 39.978882134001203 ], [ -75.220206035223697, 39.978708955963199 ], [ -75.221764699993599, 39.979285535838201 ], [ -75.2221676971851, 39.979434606402599 ], [ -75.221812704649693, 39.980002573108301 ], [ -75.221588571172205, 39.979919664004797 ], [ -75.221216797241894, 39.980514471719196 ], [ -75.220527617910093, 39.980259535848603 ], [ -75.220705446528299, 39.979975028520002 ], [ -75.220704377936002, 39.9799746321806 ] ] ] } },
{ "type": "Feature", "properties": { "aun": 126515001, "school_num": 3713, "location_id": "6260", "school_name": "HOUSTON, HENRY H. SCHOOL", "school_name_label": "HENRY H. HOUSTON SCHOOL", "street_address": "7300 RURAL LN", "zip_code": "19119", "phone_number": "(215) 400-3490", "active": null, "grade_level": "ELEMENTARY/MIDDLE", "grade_org": "K-8", "enrollment": 458, "type": 1, "type_specific": "DISTRICT", "objectid": 292, "Shape__Area": 21713.3203125, "Shape__Length": 642.02135928596954 }, "geometry": { "type": "Polygon", "coordinates": [ [ [ -75.195096624190001, 40.060171614271397 ], [ -75.194952582938896, 40.0600550830329 ], [ -75.194949404717704, 40.060050738222003 ], [ -75.194848326924102, 40.059912542543103 ], [ -75.1947546764968, 40.059784499569197 ], [ -75.194698998524601, 40.059708374404799 ], [ -75.194642448030507, 40.059631057374297 ], [ -75.194585857314394, 40.059553683105499 ], [ -75.194531140133293, 40.0594788710332 ], [ -75.194291101796495, 40.059150678724798 ], [ -75.194888100686299, 40.058600318025 ], [ -75.195903007252497, 40.059956501253197 ], [ -75.195600647274802, 40.060235243354199 ], [ -75.1954027953375, 40.060417638332602 ], [ -75.195352385296701, 40.060377131297102 ], [ -75.195096624190001, 40.060171614271397 ] ] ] } },
{ "type": "Feature", "properties": { "aun": 126515001, "school_num": 8493, "location_id": "8130\n", "school_name": "NORTHEAST COMMUNITY PROPEL ACADEMY\n", "school_name_label": "NORTHEAST COMMUNITY PROPEL ACADEMY", "street_address": "7500 ROWLAND AVE", "zip_code": "19136", "phone_number": "(215) 400-8350", "active": null, "grade_level": "ELEMENTARY/MIDDLE", "grade_org": "K-8", "enrollment": 1789, "type": 1, "type_specific": "DISTRICT", "objectid": 293, "Shape__Area": 159304.359375, "Shape__Length": 2290.5418870815492 }, "geometry": { "type": "Polygon", "coordinates": [ [ [ -75.039239572076099, 40.042285451866597 ], [ -75.041307401741506, 40.044961602420301 ], [ -75.0414424154567, 40.045044408561203 ], [ -75.041989291849802, 40.044967407943098 ], [ -75.042197140146101, 40.0449907770384 ], [ -75.042617113123995, 40.044925650347203 ], [ -75.042917988107106, 40.044783885621598 ], [ -75.042506877698301, 40.045723649012402 ], [ -75.0424040104526, 40.0466123025125 ], [ -75.0429397706191, 40.047389424507102 ], [ -75.042845742182195, 40.047454914664698 ], [ -75.042745874640403, 40.047515084971401 ], [ -75.042640678567295, 40.047569627572102 ], [ -75.042530688220893, 40.047618265581498 ], [ -75.042416464516293, 40.047660752028101 ], [ -75.042298590678399, 40.0476968686257 ], [ -75.042177663186095, 40.047726432317802 ], [ -75.042054300646896, 40.047749293235199 ], [ -75.041929130618399, 40.047765334384799 ], [ -75.041802790981606, 40.047774473935299 ], [ -75.041675925547906, 40.047776665113702 ], [ -75.041549179620702, 40.047771897226902 ], [ -75.041423198574293, 40.047760194501997 ], [ -75.041298623461699, 40.0477416159829 ], [ -75.041176090923003, 40.047716257780301 ], [ -75.041056223160197, 40.047684247204302 ], [ -75.040939630639798, 40.047645748458798 ], [ -75.040826909388898, 40.047600956946198 ], [ -75.040718630610002, 40.047550102401402 ], [ -75.040615346851894, 40.047493441152803 ], [ -75.040517584373802, 40.047431263825601 ], [ -75.040425840576205, 40.047363886271 ], [ -75.040340583956095, 40.047291650690603 ], [ -75.040262246695406, 40.047214927714201 ], [ -75.040191228039902, 40.047134105215598 ], [ -75.040127892519806, 40.0470495961548 ], [ -75.040072558506907, 40.046961831549702 ], [ -75.040025510063501, 40.046871257376097 ], [ -75.039986988157295, 40.046778334360503 ], [ -75.039957184851204, 40.046683536716401 ], [ -75.039936255196693, 40.0465873479191 ], [ -75.039924305701405, 40.046490255928397 ], [ -75.039915033093706, 40.046421651878603 ], [ -75.039897795559199, 40.0463539625758 ], [ -75.039872732511398, 40.046287734188297 ], [ -75.039840045484098, 40.046223498580403 ], [ -75.039799996666503, 40.046161773277703 ], [ -75.039752910546397, 40.046103057001297 ], [ -75.039699164020305, 40.046047820423603 ], [ -75.039639192159299, 40.045996508557899 ], [ -75.039986201869198, 40.045743976534602 ], [ -75.038837228176504, 40.044256992576301 ], [ -75.039912079024504, 40.043766405759101 ], [ -75.038890798004502, 40.042444644782002 ], [ -75.039239572076099, 40.042285451866597 ] ] ] } },
{ "type": "Feature", "properties": { "aun": 226510026, "school_num": null, "location_id": null, "school_name": "ALL SAINTS EPISCOPAL SCHOOL", "school_name_label": "ALL SAINTS EPISCOPAL SCHOOL", "street_address": "9601 FRANKFORD AVE", "zip_code": "19114", "phone_number": "(215) 637-8788", "active": "O", "grade_level": "PRE-K/KINDERGARTEN", "grade_org": "PREK-K", "enrollment": null, "type": 3, "type_specific": "PRIVATE", "objectid": 294, "Shape__Area": 1909.6796875, "Shape__Length": 351.43693875842342 }, "geometry": { "type": "Polygon", "coordinates": [ [ [ -74.993963234486102, 40.058981618354501 ], [ -74.993873481478701, 40.058824973160398 ], [ -74.993866728058904, 40.058827257543797 ], [ -74.993843864490998, 40.058787355038902 ], [ -74.993923872725503, 40.058760287090699 ], [ -74.993955450662099, 40.058749603324301 ], [ -74.993929302065993, 40.058703967849802 ], [ -74.993918663643896, 40.058707566954297 ], [ -74.993923483003996, 40.0587159779964 ], [ -74.993890502091304, 40.058727136073401 ], [ -74.993872690655095, 40.0586960489223 ], [ -74.993751427712894, 40.058737073552301 ], [ -74.993739624016996, 40.058741068186102 ], [ -74.993673758844295, 40.058626117130999 ], [ -74.993674060592298, 40.058626013989702 ], [ -74.993781672392402, 40.058589607676801 ], [ -74.993749726110394, 40.058533850392998 ], [ -74.993747309522604, 40.058534667578002 ], [ -74.993655965993398, 40.058565571184801 ], [ -74.993608207520296, 40.058581729230198 ], [ -74.993591129249396, 40.058587507561697 ], [ -74.993587432402407, 40.058581052841603 ], [ -74.993538352548399, 40.058495391434597 ], [ -74.993814647694606, 40.058401916168499 ], [ -74.993808636296194, 40.058391422095198 ], [ -74.993864797730296, 40.058372419952001 ], [ -74.9938675996965, 40.058381527106498 ], [ -74.993880260833507, 40.0583772432893 ], [ -74.993931390011099, 40.0584664813736 ], [ -74.993932302971203, 40.058468074506798 ], [ -74.993778272109793, 40.058520186877999 ], [ -74.993777451708496, 40.058520464548103 ], [ -74.993789036690302, 40.058540684172698 ], [ -74.993790146895606, 40.0585403087061 ], [ -74.993807398983293, 40.058534472567302 ], [ -74.993818713049706, 40.058554217135601 ], [ -74.993801743302797, 40.058559958679602 ], [ -74.993800664306207, 40.058560323631802 ], [ -74.993810227603007, 40.058577016642097 ], [ -74.993923665297899, 40.0585386380898 ], [ -74.993925609311106, 40.058537979640697 ], [ -74.993991232591199, 40.058652506872299 ], [ -74.993990970976, 40.058652596334802 ], [ -74.993987974733102, 40.058653610244001 ], [ -74.993999314774896, 40.058673402721702 ], [ -74.994001740178803, 40.058677636213297 ], [ -74.993967283460904, 40.058689293917404 ], [ -74.993990682335095, 40.058730128324399 ], [ -74.993992721713198, 40.058733689146898 ], [ -74.993994515921202, 40.058736646006103 ], [ -74.994013125820501, 40.058730474096599 ], [ -74.994035034123698, 40.058768708081097 ], [ -74.994025440558104, 40.058771952685603 ], [ -74.994116620256804, 40.058931082873997 ], [ -74.994098369267405, 40.058937258905097 ], [ -74.994053705005001, 40.058952369533998 ], [ -74.994059447025194, 40.058962388576496 ], [ -74.994035251101394, 40.058970575539803 ], [ -74.994029369545999, 40.0589603109877 ], [ -74.993963746414394, 40.058982511426102 ], [ -74.993963234486102, 40.058981618354501 ] ] ] } },
{ "type": "Feature", "properties": { "aun": 226510232, "school_num": null, "location_id": null, "school_name": "ALPHA HOUSE NURSERY & KINDERGARTEN", "school_name_label": "ALPHA HOUSE NURSERY & KINDERGARTEN", "street_address": "9801 FRANKFORD AVE", "zip_code": "19114", "phone_number": "(215) 637-7700", "active": "O", "grade_level": "PRE-K/KINDERGARTEN", "grade_org": "PREK-K", "enrollment": null, "type": 3, "type_specific": "PRIVATE", "objectid": 295, "Shape__Area": 8099.4921875, "Shape__Length": 494.35723338400635 }, "geometry": { "type": "Polygon", "coordinates": [ [ [ -74.986053098482998, 40.060005389626802 ], [ -74.986083649713294, 40.060032759021396 ], [ -74.986085233676306, 40.0600341768859 ], [ -74.986090956056799, 40.060030405038901 ], [ -74.986101790771599, 40.060023263412504 ], [ -74.986102540901797, 40.060022768975699 ], [ -74.986188508256305, 40.060099781052699 ], [ -74.986363137702298, 40.060256217099102 ], [ -74.986365380616803, 40.060258227493101 ], [ -74.986392359642394, 40.060240446232697 ], [ -74.986403786607994, 40.0602360738377 ], [ -74.986414564186504, 40.060238430312303 ], [ -74.9864991434019, 40.0603141979418 ], [ -74.986514768087801, 40.060303899487302 ], [ -74.986516213367807, 40.060305195744597 ], [ -74.986580845046902, 40.060363094040298 ], [ -74.986546997412603, 40.060385401321398 ], [ -74.9865745424446, 40.060410075037097 ], [ -74.986650015703901, 40.0604776873761 ], [ -74.986676408769796, 40.060460292930799 ], [ -74.986684592429299, 40.0604548986339 ], [ -74.986900379667105, 40.060648204196298 ], [ -74.986884559178407, 40.060658630901997 ], [ -74.986933698497396, 40.0607026494013 ], [ -74.986882285928502, 40.060736535454701 ], [ -74.986928646270101, 40.060778065503598 ], [ -74.986925145713201, 40.060780371400199 ], [ -74.986872076207305, 40.060815348442397 ], [ -74.986872575453702, 40.060815795213998 ], [ -74.986920436421798, 40.060858667901599 ], [ -74.986862551229905, 40.060896819150798 ], [ -74.986858476672694, 40.060945028508002 ], [ -74.986855535417803, 40.060979809931901 ], [ -74.986855131300402, 40.060984584880799 ], [ -74.986802689678996, 40.061019148988599 ], [ -74.986794672207395, 40.061019742350098 ], [ -74.986780635339201, 40.061020782269601 ], [ -74.986764207929397, 40.0610142227602 ], [ -74.986716110406107, 40.061045923415797 ], [ -74.986538436153097, 40.0608867611029 ], [ -74.986558305680305, 40.060873665553203 ], [ -74.986173697831404, 40.0605291281571 ], [ -74.986213942879004, 40.060502604695102 ], [ -74.986136622934197, 40.060433340356802 ], [ -74.985995056997893, 40.060526644110503 ], [ -74.985971887807906, 40.060505888165999 ], [ -74.985952250304706, 40.060518829257099 ], [ -74.985930328447097, 40.060499191350701 ], [ -74.985949024606001, 40.060486868501201 ], [ -74.985717460739494, 40.060279426695303 ], [ -74.985726579846101, 40.060273416340003 ], [ -74.985689750972995, 40.0602404229505 ], [ -74.985848324176899, 40.060135911731102 ], [ -74.985838417641801, 40.060127036659701 ], [ -74.985837172640899, 40.060117516210703 ], [ -74.985841351961795, 40.060106323001698 ], [ -74.985852516542806, 40.060098965193397 ], [ -74.985868011714203, 40.060096990701801 ], [ -74.985887169622302, 40.060105673851403 ], [ -74.986047260636497, 40.060000159280698 ], [ -74.986053098482998, 40.060005389626802 ] ] ] } },
{ "type": "Feature", "properties": { "aun": 168513758, "school_num": 8145, "location_id": "3410", "school_name": "GUION S BLUFORD ELEMENTARY SCHOOL", "school_name_label": "GUION S BLUFORD ELEMENTARY SCHOOL", "street_address": "5720 MEDIA ST", "zip_code": "19131", "phone_number": "(215) 400-9170", "active": null, "grade_level": "ELEMENTARY/MIDDLE", "grade_org": "K-8", "enrollment": 477, "type": 1, "type_specific": "DISTRICT", "objectid": 296, "Shape__Area": 13076.953125, "Shape__Length": 544.10408613704408 }, "geometry": { "type": "Polygon", "coordinates": [ [ [ -75.236139071339494, 39.973257227424099 ], [ -75.236406459539893, 39.974686126859702 ], [ -75.235851991954505, 39.974747543230201 ], [ -75.235584615214805, 39.973318641380203 ], [ -75.236139071339494, 39.973257227424099 ] ] ] } },
{ "type": "Feature", "properties": { "aun": 126515001, "school_num": 3847, "location_id": "1010", "school_name": "BARTRAM, JOHN HIGH SCHOOL", "school_name_label": "JOHN BARTRAM HIGH SCHOOL", "street_address": "2401 S 67TH ST", "zip_code": "19142", "phone_number": "(215) 400-8100", "active": null, "grade_level": "HIGH SCHOOL", "grade_org": "9-12", "enrollment": 589, "type": 1, "type_specific": "DISTRICT", "objectid": 297, "Shape__Area": 13314.43359375, "Shape__Length": 932.43121863441036 }, "geometry": { "type": "Polygon", "coordinates": [ [ [ -75.233552838554203, 39.922544618394198 ], [ -75.233573731682199, 39.922529820788696 ], [ -75.233570529508199, 39.922527139877801 ], [ -75.233546500995701, 39.922507027143503 ], [ -75.233549275437696, 39.922505061915601 ], [ -75.234045558128798, 39.922153574901898 ], [ -75.233999795286806, 39.922115269533599 ], [ -75.233996319420299, 39.922117730696399 ], [ -75.233972619025906, 39.922134517669001 ], [ -75.233889302563298, 39.922064778012 ], [ -75.233891884734106, 39.922062948211803 ], [ -75.233916076253706, 39.922045815012901 ], [ -75.233913142157704, 39.922043360737803 ], [ -75.233870499355106, 39.922007666839299 ], [ -75.233838870901593, 39.922030066465197 ], [ -75.233835636083001, 39.9220273589413 ], [ -75.233430156894002, 39.922314533623101 ], [ -75.233432282186499, 39.922316313558703 ], [ -75.233370893225896, 39.922359791938703 ], [ -75.233367947776898, 39.922357328390397 ], [ -75.233196240695094, 39.922478936754999 ], [ -75.233176308331096, 39.922462252038599 ], [ -75.233172976601296, 39.922464611600397 ], [ -75.233059974173997, 39.922370022356397 ], [ -75.233062960411999, 39.922367907493303 ], [ -75.233063935336205, 39.922367215979499 ], [ -75.233060960163698, 39.922364725866998 ], [ -75.233042950314001, 39.922349649933302 ], [ -75.233045711235206, 39.922347694556798 ], [ -75.233215770434995, 39.922227253079903 ], [ -75.233213147145193, 39.9222250567611 ], [ -75.233211377919901, 39.922223576334098 ], [ -75.2332140997474, 39.922221649378102 ], [ -75.233272921523906, 39.922179989935699 ], [ -75.233275045429806, 39.922181767591503 ], [ -75.233606926855302, 39.921946719392402 ], [ -75.233606997505802, 39.921946668009298 ], [ -75.233682858749006, 39.921892940673601 ], [ -75.233711729397299, 39.921872492046198 ], [ -75.233663228757607, 39.921831893110301 ], [ -75.233637557597305, 39.921850076106303 ], [ -75.233637326270895, 39.921850239966602 ], [ -75.233555135552507, 39.921781442646399 ], [ -75.233558046630904, 39.9217793813078 ], [ -75.233579265425504, 39.921764354342002 ], [ -75.233576328555799, 39.921761896618101 ], [ -75.233540538767997, 39.921731938035997 ], [ -75.233534161433994, 39.921726599328103 ], [ -75.233504273877102, 39.921747767788801 ], [ -75.233501023424907, 39.921745048649399 ], [ -75.233095606054704, 39.922032179576703 ], [ -75.233097553969301, 39.922033811466001 ], [ -75.233044479347598, 39.922071400579497 ], [ -75.233036788467601, 39.922076847222002 ], [ -75.233016832122502, 39.922060142801797 ], [ -75.232993751959697, 39.922076488188097 ], [ -75.232887963416104, 39.921987936108401 ], [ -75.232890930100993, 39.921985835462003 ], [ -75.232910741678097, 39.921971803734102 ], [ -75.232907616146406, 39.921969187555703 ], [ -75.232875784832103, 39.921942543477499 ], [ -75.232878119120102, 39.921940890709898 ], [ -75.232937110597604, 39.921899111278698 ], [ -75.232940089963193, 39.921901605991998 ], [ -75.233386681550201, 39.921585315300803 ], [ -75.233385919659199, 39.921584678017801 ], [ -75.233382067733103, 39.921581453504402 ], [ -75.233385307842198, 39.921579157249099 ], [ -75.233406408026497, 39.921564212180897 ], [ -75.233383076562305, 39.9215446812035 ], [ -75.233387842752506, 39.921541305711401 ], [ -75.233385792655497, 39.921539589368201 ], [ -75.233382607490597, 39.9215369245915 ], [ -75.233427398881304, 39.921505201479 ], [ -75.233430751425203, 39.921508007329798 ], [ -75.233433841458805, 39.921510594558903 ], [ -75.233438585137705, 39.921507234338101 ], [ -75.233435514982403, 39.921504663312902 ], [ -75.233433037835695, 39.921502589588201 ], [ -75.233435759628094, 39.921500662626897 ], [ -75.233622564515798, 39.921368357101898 ], [ -75.233835840091004, 39.921546882357298 ], [ -75.233859002547007, 39.921530476671997 ], [ -75.233868135180003, 39.921538120429503 ], [ -75.233870811907494, 39.921536225130303 ], [ -75.233871700088898, 39.921536967669503 ], [ -75.233922435214694, 39.921579436689299 ], [ -75.233925919707204, 39.921582353540103 ], [ -75.233923025183401, 39.921584402862102 ], [ -75.233930636836604, 39.921590775495801 ], [ -75.233941542084693, 39.921583052233103 ], [ -75.234266857328706, 39.921855357774497 ], [ -75.234257282708697, 39.921864397560498 ], [ -75.234329629208304, 39.921924956140401 ], [ -75.234303343926797, 39.921943571801997 ], [ -75.234516269828006, 39.922121799721403 ], [ -75.234326413903105, 39.922256265231098 ], [ -75.234320222299502, 39.922251082687403 ], [ -75.234268923634502, 39.922287416137301 ], [ -75.234266873223405, 39.9222888690581 ], [ -75.234240991649102, 39.922267205521301 ], [ -75.234215699035801, 39.922285119895797 ], [ -75.234211102163002, 39.9222812720216 ], [ -75.233706149074607, 39.9226389012372 ], [ -75.2336768667017, 39.922614391253397 ], [ -75.233651449126796, 39.922632393993098 ], [ -75.233549451256096, 39.922547017291997 ], [ -75.233552838554203, 39.922544618394198 ] ] ] } },
{ "type": "Feature", "properties": { "aun": 126513450, "school_num": 7666, "location_id": "3331", "school_name": "FRANKLIN TOWNE CHARTER SCHOOL", "school_name_label": "FRANKLIN TOWNE CHARTER HIGH SCHOOL", "street_address": "5301 TACONY ST", "zip_code": "19137", "phone_number": "(215) 289-5000", "active": null, "grade_level": "HIGH SCHOOL", "grade_org": "9-12", "enrollment": 1292, "type": 2, "type_specific": "CHARTER", "objectid": 298, "Shape__Area": 4311.65234375, "Shape__Length": 359.60444953256274 }, "geometry": { "type": "Polygon", "coordinates": [ [ [ -75.064833489721494, 40.0079099628758 ], [ -75.064748567144804, 40.007669888963598 ], [ -75.064737755485297, 40.007639327178602 ], [ -75.064713595071495, 40.007571028258901 ], [ -75.064735404139796, 40.007566466609902 ], [ -75.0647602570304, 40.007561268829697 ], [ -75.065048774134695, 40.007500913645401 ], [ -75.065048920337006, 40.007500883275497 ], [ -75.065348659632903, 40.007438181277102 ], [ -75.065367982909294, 40.007492811842901 ], [ -75.065371546525995, 40.007492068466298 ], [ -75.065387017835107, 40.007488842963497 ], [ -75.065401416747804, 40.007529663614697 ], [ -75.065386737015203, 40.007532724042001 ], [ -75.065382408418003, 40.007533626360903 ], [ -75.0654064634669, 40.007601606168699 ], [ -75.065406732346602, 40.007602362576101 ], [ -75.065337664672697, 40.0076168108695 ], [ -75.065337322025897, 40.007616882824699 ], [ -75.065072024220001, 40.007672381125303 ], [ -75.065073047729399, 40.007675277142702 ], [ -75.065073141255198, 40.007675541759397 ], [ -75.065092083891599, 40.007729090102899 ], [ -75.065204749233303, 40.007705522507102 ], [ -75.065219344415198, 40.007746785905297 ], [ -75.065274352350698, 40.007735278561498 ], [ -75.065274523696701, 40.007735242021397 ], [ -75.065446391197398, 40.007699289519202 ], [ -75.065505259581599, 40.007865695795097 ], [ -75.065506649244597, 40.007869629813598 ], [ -75.065486718685406, 40.007873799654803 ], [ -75.065462710493705, 40.007878821368003 ], [ -75.064915508028307, 40.007993289440599 ], [ -75.064890216336593, 40.007998579488799 ], [ -75.064880304920095, 40.008000653227697 ], [ -75.064866587555898, 40.0080035232276 ], [ -75.064833489721494, 40.0079099628758 ] ] ] } },
{ "type": "Feature", "properties": { "aun": 226511652, "school_num": null, "location_id": null, "school_name": "FRIENDS SELECT SCHOOL", "school_name_label": "FRIENDS SELECT SCHOOL", "street_address": "1651 BENJAMIN FRANKLIN PKY", "zip_code": "19103", "phone_number": "(215) 561-5900", "active": "O", "grade_level": "ELEMENTARY/MIDDLE/HIGH", "grade_org": "PREK-12", "enrollment": null, "type": 3, "type_specific": "PRIVATE", "objectid": 299, "Shape__Area": 10937.69140625, "Shape__Length": 453.71746340943184 }, "geometry": { "type": "Polygon", "coordinates": [ [ [ -75.167525892495703, 39.956749106978002 ], [ -75.166128820911595, 39.956591882306903 ], [ -75.166232763650797, 39.956107565646199 ], [ -75.167626376530905, 39.956288841731798 ], [ -75.167527019189393, 39.956749228073498 ], [ -75.167525892495703, 39.956749106978002 ] ] ] } },
{ "type": "Feature", "properties": { "aun": 126515001, "school_num": 3805, "location_id": "2480", "school_name": "MARIAN ANDERSON NEIGHBORHOOD ACADEMY", "school_name_label": "MARIAN ANDERSON NEIGHBORHOOD ACADEMY", "street_address": "2000 CATHARINE ST", "zip_code": "19146", "phone_number": "(215) 400-7940", "active": null, "grade_level": "ELEMENTARY/MIDDLE", "grade_org": "K-8", "enrollment": 339, "type": 1, "type_specific": "DISTRICT", "objectid": 300, "Shape__Area": 7820.56640625, "Shape__Length": 472.49200631779678 }, "geometry": { "type": "Polygon", "coordinates": [ [ [ -75.177584955545797, 39.941881848314097 ], [ -75.177527130373605, 39.9421522247167 ], [ -75.175784487105304, 39.941939720282797 ], [ -75.175842330102697, 39.941668897878202 ], [ -75.177584955545797, 39.941881848314097 ] ] ] } },
{ "type": "Feature", "properties": { "aun": 226519422, "school_num": null, "location_id": null, "school_name": "BLESSED TRINITY REGIONAL CATHOLIC SCHOOL", "school_name_label": "BLESSED TRINITY REGIONAL CATHOLIC SCHOOL", "street_address": "3033 LEVICK ST", "zip_code": "19149", "phone_number": "(215) 338-9797", "active": "O", "grade_level": "ELEMENTARY/MIDDLE", "grade_org": "PREK-8", "enrollment": null, "type": 3, "type_specific": "ARCHDIOCESE", "objectid": 301, "Shape__Area": 5891.26171875, "Shape__Length": 677.20095310140869 }, "geometry": { "type": "Polygon", "coordinates": [ [ [ -75.060093905888294, 40.031038820740299 ], [ -75.060102608629194, 40.031029588374899 ], [ -75.060094407445604, 40.031025020584202 ], [ -75.060031894503297, 40.030990200804901 ], [ -75.060032451191503, 40.030989611269703 ], [ -75.060186566212096, 40.030826108503099 ], [ -75.060178376534907, 40.030821546618903 ], [ -75.060154115761307, 40.030808031497102 ], [ -75.060142925760204, 40.030814218643698 ], [ -75.060124821839594, 40.030817813282397 ], [ -75.060108058677301, 40.030817301269202 ], [ -75.060081032290398, 40.030810572681602 ], [ -75.060054973074102, 40.030838217981099 ], [ -75.060039995677599, 40.030829876024697 ], [ -75.060034849212798, 40.030833814692201 ], [ -75.059740434515902, 40.030669821032099 ], [ -75.059726442897997, 40.0306846623807 ], [ -75.059604391195805, 40.030616677876601 ], [ -75.059604944912493, 40.030616089399999 ], [ -75.0597687951377, 40.030442261749002 ], [ -75.059809977783402, 40.030398571744101 ], [ -75.060084930333304, 40.030106872966101 ], [ -75.060073109682406, 40.030100288777703 ], [ -75.060106866387102, 40.030064476710301 ], [ -75.060138133952904, 40.030081891922499 ], [ -75.060142089056399, 40.030077697833804 ], [ -75.060170578459903, 40.030093566873099 ], [ -75.060175888814499, 40.030087931315798 ], [ -75.0602557248979, 40.030132400362703 ], [ -75.060251197722806, 40.030137202778299 ], [ -75.060270525638799, 40.030147969048102 ], [ -75.060264828402694, 40.030154013408499 ], [ -75.060283636029496, 40.030164488166299 ], [ -75.060090348567698, 40.030369549946698 ], [ -75.060076557363999, 40.030384180904399 ], [ -75.060060401614393, 40.030401319951999 ], [ -75.059976303575596, 40.030490541592897 ], [ -75.0599511211405, 40.030476514892499 ], [ -75.059909868081306, 40.030520282138902 ], [ -75.059870154221102, 40.030498160413799 ], [ -75.0598549925475, 40.030514244843701 ], [ -75.059854428141094, 40.030514844334 ], [ -75.060161741189702, 40.030686022674701 ], [ -75.060169942336898, 40.030690590460601 ], [ -75.060168680511893, 40.030691929370001 ], [ -75.060168128307893, 40.030692516758201 ], [ -75.060176381082698, 40.030697112784203 ], [ -75.060184582187603, 40.030701681694403 ], [ -75.060158160524097, 40.030729712734001 ], [ -75.060157606855896, 40.030730300087903 ], [ -75.0601608179403, 40.030732088409501 ], [ -75.060167414947401, 40.0307357637571 ], [ -75.060176454268799, 40.0307484988789 ], [ -75.060181148673394, 40.030757998850099 ], [ -75.0601814846694, 40.030773402210599 ], [ -75.060180477525407, 40.030780847164102 ], [ -75.060177508978299, 40.030786765084997 ], [ -75.060177157335502, 40.030787467548798 ], [ -75.060205558206903, 40.030803286067098 ], [ -75.060357700815302, 40.030641876876203 ], [ -75.060349509729605, 40.0306373138447 ], [ -75.060305194077102, 40.030612629152202 ], [ -75.060304652570196, 40.030612983646002 ], [ -75.060251595373302, 40.030583430164597 ], [ -75.060252150547797, 40.030582841719301 ], [ -75.060309487227599, 40.0305220124269 ], [ -75.0603012889745, 40.030517445844602 ], [ -75.060262495257902, 40.030495838004498 ], [ -75.060263050476294, 40.030495248433901 ], [ -75.060369640317802, 40.030382166548399 ], [ -75.060360544209502, 40.0303785543244 ], [ -75.060360444679205, 40.030378514825202 ], [ -75.060394305412899, 40.030342591353502 ], [ -75.060401245017502, 40.030346457173501 ], [ -75.060412688389505, 40.0303343177738 ], [ -75.060410854280306, 40.030326362513399 ], [ -75.060438109214999, 40.0302974476377 ], [ -75.060449200671897, 40.030297182531697 ], [ -75.060454688355804, 40.0302913607687 ], [ -75.060625871044905, 40.030386711949802 ], [ -75.060612388839104, 40.030401016818303 ], [ -75.060582185228796, 40.030433058015198 ], [ -75.060560072321707, 40.0304565181223 ], [ -75.060559033007806, 40.030455939640497 ], [ -75.060535259634605, 40.030442697314903 ], [ -75.060481983971101, 40.030499217957903 ], [ -75.060489846750997, 40.030503598714098 ], [ -75.060488162777901, 40.030505386147503 ], [ -75.060476618409595, 40.030517633567797 ], [ -75.060466084998296, 40.030528808766 ], [ -75.060377090064904, 40.030623224295901 ], [ -75.060376533382595, 40.030623813832797 ], [ -75.060442766066103, 40.030660707347302 ], [ -75.060450223707804, 40.030652796240602 ], [ -75.060499013428597, 40.030679973422401 ], [ -75.060507214597706, 40.0306845411842 ], [ -75.060484463751706, 40.030708679018197 ], [ -75.060483907025102, 40.030709269680898 ], [ -75.060540037889695, 40.030740534932903 ], [ -75.060542902102, 40.030742129279801 ], [ -75.060548214674697, 40.030745089731198 ], [ -75.060526581935505, 40.030768039598698 ], [ -75.060437866600495, 40.030862159877401 ], [ -75.060220469949101, 40.031092797750297 ], [ -75.060151265237295, 40.031054249792 ], [ -75.060140499199704, 40.031065671807603 ], [ -75.060093350663905, 40.0310394103101 ], [ -75.060093905888294, 40.031038820740299 ] ] ] } },
{ "type": "Feature", "properties": { "aun": 326510170, "school_num": null, "location_id": null, "school_name": "BRIDGE WAY SCHOOL", "school_name_label": "BRIDGE WAY SCHOOL", "street_address": "7360 JACKSON ST", "zip_code": "19136", "phone_number": "(267) 437-2194", "active": "O", "grade_level": "UNGRADED", "grade_org": "9-12", "enrollment": null, "type": 3, "type_specific": "PRIVATE", "objectid": 302, "Shape__Area": 1081.41796875, "Shape__Length": 195.03883891906892 }, "geometry": { "type": "Polygon", "coordinates": [ [ [ -75.035226507127106, 40.033395531761997 ], [ -75.035165104993197, 40.033427655832398 ], [ -75.035131072305404, 40.033389227867701 ], [ -75.035097488280101, 40.0333513060773 ], [ -75.0353226906103, 40.033233455421602 ], [ -75.035322434069798, 40.0332331655259 ], [ -75.035314060528805, 40.033223709277102 ], [ -75.035335247263802, 40.033212622523301 ], [ -75.035343605424302, 40.033222060386002 ], [ -75.035343982499001, 40.033222487162298 ], [ -75.035469169358507, 40.033156975082299 ], [ -75.035469207217005, 40.033157017650801 ], [ -75.035536037684494, 40.033232479083097 ], [ -75.035618275413796, 40.033325335647902 ], [ -75.035618214045797, 40.033325367986897 ], [ -75.035557961150502, 40.033356899949098 ], [ -75.035518267920395, 40.033377672672103 ], [ -75.0354384821906, 40.033287585033797 ], [ -75.035351496204697, 40.033333106864397 ], [ -75.035417313093305, 40.033407424847802 ], [ -75.035405735707002, 40.033413483354003 ], [ -75.035421142523404, 40.033430885303503 ], [ -75.035398002965195, 40.0334429880333 ], [ -75.035376419696206, 40.033454279427403 ], [ -75.035357727729902, 40.033464058936303 ], [ -75.0353422899328, 40.033446625835303 ], [ -75.035330836688502, 40.033452620816 ], [ -75.0352968683505, 40.033414266508302 ], [ -75.035263258286804, 40.033376315432299 ], [ -75.035226507127106, 40.033395531761997 ] ] ] } },
{ "type": "Feature", "properties": { "aun": 226510732, "school_num": null, "location_id": null, "school_name": "CALVARY CHRISTIAN ACADEMY", "school_name_label": "CALVARY CHRISTIAN ACADEMY", "street_address": "13500 PHILMONT AVE", "zip_code": "19116", "phone_number": "(215) 969-1579", "active": "O", "grade_level": "ELEMENTARY/MIDDLE/HIGH", "grade_org": "PREK-12", "enrollment": null, "type": 3, "type_specific": "PRIVATE", "objectid": 303, "Shape__Area": 21603.28125, "Shape__Length": 836.66848097041577 }, "geometry": { "type": "Polygon", "coordinates": [ [ [ -75.016638446338504, 40.130227071582802 ], [ -75.016603133397595, 40.130161229191899 ], [ -75.016602488033598, 40.130160022210397 ], [ -75.016602660441393, 40.130159967739402 ], [ -75.016682283289896, 40.130134807016702 ], [ -75.016605149187498, 40.129990989188798 ], [ -75.016581615768104, 40.1299841596812 ], [ -75.016560141015503, 40.129944117819299 ], [ -75.016570139164997, 40.1299258984779 ], [ -75.016557593527196, 40.129902507428604 ], [ -75.016462286278298, 40.129932623892302 ], [ -75.016460367490495, 40.1299332304255 ], [ -75.016421744111398, 40.1298612159122 ], [ -75.016395592703404, 40.129812454418797 ], [ -75.016396040073303, 40.129812312999 ], [ -75.016445543349505, 40.129796669156001 ], [ -75.016492777005894, 40.129781744003601 ], [ -75.016479605088506, 40.129757183584204 ], [ -75.016456357512894, 40.129750327052903 ], [ -75.016434957905602, 40.129710426612696 ], [ -75.016445119586393, 40.129692554695403 ], [ -75.016392700971494, 40.129594813829499 ], [ -75.016375243247793, 40.1296003312059 ], [ -75.016362093274196, 40.129575810713497 ], [ -75.016361964919497, 40.129575573388699 ], [ -75.016378765670495, 40.129570264536603 ], [ -75.016379092665602, 40.129570160803198 ], [ -75.016367288182806, 40.129548151315802 ], [ -75.016365503217301, 40.129544822295998 ], [ -75.016368032837903, 40.129544023040602 ], [ -75.016540463390697, 40.129489533639898 ], [ -75.016628216820095, 40.129461803352697 ], [ -75.016636193576701, 40.129459283008998 ], [ -75.016621867198296, 40.129432568680997 ], [ -75.0166195391391, 40.129428225461901 ], [ -75.016819059236994, 40.129365175201599 ], [ -75.016820145546703, 40.129367200230199 ], [ -75.016963168211603, 40.129322002908999 ], [ -75.017019045507794, 40.1293043455155 ], [ -75.017022474285298, 40.129303262380503 ], [ -75.017023893550004, 40.1293059091619 ], [ -75.017038225696894, 40.129332629205699 ], [ -75.017079616493106, 40.129319548425897 ], [ -75.017374437335505, 40.129226381245999 ], [ -75.017386463141193, 40.129248803609499 ], [ -75.0173922398684, 40.129259576673498 ], [ -75.017728434237995, 40.129153332921803 ], [ -75.017817591469694, 40.129319568843798 ], [ -75.017651009350701, 40.129372211117698 ], [ -75.017658221878193, 40.129385659490801 ], [ -75.017723006758004, 40.129506448502397 ], [ -75.017889284510403, 40.129453901382902 ], [ -75.017893189010806, 40.129461181162199 ], [ -75.017903667367094, 40.129480719377497 ], [ -75.018364646009701, 40.129335038877798 ], [ -75.018446393241604, 40.129487450694498 ], [ -75.0184846656921, 40.129475355216002 ], [ -75.018525068044596, 40.129550679812503 ], [ -75.018533553882904, 40.129589841763099 ], [ -75.018505230384207, 40.129598792341497 ], [ -75.018567210997304, 40.129714350073399 ], [ -75.017957982956304, 40.129906881098499 ], [ -75.017961644565702, 40.129913707957002 ], [ -75.017848651303098, 40.1299494165875 ], [ -75.017765325298697, 40.129975749352496 ], [ -75.017749401555506, 40.129946059797803 ], [ -75.017743125205698, 40.129934355811301 ], [ -75.017710644450204, 40.1298737981624 ], [ -75.017638462512593, 40.129896608900701 ], [ -75.017670993597207, 40.129957263503698 ], [ -75.017242243778298, 40.130093803424401 ], [ -75.017241773835806, 40.130092903594203 ], [ -75.017240903313393, 40.130091239613499 ], [ -75.017205523727, 40.130102246700503 ], [ -75.017205051592995, 40.130101364839099 ], [ -75.017146652650297, 40.129992479263997 ], [ -75.017106376147495, 40.130005208111697 ], [ -75.0171732567905, 40.130129907123802 ], [ -75.017171330583096, 40.130130515745201 ], [ -75.016671393023898, 40.130288500004497 ], [ -75.016638446338504, 40.130227071582802 ] ] ] } },
{ "type": "Feature", "properties": { "aun": 126515001, "school_num": 3616, "location_id": "1440", "school_name": "PENROSE SCHOOL", "school_name_label": "PENROSE SCHOOL", "street_address": "2515 S 78TH ST", "zip_code": "19153", "phone_number": "(215) 400-8310", "active": null, "grade_level": "ELEMENTARY/MIDDLE", "grade_org": "K-8", "enrollment": 361, "type": 1, "type_specific": "DISTRICT", "objectid": 304, "Shape__Area": 35043.60546875, "Shape__Length": 809.85102726085154 }, "geometry": { "type": "Polygon", "coordinates": [ [ [ -75.247017415496202, 39.907311511386901 ], [ -75.247055586052994, 39.907267371721801 ], [ -75.247133467556495, 39.907181657776199 ], [ -75.247172631861503, 39.907139439739296 ], [ -75.247212567813705, 39.907095644905702 ], [ -75.247262773625906, 39.907039549340404 ], [ -75.247417011558497, 39.906870147743398 ], [ -75.247126919389402, 39.906710116610697 ], [ -75.247484252458904, 39.906317388069098 ], [ -75.248070385342999, 39.906634670796599 ], [ -75.248985054280098, 39.907129781954403 ], [ -75.247952902864199, 39.9082670835408 ], [ -75.246896214323797, 39.907692764565098 ], [ -75.247103250169701, 39.9074611684659 ], [ -75.2469568053301, 39.907379017133799 ], [ -75.246981130555497, 39.907352774120099 ], [ -75.247017415496202, 39.907311511386901 ] ] ] } },
{ "type": "Feature", "properties": { "aun": null, "school_num": null, "location_id": "3369", "school_name": "CHRISTOPHER COLUMBUS CHARTER SCHOOL (ANNEX)", "school_name_label": "CHRISTOPHER COLUMBUS CHARTER SCHOOL (SOUTH)", "street_address": "1242 S 13TH ST", "zip_code": "19147", "phone_number": "(215) 389-6000", "active": "O", "grade_level": "MIDDLE SCHOOL", "grade_org": "5-8", "enrollment": null, "type": 2, "type_specific": "CHARTER", "objectid": 305, "Shape__Area": 2076.5859375, "Shape__Length": 198.26209208972963 }, "geometry": { "type": "Polygon", "coordinates": [ [ [ -75.165631813382703, 39.934376503780697 ], [ -75.165640152223901, 39.934332345926101 ], [ -75.165625026913901, 39.934329780699201 ], [ -75.165634872746395, 39.9342872369619 ], [ -75.165439662862298, 39.934260511759398 ], [ -75.165448768599603, 39.934217080749498 ], [ -75.165458353185699, 39.934173176234303 ], [ -75.1654679240131, 39.934129094584002 ], [ -75.165497326266205, 39.933997445203701 ], [ -75.1655076810396, 39.933946481685801 ], [ -75.165720825185005, 39.933974594157696 ], [ -75.1658625798879, 39.933993505466198 ], [ -75.165860952482703, 39.934001060983903 ], [ -75.165851685381497, 39.934043779960099 ], [ -75.165850558434798, 39.934048639200803 ], [ -75.165823327879295, 39.9341760971841 ], [ -75.165813962360801, 39.934219748744901 ], [ -75.165804308801796, 39.934263780125399 ], [ -75.165794364935095, 39.934307789195898 ], [ -75.165784493862105, 39.934350960834898 ], [ -75.165776066271206, 39.9343952619869 ], [ -75.165631813382703, 39.934376503780697 ] ] ] } },
{ "type": "Feature", "properties": { "aun": 126516724, "school_num": null, "location_id": null, "school_name": "DEEP ROOTS CHARTER SCHOOL", "school_name_label": "DEEP ROOTS CHARTER SCHOOL", "street_address": "3556 FRANKFORD AVE", "zip_code": "19134", "phone_number": "(267) 399-3727", "active": "O", "grade_level": "ELEMENTARY SCHOOL", "grade_org": "K-5", "enrollment": 350, "type": 2, "type_specific": "CHARTER", "objectid": 306, "Shape__Area": 1923.61328125, "Shape__Length": 205.96488576001832 }, "geometry": { "type": "Polygon", "coordinates": [ [ [ -75.101792438517606, 39.998328462299703 ], [ -75.101797310026001, 39.998325926770796 ], [ -75.101774843886901, 39.998300435195503 ], [ -75.1017709887509, 39.998296060714402 ], [ -75.101813102715596, 39.998274106592902 ], [ -75.101631210540006, 39.998067712581197 ], [ -75.101625379520996, 39.998061095111602 ], [ -75.101691764886894, 39.998026489597201 ], [ -75.101688532404694, 39.998022822147902 ], [ -75.101750569279005, 39.9979904826181 ], [ -75.101754518431406, 39.997994961761897 ], [ -75.101820118896597, 39.997960764933197 ], [ -75.101822825535095, 39.997963834575501 ], [ -75.1020607739203, 39.998233838003202 ], [ -75.102061578151904, 39.998233418427098 ], [ -75.102102165749002, 39.998212260196901 ], [ -75.102103399804506, 39.998213661613399 ], [ -75.102158310183498, 39.998275968768198 ], [ -75.102133627589396, 39.998288834962501 ], [ -75.102158765353195, 39.998317359249299 ], [ -75.101942490981997, 39.998430076894401 ], [ -75.101902375735307, 39.998450984668899 ], [ -75.101899185833602, 39.998452645572002 ], [ -75.101792438517606, 39.998328462299703 ] ] ] } },
{ "type": "Feature", "properties": { "aun": 226517602, "school_num": null, "location_id": null, "school_name": "DEPAUL CATHOLIC SCHOOL", "school_name_label": "DEPAUL CATHOLIC SCHOOL", "street_address": "44 W LOGAN ST", "zip_code": "19144", "phone_number": "(215) 842-1266", "active": "O", "grade_level": "ELEMENTARY/MIDDLE", "grade_org": "PREK-8", "enrollment": null, "type": 3, "type_specific": "PRIVATE", "objectid": 307, "Shape__Area": 1772.796875, "Shape__Length": 194.54329364145889 }, "geometry": { "type": "Polygon", "coordinates": [ [ [ -75.162818021739497, 40.027102703842203 ], [ -75.162648412187394, 40.026983023490097 ], [ -75.162649504808698, 40.026982108798997 ], [ -75.1626520835446, 40.0269799492754 ], [ -75.162706182763301, 40.0269346374644 ], [ -75.162700567505397, 40.026930673760603 ], [ -75.162696490085906, 40.026927797763697 ], [ -75.162705744249294, 40.026920045791002 ], [ -75.162730501014195, 40.0268993125691 ], [ -75.162734679413305, 40.0268958116568 ], [ -75.162737525555499, 40.026897820842997 ], [ -75.162743695892601, 40.026902173224002 ], [ -75.162807354720798, 40.026848856105502 ], [ -75.1632363629504, 40.027151571760797 ], [ -75.163242577518702, 40.027155956645601 ], [ -75.163240357461603, 40.027157815663898 ], [ -75.163184468142106, 40.027204627007997 ], [ -75.163185833465903, 40.027205590312001 ], [ -75.1632088527181, 40.027221833773503 ], [ -75.163161438073203, 40.027261546792197 ], [ -75.163138639914393, 40.027245460347601 ], [ -75.163138093483497, 40.027245075244302 ], [ -75.163085044610696, 40.0272895065238 ], [ -75.163083998868601, 40.027290382855597 ], [ -75.162818065958405, 40.027102735247702 ], [ -75.162818021739497, 40.027102703842203 ] ] ] } },
{ "type": "Feature", "properties": { "aun": null, "school_num": null, "location_id": "3290", "school_name": "EXCEL ACADEMY SOUTH", "school_name_label": "EXCEL ACADEMY SOUTH", "street_address": "4641 ROOSEVELT BLVD", "zip_code": "19124", "phone_number": "(215) 904-6254", "active": null, "grade_level": "HIGH SCHOOL", "grade_org": "9-12", "enrollment": 209, "type": 1, "type_specific": "CONTRACTED", "objectid": 308, "Shape__Area": 374.875, "Shape__Length": 87.951410401462169 }, "geometry": { "type": "Polygon", "coordinates": [ [ [ -75.103031349910097, 40.0263121555829 ], [ -75.103019982775805, 40.026322669925598 ], [ -75.103016851721094, 40.026325568911098 ], [ -75.1030280985388, 40.026332752580998 ], [ -75.102998552086703, 40.026360084649703 ], [ -75.103004229758497, 40.026363712651403 ], [ -75.102974253072603, 40.026391444767498 ], [ -75.102963565219696, 40.0264013327768 ], [ -75.102939002308901, 40.026424057164803 ], [ -75.102930262745403, 40.026418474297799 ], [ -75.1029028166449, 40.026443864601497 ], [ -75.102889490036304, 40.026435351259799 ], [ -75.102870366797106, 40.0264530426101 ], [ -75.102808642541802, 40.026413609733297 ], [ -75.102827279397403, 40.026396368960498 ], [ -75.102813578307305, 40.026387616087803 ], [ -75.102841971389793, 40.0263613477278 ], [ -75.102837199963204, 40.026358299248102 ], [ -75.102903702556702, 40.026296776800898 ], [ -75.1029094316834, 40.026300437529798 ], [ -75.102938572408206, 40.026273479070397 ], [ -75.102947381964796, 40.026279107475901 ], [ -75.102971680344893, 40.026256628152602 ], [ -75.103042480009805, 40.026301858781203 ], [ -75.103031349910097, 40.0263121555829 ] ] ] } },
{ "type": "Feature", "properties": { "aun": 226511802, "school_num": null, "location_id": null, "school_name": "GESU SCHOOL", "school_name_label": "GESU SCHOOL", "street_address": "1700 W THOMPSON ST", "zip_code": "19121", "phone_number": "(215) 763-3660", "active": "O", "grade_level": "ELEMENTARY/MIDDLE", "grade_org": "PREK-8", "enrollment": null, "type": 3, "type_specific": "PRIVATE", "objectid": 309, "Shape__Area": 1884.2109375, "Shape__Length": 215.99475815376559 }, "geometry": { "type": "Polygon", "coordinates": [ [ [ -75.164684680809302, 39.973723127045098 ], [ -75.164714672993597, 39.973727314467901 ], [ -75.164714493665997, 39.973728179907901 ], [ -75.164721330999896, 39.973728999575002 ], [ -75.164735951529806, 39.973730749193003 ], [ -75.164729463276203, 39.9737576042046 ], [ -75.164727569544993, 39.973765436417203 ], [ -75.164753831881995, 39.973768544175599 ], [ -75.164756683837496, 39.973768882111301 ], [ -75.164734619089501, 39.973877450706397 ], [ -75.164731202073298, 39.973894266641302 ], [ -75.163984429702396, 39.973798580753801 ], [ -75.163986571366095, 39.973788660403102 ], [ -75.164017455208395, 39.973645575652597 ], [ -75.164682976964002, 39.9737317778281 ], [ -75.164684680809302, 39.973723127045098 ] ] ] } },
{ "type": "Feature", "properties": { "aun": 126515001, "school_num": 3843, "location_id": "6050", "school_name": "GIRLS, PHILA HIGH SCHOOL FOR", "school_name_label": "PHILADELPHIA HIGH SCHOOL FOR GIRLS", "street_address": "1400 W OLNEY AVE", "zip_code": "19141", "phone_number": "(215) 400-3700", "active": null, "grade_level": "HIGH SCHOOL", "grade_org": "9-12", "enrollment": 596, "type": 1, "type_specific": "DISTRICT", "objectid": 310, "Shape__Area": 13677.06640625, "Shape__Length": 882.16710985097779 }, "geometry": { "type": "Polygon", "coordinates": [ [ [ -75.145452116306004, 40.0388752988787 ], [ -75.145107014238803, 40.038831935607497 ], [ -75.145116535227302, 40.0387871726466 ], [ -75.145077385299203, 40.038782253837901 ], [ -75.145135144450904, 40.038510690042301 ], [ -75.145174215472196, 40.038515599161499 ], [ -75.145179162777794, 40.038492338916598 ], [ -75.145182618910098, 40.038476089699202 ], [ -75.1451847736556, 40.038465953667902 ], [ -75.145241208061904, 40.038473045056101 ], [ -75.145241521107195, 40.038471569978498 ], [ -75.145275939245906, 40.0383097480508 ], [ -75.145228302567205, 40.038303762840897 ], [ -75.145217552352193, 40.038302411921499 ], [ -75.145230043192797, 40.038243680675301 ], [ -75.145256676620704, 40.038118457315399 ], [ -75.145266576661399, 40.038119701102602 ], [ -75.145268311959796, 40.038119919532399 ], [ -75.145281031494207, 40.038060114497497 ], [ -75.145551722709399, 40.038094128044698 ], [ -75.145869990952306, 40.038134120055702 ], [ -75.146223648364199, 40.038178558047697 ], [ -75.146382297241502, 40.038198492106197 ], [ -75.146369619965597, 40.038258098848701 ], [ -75.146389195535093, 40.0382605586138 ], [ -75.146474369124505, 40.038271260692802 ], [ -75.146687969677501, 40.038298098295698 ], [ -75.146700455496898, 40.038239388203898 ], [ -75.146971643915805, 40.0382734614508 ], [ -75.146970496009601, 40.038278862947998 ], [ -75.146958832911096, 40.038333702686799 ], [ -75.146969389229199, 40.0383350287753 ], [ -75.1469663588435, 40.038349281792101 ], [ -75.146937311864207, 40.0384858599298 ], [ -75.146933789767004, 40.038502426430803 ], [ -75.146930096172696, 40.038519796583302 ], [ -75.146921104541505, 40.038518667009498 ], [ -75.146906379032202, 40.038587904323499 ], [ -75.146942304731795, 40.038592418314302 ], [ -75.146967659480197, 40.038595604748998 ], [ -75.146971364912304, 40.038596070530303 ], [ -75.146966292725097, 40.038619928312002 ], [ -75.146924126791603, 40.038818199229198 ], [ -75.146918931797899, 40.038842621868 ], [ -75.146785789244404, 40.038825893138899 ], [ -75.146740463434796, 40.038820198584801 ], [ -75.146739462099703, 40.038824910743898 ], [ -75.146736565183105, 40.038824911536899 ], [ -75.146731339448294, 40.038849484392699 ], [ -75.146720615339902, 40.038848137587202 ], [ -75.1467202492951, 40.0388480921238 ], [ -75.146719595747399, 40.038851072072703 ], [ -75.146719538451606, 40.038851343332396 ], [ -75.146717300177301, 40.038861867184799 ], [ -75.146631794727597, 40.038851125120303 ], [ -75.146632824243696, 40.038846289710598 ], [ -75.146634694286305, 40.038837496479601 ], [ -75.1466290508002, 40.038836787410503 ], [ -75.146628697888602, 40.038836743370901 ], [ -75.146622777361102, 40.038835998739003 ], [ -75.146623865853499, 40.038830886476497 ], [ -75.146623923106404, 40.038830616342203 ], [ -75.1466290165381, 40.038806666699799 ], [ -75.146623224285804, 40.038805939616999 ], [ -75.146622871374305, 40.038805895577298 ], [ -75.146580637140602, 40.038800588640697 ], [ -75.146453304440101, 40.038784590385298 ], [ -75.146463616517707, 40.038736103783698 ], [ -75.146414578039298, 40.038729943137298 ], [ -75.146420710588202, 40.038701100871997 ], [ -75.146405998178395, 40.038699252542401 ], [ -75.146425866262405, 40.0386058313685 ], [ -75.146443785374203, 40.038608082381003 ], [ -75.146449874862398, 40.038579445246597 ], [ -75.146497602222794, 40.038585442135002 ], [ -75.146507828293906, 40.038537362418097 ], [ -75.146576210385405, 40.038545954975902 ], [ -75.146591188669007, 40.038475522818302 ], [ -75.146235594367297, 40.038430842740901 ], [ -75.146215117535306, 40.038428270165198 ], [ -75.146208761939405, 40.038458150294602 ], [ -75.146180306222504, 40.038591956404197 ], [ -75.146171568339696, 40.0385908584283 ], [ -75.1458943185321, 40.038556021934099 ], [ -75.145889636062904, 40.038555433728199 ], [ -75.145924326611606, 40.038392315844497 ], [ -75.145542445256098, 40.038344331189101 ], [ -75.145507552360698, 40.0385083837023 ], [ -75.145564100597198, 40.038515488774202 ], [ -75.145634270431501, 40.038592455726302 ], [ -75.145656039269497, 40.038595191726301 ], [ -75.145645622893895, 40.038644166959102 ], [ -75.145663110325302, 40.038646364381101 ], [ -75.145633238021105, 40.038786812559998 ], [ -75.145615754946604, 40.038784615233098 ], [ -75.145605522518494, 40.0388327285293 ], [ -75.145583246113901, 40.038829929203899 ], [ -75.145493778847396, 40.038880534701498 ], [ -75.145452116306004, 40.0388752988787 ] ] ] } },
{ "type": "Feature", "properties": { "aun": null, "school_num": null, "location_id": "6955", "school_name": "HIGH ROAD SCHOOL OF PHILADELPHIA- GERMANTOWN", "school_name_label": "HIGH ROAD SCHOOL OF PHILADELPHIA- GERMANTOWN", "street_address": "5612 GREENE ST", "zip_code": "19144", "phone_number": "(267) 270-4665", "active": "O", "grade_level": "MIDDLE/HIGH", "grade_org": "6-12", "enrollment": null, "type": 3, "type_specific": "PRIVATE", "objectid": 311, "Shape__Area": 3223.0390625, "Shape__Length": 240.68054654089013 }, "geometry": { "type": "Polygon", "coordinates": [ [ [ -75.176238872670496, 40.0338197114678 ], [ -75.176155071454303, 40.033767886019099 ], [ -75.176156314202103, 40.033766642318298 ], [ -75.176159428796197, 40.033763522539701 ], [ -75.176152053590101, 40.033759415342203 ], [ -75.176317344903694, 40.033597430374101 ], [ -75.176306168068805, 40.0335906836333 ], [ -75.176299909991698, 40.033586906695497 ], [ -75.176303543147199, 40.0335831712054 ], [ -75.176349369955801, 40.033536053761097 ], [ -75.176349464474299, 40.033535956767999 ], [ -75.176364822497604, 40.033545263713002 ], [ -75.176374295385401, 40.033551004806299 ], [ -75.176524082337593, 40.033404950012198 ], [ -75.176856767741498, 40.033609145125702 ], [ -75.1767412191425, 40.033722084971501 ], [ -75.176736317651304, 40.033720320674597 ], [ -75.1767383301476, 40.0337300752741 ], [ -75.176735520521206, 40.033735238183198 ], [ -75.176729971823704, 40.033740650572099 ], [ -75.176721565944803, 40.0337431675216 ], [ -75.176710329405395, 40.033741780493799 ], [ -75.1767179175107, 40.0337463789702 ], [ -75.176656980871698, 40.033806392727698 ], [ -75.176642175352299, 40.033797891092199 ], [ -75.176638204774605, 40.033795610421599 ], [ -75.176636549650894, 40.033797258226301 ], [ -75.1764793861051, 40.033953636775202 ], [ -75.176432344460693, 40.033960418111803 ], [ -75.176270987770906, 40.033855563776299 ], [ -75.176250625516502, 40.033842332280798 ], [ -75.176259676636803, 40.033832576692198 ], [ -75.176252199414407, 40.033827952513199 ], [ -75.176238872670496, 40.0338197114678 ] ] ] } },
{ "type": "Feature", "properties": { "aun": 126515001, "school_num": 3727, "location_id": "6390", "school_name": "STEEL, EDWARD SCHOOL", "school_name_label": "EDWARD T. STEEL SCHOOL", "street_address": "4301 WAYNE AVE", "zip_code": "19140", "phone_number": "(215) 400-3910", "active": null, "grade_level": "ELEMENTARY/MIDDLE", "grade_org": "K-8", "enrollment": 363, "type": 1, "type_specific": "DISTRICT", "objectid": 312, "Shape__Area": 22617.140625, "Shape__Length": 681.91617908053865 }, "geometry": { "type": "Polygon", "coordinates": [ [ [ -75.1559430230689, 40.019244198617997 ], [ -75.155858550187602, 40.019111994220502 ], [ -75.156273774890593, 40.018920000198598 ], [ -75.156204715711795, 40.0188317095134 ], [ -75.156050531127704, 40.018634587922499 ], [ -75.156050873601799, 40.018634442486203 ], [ -75.157283043758298, 40.018111985032803 ], [ -75.157885055116196, 40.018887103191098 ], [ -75.156491689691904, 40.019455697689899 ], [ -75.156261637391907, 40.019161509382201 ], [ -75.156224516587997, 40.019114041016898 ], [ -75.1559430230689, 40.019244198617997 ] ] ] } },
{ "type": "Feature", "properties": { "aun": 114514135, "school_num": 8083, "location_id": "3399", "school_name": "SANKOFA FREEDOM ACADEMY", "school_name_label": "SANKOFA FREEDOM ACADEMY CHARTER SCHOOL", "street_address": "2501 KENSINGTON AVE", "zip_code": "19125", "phone_number": "(215) 288-2001", "active": null, "grade_level": "ELEMENTARY/MIDDLE/HIGH", "grade_org": "K-12", "enrollment": 674, "type": 2, "type_specific": "CHARTER", "objectid": 313, "Shape__Area": 20728.1328125, "Shape__Length": 577.92633524990788 }, "geometry": { "type": "Polygon", "coordinates": [ [ [ -75.127719793149495, 39.987158472635201 ], [ -75.128701898248707, 39.986643778433198 ], [ -75.129485711236498, 39.987526687089002 ], [ -75.128517069655302, 39.988056721387302 ], [ -75.127719793149495, 39.987158472635201 ] ] ] } },
{ "type": "Feature", "properties": { "aun": 326514508, "school_num": null, "location_id": null, "school_name": "CB COMMUNITY SCHOOLS", "school_name_label": "CB COMMUNITY SCHOOLS", "street_address": "4101 FREELAND AVE", "zip_code": "19128", "phone_number": "(267) 766-3130", "active": null, "grade_level": "HIGH SCHOOL", "grade_org": "9-12", "enrollment": null, "type": 3, "type_specific": "PRIVATE", "objectid": 314, "Shape__Area": 9178.6015625, "Shape__Length": 435.54225116376637 }, "geometry": { "type": "Polygon", "coordinates": [ [ [ -75.211912766638605, 40.025842947017601 ], [ -75.212515141569099, 40.0266422806219 ], [ -75.212065489837002, 40.0268425488768 ], [ -75.211762105364002, 40.026866986945301 ], [ -75.211448656068498, 40.026451044037898 ], [ -75.211532396387696, 40.026413800679499 ], [ -75.211609637606202, 40.026379346364699 ], [ -75.2116555532196, 40.026358982770397 ], [ -75.211700998272306, 40.0263387439078 ], [ -75.211750176767097, 40.0263168418577 ], [ -75.211791061673097, 40.026298628531002 ], [ -75.211841371169598, 40.026276136507903 ], [ -75.211608894016507, 40.025987337453998 ], [ -75.211912766638605, 40.025842947017601 ] ] ] } },
{ "type": "Feature", "properties": { "aun": 126515001, "school_num": 4727, "location_id": "8420", "school_name": "DECATUR, STEPHEN SCHOOL", "school_name_label": "STEPHEN DECATUR SCHOOL", "street_address": "3500 ACADEMY RD", "zip_code": "19154", "phone_number": "(215) 400-3050", "active": null, "grade_level": "ELEMENTARY/MIDDLE", "grade_org": "K-8", "enrollment": 1029, "type": 1, "type_specific": "DISTRICT", "objectid": 315, "Shape__Area": 214018.55859375, "Shape__Length": 1894.3496828555462 }, "geometry": { "type": "Polygon", "coordinates": [ [ [ -74.973473234353193, 40.0933142576366 ], [ -74.974513031693306, 40.092669418923002 ], [ -74.975916220454806, 40.093814842208801 ], [ -74.975917959365503, 40.093908586348 ], [ -74.975928074932796, 40.094002017903499 ], [ -74.975946520680296, 40.094094696479701 ], [ -74.975973206084703, 40.094186182868597 ], [ -74.976008008019207, 40.094276046084602 ], [ -74.976168351762595, 40.094688658300001 ], [ -74.972803662971501, 40.096769033528901 ], [ -74.972619315586201, 40.096750244826602 ], [ -74.972436119705407, 40.096725689768903 ], [ -74.972254383098999, 40.0966954107137 ], [ -74.972074408862696, 40.096659456665499 ], [ -74.971896496653102, 40.096617888937701 ], [ -74.971720942916903, 40.096570775525798 ], [ -74.971548040707304, 40.096518195608198 ], [ -74.971378079774595, 40.0964602372961 ], [ -74.9712113421716, 40.096396997526902 ], [ -74.971040027012407, 40.096324932369697 ], [ -74.970872573100493, 40.096247696919498 ], [ -74.970709248185301, 40.0961654148051 ], [ -74.970550306595001, 40.096078214963804 ], [ -74.970396002238004, 40.095986236460703 ], [ -74.970246575647295, 40.095889622543901 ], [ -74.9701022654707, 40.095788526553598 ], [ -74.969963296888196, 40.095683108263103 ], [ -74.969829891867704, 40.095573534126302 ], [ -74.970150907503395, 40.095374479272401 ], [ -74.970270911285397, 40.095300067089703 ], [ -74.970467639890401, 40.095178079525802 ], [ -74.970522258649893, 40.095144210000399 ], [ -74.970570990295201, 40.095113992739698 ], [ -74.970622061963795, 40.095082323870699 ], [ -74.970673351796606, 40.095050519462703 ], [ -74.970723449775093, 40.095019453252903 ], [ -74.970772056359294, 40.094989312857301 ], [ -74.970823619902902, 40.094957339294297 ], [ -74.970876259340599, 40.094924699022599 ], [ -74.971130265993494, 40.094767189546999 ], [ -74.971335906212403, 40.094639670549597 ], [ -74.971366714638805, 40.0946205658081 ], [ -74.9715773439072, 40.094489953553797 ], [ -74.971628402638203, 40.094458290704601 ], [ -74.971677307910298, 40.094427963433901 ], [ -74.971727648683498, 40.094396747241198 ], [ -74.971784102011299, 40.094361739956803 ], [ -74.9718366517764, 40.094329153416098 ], [ -74.971886122643198, 40.094298475923097 ], [ -74.972071711379598, 40.094183389038498 ], [ -74.972237589503294, 40.094080525023401 ], [ -74.972292809913995, 40.0940462806497 ], [ -74.972342208152298, 40.094015647394698 ], [ -74.972390166238696, 40.0939859074225 ], [ -74.972447970195105, 40.093950061804897 ], [ -74.972497056761796, 40.093919622570098 ], [ -74.972551622297402, 40.093885784631098 ], [ -74.9726829985959, 40.093804313504997 ], [ -74.972704627008198, 40.093790901021102 ], [ -74.9730073245574, 40.093603187619799 ], [ -74.973422427188495, 40.093345765149699 ], [ -74.973473234353193, 40.0933142576366 ] ] ] } },
{ "type": "Feature", "properties": { "aun": 126513380, "school_num": 7639, "location_id": "3337", "school_name": "GLOBAL LEADERSHIP ACADEMY", "school_name_label": "GLOBAL LEADERSHIP ACADEMY CHARTER SCHOOL", "street_address": "4601 W GIRARD AVE", "zip_code": "19131", "phone_number": "(215) 477-6672", "active": null, "grade_level": "ELEMENTARY/MIDDLE", "grade_org": "K-8", "enrollment": 691, "type": 2, "type_specific": "CHARTER", "objectid": 316, "Shape__Area": 16207.38671875, "Shape__Length": 532.06463909134266 }, "geometry": { "type": "Polygon", "coordinates": [ [ [ -75.216020745123302, 39.972946397479099 ], [ -75.216103132362505, 39.973385955473603 ], [ -75.216056254455907, 39.9739039991141 ], [ -75.215608030431994, 39.973773434125803 ], [ -75.215156840906602, 39.973649064923201 ], [ -75.214599239341496, 39.973499682649603 ], [ -75.214576349058206, 39.973106643436601 ], [ -75.216020745123302, 39.972946397479099 ] ] ] } },
{ "type": "Feature", "properties": { "aun": 226511002, "school_num": null, "location_id": null, "school_name": "SPRINGSIDE CHESTNUT HILL ACADEMY", "school_name_label": "SPRINGSIDE CHESTNUT HILL ACADEMY", "street_address": "500 W WILLOW GROVE AVE", "zip_code": "19118", "phone_number": "(215) 247-4700", "active": "O", "grade_level": "ELEMENTARY/MIDDLE/HIGH", "grade_org": "PREK-12", "enrollment": null, "type": 3, "type_specific": "PRIVATE", "objectid": 317, "Shape__Area": 285960.6328125, "Shape__Length": 3955.4996134809744 }, "geometry": { "type": "MultiPolygon", "coordinates": [ [ [ [ -75.211921130995805, 40.059693802945802 ], [ -75.212510307303106, 40.0592791990736 ], [ -75.212913598514504, 40.058637356771698 ], [ -75.213614924869603, 40.058598710176497 ], [ -75.213682438750098, 40.058594989409997 ], [ -75.213693108644705, 40.0586008392902 ], [ -75.214563945353902, 40.059078287835099 ], [ -75.214604945111404, 40.0591007658359 ], [ -75.2145730303953, 40.059132233956198 ], [ -75.214324968211102, 40.059365472322398 ], [ -75.214152385693197, 40.059634464210902 ], [ -75.2144844565764, 40.0595270652639 ], [ -75.214752801366998, 40.059516671859399 ], [ -75.214957379881994, 40.059565834692201 ], [ -75.215362175340005, 40.0596631136032 ], [ -75.216029100674405, 40.059722231880599 ], [ -75.216191838157599, 40.059701407144502 ], [ -75.216447404887504, 40.059668729010902 ], [ -75.216558014031904, 40.059607480957503 ], [ -75.216671717962399, 40.059544521568 ], [ -75.216809991443, 40.059445171897103 ], [ -75.216863978210199, 40.059406378154002 ], [ -75.216884066251794, 40.059559686442597 ], [ -75.216868093412899, 40.059696392837097 ], [ -75.216798921778206, 40.059965709770601 ], [ -75.216743730584696, 40.060096249119198 ], [ -75.216563589268802, 40.060333308635499 ], [ -75.215907755409802, 40.060799174536797 ], [ -75.215767254194205, 40.060883930847297 ], [ -75.214961456834601, 40.061179939017798 ], [ -75.214803565910501, 40.061244131556798 ], [ -75.214660159296798, 40.061325969673497 ], [ -75.214517627756507, 40.061408699769899 ], [ -75.214058028511602, 40.061829077397803 ], [ -75.213775797939505, 40.0621477839221 ], [ -75.210997423352893, 40.060518220624601 ], [ -75.2110621197981, 40.060474696040998 ], [ -75.2111312542429, 40.060435405071203 ], [ -75.211204356516205, 40.060400613248802 ], [ -75.211280932690698, 40.060370555174899 ], [ -75.211360466547305, 40.060345434550101 ], [ -75.211442416687802, 40.060325422985002 ], [ -75.2114911691976, 40.060314351264402 ], [ -75.210880891390602, 40.059954243288999 ], [ -75.211921130995805, 40.059693802945802 ] ] ], [ [ [ -75.207185634239394, 40.062268535925902 ], [ -75.209591819076394, 40.059898502833697 ], [ -75.210057588836904, 40.0601893036146 ], [ -75.208969209520205, 40.060781535862901 ], [ -75.210035265140903, 40.061416556395599 ], [ -75.208603708524095, 40.0628354285952 ], [ -75.208362956359906, 40.063074040022002 ], [ -75.206655506578201, 40.064766247330901 ], [ -75.206236646985701, 40.064517368093298 ], [ -75.205829609436094, 40.064274268766702 ], [ -75.205406077655297, 40.064021970609801 ], [ -75.207185634239394, 40.062268535925902 ] ] ] ] } },
{ "type": "Feature", "properties": { "aun": 126515001, "school_num": 5123, "location_id": "5470", "school_name": "CRAMP, WILLIAM SCHOOL", "school_name_label": "WILLIAM CRAMP SCHOOL", "street_address": "3449 N MASCHER ST", "zip_code": "19140", "phone_number": "(215) 400-3860", "active": null, "grade_level": "ELEMENTARY SCHOOL", "grade_org": "K-5", "enrollment": 341, "type": 1, "type_specific": "DISTRICT", "objectid": 318, "Shape__Area": 17091.3515625, "Shape__Length": 570.27758517586847 }, "geometry": { "type": "Polygon", "coordinates": [ [ [ -75.130495479056705, 40.0019477753928 ], [ -75.130205738018603, 40.003302128399802 ], [ -75.129446208919205, 40.003206024293 ], [ -75.129735964650095, 40.0018516743229 ], [ -75.130495479056705, 40.0019477753928 ] ] ] } },
{ "type": "Feature", "properties": { "aun": 126515001, "school_num": 3745, "location_id": "7470", "school_name": "BRIDESBURG SCHOOL", "school_name_label": "BRIDESBURG SCHOOL", "street_address": "2824 JENKS ST", "zip_code": "19137", "phone_number": "(215) 400-7240", "active": null, "grade_level": "ELEMENTARY/MIDDLE", "grade_org": "K-8", "enrollment": 525, "type": 1, "type_specific": "DISTRICT", "objectid": 319, "Shape__Area": 8925.4765625, "Shape__Length": 622.40091489620499 }, "geometry": { "type": "Polygon", "coordinates": [ [ [ -75.066082381738198, 39.999036237038297 ], [ -75.066200603809506, 39.998974527965899 ], [ -75.067389066066696, 40.000352755174099 ], [ -75.067269433778193, 40.000412539221202 ], [ -75.066849717691596, 40.000621163180803 ], [ -75.066551919708203, 40.000277262104603 ], [ -75.066398184193702, 40.000099615645901 ], [ -75.066523680125897, 40.000034951879996 ], [ -75.0665747616234, 40.000009165323597 ], [ -75.066815457138105, 39.999886249710201 ], [ -75.066717552191193, 39.999772870285099 ], [ -75.066675073908499, 39.999724455357402 ], [ -75.066636824017706, 39.999679144239103 ], [ -75.066595575272899, 39.999631971052203 ], [ -75.066555995155298, 39.999585414650802 ], [ -75.066466698618598, 39.9994826500511 ], [ -75.066432615698602, 39.999444298853703 ], [ -75.066304118863997, 39.999295167866897 ], [ -75.066207465850596, 39.999183873868397 ], [ -75.066182516968794, 39.999153308296997 ], [ -75.066120294161607, 39.9990839541436 ], [ -75.066092912673, 39.999050503520202 ], [ -75.066082381738198, 39.999036237038297 ] ] ] } },
{ "type": "Feature", "properties": { "aun": 126513250, "school_num": 7584, "location_id": "3329", "school_name": "YOUNG SCHOLARS CHARTER SCHOOL", "school_name_label": "YOUNG SCHOLARS CHARTER SCHOOL", "street_address": "900 N MARSHALL ST", "zip_code": "19123", "phone_number": "(215) 232-9727", "active": null, "grade_level": "MIDDLE SCHOOL", "grade_org": "6-8", "enrollment": 268, "type": 2, "type_specific": "CHARTER", "objectid": 320, "Shape__Area": 4386.7265625, "Shape__Length": 293.22689733565767 }, "geometry": { "type": "Polygon", "coordinates": [ [ [ -75.148187159927105, 39.968038452492799 ], [ -75.148192290664099, 39.968010853435203 ], [ -75.148171251422895, 39.968008536022602 ], [ -75.1481793324146, 39.967965056922502 ], [ -75.148187413395902, 39.967921577821897 ], [ -75.148195494410004, 39.967878097595303 ], [ -75.147907949906099, 39.967846454294097 ], [ -75.147979425830698, 39.967466785698598 ], [ -75.148581561895995, 39.967616233046201 ], [ -75.148490820838006, 39.968098242327002 ], [ -75.148296624674799, 39.968076598142602 ], [ -75.148301408122094, 39.968051186318299 ], [ -75.148187159927105, 39.968038452492799 ] ] ] } },
{ "type": "Feature", "properties": { "aun": 126512960, "school_num": 7540, "location_id": "3313", "school_name": "PREPARATORY CHARTER SCHOOL", "school_name_label": "PREPARATORY CHARTER SCHOOL OF MATHEMATICS, SCIENCE, TECHNOLOGY AND CAREERS", "street_address": "1928 POINT BREEZE AVE", "zip_code": "19145", "phone_number": "(215) 334-6144", "active": null, "grade_level": "HIGH SCHOOL", "grade_org": "9-12", "enrollment": 591, "type": 2, "type_specific": "CHARTER", "objectid": 321, "Shape__Area": 23886.62890625, "Shape__Length": 608.79347456507469 }, "geometry": { "type": "Polygon", "coordinates": [ [ [ -75.187153187849404, 39.929075163095902 ], [ -75.186576132584406, 39.928998411813303 ], [ -75.186365990728206, 39.928881226444602 ], [ -75.186301670887801, 39.928845357545597 ], [ -75.185870727212404, 39.928605039102699 ], [ -75.185861069013498, 39.928599652472698 ], [ -75.185693847737099, 39.928506400153303 ], [ -75.185747273307598, 39.928268333772799 ], [ -75.185899308732502, 39.928120624916502 ], [ -75.186043974143303, 39.927812614535902 ], [ -75.187396133639098, 39.927992460753302 ], [ -75.187153187849404, 39.929075163095902 ] ] ] } },
{ "type": "Feature", "properties": { "aun": 226511952, "school_num": null, "location_id": null, "school_name": "GREENE STREET FRIENDS SCHOOL", "school_name_label": "GREENE STREET FRIENDS SCHOOL", "street_address": "5511 GREENE ST", "zip_code": "19144", "phone_number": "(215) 438-7000", "active": "O", "grade_level": "ELEMENTARY/MIDDLE", "grade_org": "PREK-8", "enrollment": null, "type": 3, "type_specific": "PRIVATE", "objectid": 322, "Shape__Area": 24189.08984375, "Shape__Length": 888.58737056379596 }, "geometry": { "type": "Polygon", "coordinates": [ [ [ -75.172860399052695, 40.034356092064399 ], [ -75.173573225662906, 40.033642157520603 ], [ -75.173947085503102, 40.033262765299497 ], [ -75.174219660948694, 40.033428993913297 ], [ -75.174243635820801, 40.0334436143917 ], [ -75.174301341890796, 40.033387699977297 ], [ -75.174004791621002, 40.033206852158898 ], [ -75.174122424382603, 40.033092873752899 ], [ -75.1743957787574, 40.032827224405303 ], [ -75.174664418988101, 40.032999646029801 ], [ -75.174845648658305, 40.033116209818601 ], [ -75.174402141783105, 40.033546806193797 ], [ -75.174475097958805, 40.033593722526902 ], [ -75.174540995473905, 40.033635840322702 ], [ -75.1746067303242, 40.033678115487 ], [ -75.174672192891904, 40.0337206953551 ], [ -75.174817215788707, 40.0338133555017 ], [ -75.174588939308705, 40.034024461509603 ], [ -75.174276300501106, 40.034341694007999 ], [ -75.174125892162706, 40.034252829552599 ], [ -75.174020055035896, 40.034358934177199 ], [ -75.173767840471001, 40.0342108566064 ], [ -75.1737264669909, 40.034252339153603 ], [ -75.173697802466606, 40.034235966780003 ], [ -75.173317554959795, 40.034617210760402 ], [ -75.173153737829296, 40.034523638255997 ], [ -75.172860399052695, 40.034356092064399 ] ] ] } },
{ "type": "Feature", "properties": { "aun": 126515001, "school_num": 3766, "location_id": "8270", "school_name": "HOLME, THOMAS SCHOOL", "school_name_label": "THOMAS HOLME SCHOOL", "street_address": "9125 ACADEMY RD", "zip_code": "19114", "phone_number": "(215) 400-3130", "active": null, "grade_level": "ELEMENTARY/MIDDLE", "grade_org": "K-8", "enrollment": 787, "type": 1, "type_specific": "DISTRICT", "objectid": 323, "Shape__Area": 100869.19921875, "Shape__Length": 1540.9803420477585 }, "geometry": { "type": "Polygon", "coordinates": [ [ [ -75.008691797816098, 40.056232322143998 ], [ -75.008692441810794, 40.0561631000094 ], [ -75.009170480444297, 40.056017255783402 ], [ -75.009018131132393, 40.055768959507098 ], [ -75.008695901358493, 40.055885709936703 ], [ -75.0087086419732, 40.054418410194899 ], [ -75.008711116609504, 40.05431824651 ], [ -75.008715006458601, 40.054260901210398 ], [ -75.0087420560872, 40.0542212129196 ], [ -75.008763436674002, 40.054204007104602 ], [ -75.008795651031207, 40.0541937817014 ], [ -75.008830658799198, 40.054193391566102 ], [ -75.008877333845206, 40.0542022431041 ], [ -75.008885911485393, 40.054203865810997 ], [ -75.009858836693496, 40.054803936769702 ], [ -75.012269070831906, 40.056321863026703 ], [ -75.012310075689399, 40.056369895735898 ], [ -75.012310115368905, 40.0564083933223 ], [ -75.012284881796305, 40.056442628105899 ], [ -75.012242735163198, 40.056462403319898 ], [ -75.012111721450097, 40.056476998277901 ], [ -75.011856896103197, 40.056525299672899 ], [ -75.0117014623372, 40.056553997175598 ], [ -75.011492777063197, 40.0566015604632 ], [ -75.011277493588196, 40.056655092169599 ], [ -75.010871511329299, 40.056783518984197 ], [ -75.010587621684806, 40.056881856596704 ], [ -75.010200625455695, 40.057052276059302 ], [ -75.009728862509704, 40.0572738553048 ], [ -75.009623310409395, 40.057327550320998 ], [ -75.009252047618702, 40.057502018309499 ], [ -75.009099418540401, 40.057579044582198 ], [ -75.009032847833595, 40.057612889466803 ], [ -75.008971528798696, 40.057634656997102 ], [ -75.008917349208502, 40.057637023797902 ], [ -75.008878076749795, 40.057625091618 ], [ -75.008853491407905, 40.057603725455103 ], [ -75.008832921115101, 40.057568204810103 ], [ -75.008832685523302, 40.057567795964502 ], [ -75.008826353851106, 40.057542755350298 ], [ -75.008702437535504, 40.057051988166997 ], [ -75.008687971177693, 40.056976487776801 ], [ -75.008690799034198, 40.0569148134513 ], [ -75.008685283313696, 40.056897658554199 ], [ -75.008683141143706, 40.056890965497203 ], [ -75.008688107672896, 40.056673567966399 ], [ -75.008691097612399, 40.056542482048698 ], [ -75.008691797816098, 40.056232322143998 ] ] ] } },
{ "type": "Feature", "properties": { "aun": 126510015, "school_num": 7825, "location_id": "3379", "school_name": "AD PRIMA CHARTER SCHOOL", "school_name_label": "AD PRIMA CHARTER SCHOOL", "street_address": "1922 N 63RD ST", "zip_code": "19151", "phone_number": "(267) 403-2672", "active": null, "grade_level": "ELEMENTARY/MIDDLE", "grade_org": "K-8", "enrollment": 609, "type": 2, "type_specific": "CHARTER", "objectid": 324, "Shape__Area": 7419.8046875, "Shape__Length": 365.14689776555628 }, "geometry": { "type": "Polygon", "coordinates": [ [ [ -75.247400757201802, 39.984299092814503 ], [ -75.247615685924401, 39.984273572320603 ], [ -75.247866191859202, 39.9842435866682 ], [ -75.247932828533493, 39.984235609407499 ], [ -75.247938894319304, 39.984264933751703 ], [ -75.247967862242803, 39.984430657211803 ], [ -75.248052858620198, 39.984393666146701 ], [ -75.248080875286703, 39.984542139635003 ], [ -75.248122213853605, 39.984760716793602 ], [ -75.248080804208499, 39.984778431958702 ], [ -75.248159702525896, 39.984892085318002 ], [ -75.248058915048603, 39.984937472979098 ], [ -75.247686039428501, 39.985103094453699 ], [ -75.2475376196399, 39.985029094608997 ], [ -75.247400757201802, 39.984299092814503 ] ] ] } },
{ "type": "Feature", "properties": { "aun": 126513117, "school_num": null, "location_id": "3440", "school_name": "MAST COMMUNITY CHARTER II", "school_name_label": "MAST COMMUNITY CHARTER SCHOOL II", "street_address": "6501 NEW STATE RD", "zip_code": "19135", "phone_number": "(267) 526-0005", "active": null, "grade_level": "ELEMENTARY/MIDDLE/HIGH", "grade_org": "3-12", "enrollment": 1880, "type": 2, "type_specific": "CHARTER", "objectid": 325, "Shape__Area": 126447.6015625, "Shape__Length": 2071.0022864852453 }, "geometry": { "type": "Polygon", "coordinates": [ [ [ -75.043376796082896, 40.017696714736999 ], [ -75.0431553907449, 40.017398366552499 ], [ -75.042409717467805, 40.0163935255258 ], [ -75.0423481413345, 40.016310546307402 ], [ -75.042384556328898, 40.016305404025601 ], [ -75.042382454997707, 40.016302447454997 ], [ -75.042315197433695, 40.016207810913201 ], [ -75.042391926009699, 40.016178925976803 ], [ -75.042420036958305, 40.016212667605203 ], [ -75.042439353922205, 40.016204480907099 ], [ -75.042448642394703, 40.016220424417298 ], [ -75.042451324041096, 40.016225027827403 ], [ -75.042518824080403, 40.016213805435001 ], [ -75.042533100311303, 40.016195963353198 ], [ -75.042715762164704, 40.016144543737397 ], [ -75.0427856202557, 40.016132482497 ], [ -75.043065301769104, 40.016019576771797 ], [ -75.043134490865796, 40.016004817796997 ], [ -75.043177329981106, 40.015975405968398 ], [ -75.043324867981198, 40.015930010994097 ], [ -75.043376259649193, 40.015885330779 ], [ -75.043443486065001, 40.015851750823401 ], [ -75.043543912125699, 40.015782597101101 ], [ -75.043585422242202, 40.015791323465002 ], [ -75.043687987429607, 40.015765728435902 ], [ -75.044034264266301, 40.015635019722197 ], [ -75.044196501512999, 40.015570897077303 ], [ -75.044261276920693, 40.015559907947498 ], [ -75.044285971621704, 40.015556921720702 ], [ -75.044297621319402, 40.015568576523201 ], [ -75.042469393807806, 40.016260890039099 ], [ -75.042524870590199, 40.016331670420797 ], [ -75.044364178306495, 40.015635160266903 ], [ -75.044388580510699, 40.015659579353901 ], [ -75.044441836736098, 40.015712862100301 ], [ -75.045495552709596, 40.016767116960501 ], [ -75.045561431314397, 40.016833027332297 ], [ -75.045627308583605, 40.016898937631701 ], [ -75.045573137105094, 40.016922703047101 ], [ -75.045671855949905, 40.017037062563503 ], [ -75.045485798965302, 40.017118693481997 ], [ -75.046025896019103, 40.0177443556274 ], [ -75.046325981208895, 40.0175929486171 ], [ -75.046345725107102, 40.017615820390297 ], [ -75.046384839922197, 40.017596084816503 ], [ -75.046769853219601, 40.018042081432803 ], [ -75.046893073791196, 40.018165363743798 ], [ -75.046670907824705, 40.018301888906301 ], [ -75.046426045024305, 40.018448054365997 ], [ -75.046290722017204, 40.018524834020198 ], [ -75.046150685500507, 40.018596443130697 ], [ -75.046006267568501, 40.018662709290297 ], [ -75.045857814328002, 40.018723476191198 ], [ -75.045210451280099, 40.018973057725297 ], [ -75.045098541442897, 40.019018065725703 ], [ -75.044988704837394, 40.019066001318798 ], [ -75.044881074175805, 40.019116805689698 ], [ -75.044854891286803, 40.019129643794699 ], [ -75.044674248869896, 40.019218229950297 ], [ -75.044394974564796, 40.0188947095861 ], [ -75.044276245527499, 40.018757169860599 ], [ -75.044189456680797, 40.018656628579002 ], [ -75.044008574589895, 40.018447086242297 ], [ -75.043483955958806, 40.017839329398797 ], [ -75.043365222279803, 40.017701777265898 ], [ -75.043376796082896, 40.017696714736999 ] ] ] } },
{ "type": "Feature", "properties": { "aun": 126510002, "school_num": 7678, "location_id": "3361", "school_name": "MASTERY CHARTER-LENFEST CAMPUS", "school_name_label": "MASTERY CHARTER SCHOOL AT LENFEST", "street_address": "35 S 4TH ST", "zip_code": "19106", "phone_number": "(215) 922-1902", "active": null, "grade_level": "MIDDLE/HIGH", "grade_org": "7-12", "enrollment": 665, "type": 2, "type_specific": "CHARTER", "objectid": 326, "Shape__Area": 3440.26953125, "Shape__Length": 240.62233517419756 }, "geometry": { "type": "Polygon", "coordinates": [ [ [ -75.146875706886405, 39.949326786135302 ], [ -75.147106713371201, 39.949356627203898 ], [ -75.147116747319401, 39.949313926841398 ], [ -75.147244532204496, 39.949329754888304 ], [ -75.147248630193204, 39.949333216565797 ], [ -75.147378172358799, 39.949350159929303 ], [ -75.147369698200805, 39.949390385229997 ], [ -75.147286261826096, 39.949783381674898 ], [ -75.146782280239606, 39.949719170379701 ], [ -75.146875706886405, 39.949326786135302 ] ] ] } },
{ "type": "Feature", "properties": { "aun": null, "school_num": null, "location_id": "3810", "school_name": "ONE BRIGHT RAY-ELMWOOD CAMPUS", "school_name_label": "ONE BRIGHT RAY - ELMWOOD CAMPUS", "street_address": "6404 ELMWOOD AVE", "zip_code": "19142", "phone_number": "(215) 488-1177", "active": null, "grade_level": "HIGH SCHOOL", "grade_org": "9-12", "enrollment": 124, "type": 1, "type_specific": "CONTRACTED", "objectid": 327, "Shape__Area": 3584.79296875, "Shape__Length": 259.20105863099872 }, "geometry": { "type": "Polygon", "coordinates": [ [ [ -75.228683431339903, 39.922391233249499 ], [ -75.2289461050092, 39.922202317753801 ], [ -75.229489528825496, 39.922656873696297 ], [ -75.2292285298618, 39.922845827256801 ], [ -75.229051037412404, 39.922697806128802 ], [ -75.228683431339903, 39.922391233249499 ] ] ] } },
{ "type": "Feature", "properties": { "aun": 126512850, "school_num": 7511, "location_id": "3302", "school_name": "HARAMBEE INSTITUTE OF SCIENCE", "school_name_label": "HARAMBEE INSTITUTE OF SCIENCE AND TECHNOLOGY CHARTER SCHOOL", "street_address": "640 N 66TH ST", "zip_code": "19151", "phone_number": "(215) 472-8770", "active": null, "grade_level": "ELEMENTARY/MIDDLE", "grade_org": "K-8", "enrollment": 574, "type": 2, "type_specific": "CHARTER", "objectid": 328, "Shape__Area": 6880.2734375, "Shape__Length": 366.98109454979527 }, "geometry": { "type": "Polygon", "coordinates": [ [ [ -75.251734527451902, 39.9730444523953 ], [ -75.252078369694701, 39.973008785879202 ], [ -75.252135344133194, 39.973002868846201 ], [ -75.252126807949097, 39.972958938841202 ], [ -75.252119735140198, 39.972922544810402 ], [ -75.252118596129705, 39.9729164586061 ], [ -75.252109722789697, 39.972870631433402 ], [ -75.252101658480996, 39.9728289968333 ], [ -75.252098628134206, 39.9728139564142 ], [ -75.252093379665197, 39.972786985904598 ], [ -75.252090170020196, 39.9727704921144 ], [ -75.252181748726798, 39.972786992628599 ], [ -75.252189598073201, 39.972829896317798 ], [ -75.252553460065101, 39.972879339211303 ], [ -75.252543546199405, 39.973004258559101 ], [ -75.252512127408394, 39.973400062134601 ], [ -75.252507720384898, 39.973455546035801 ], [ -75.251824023279298, 39.973517489095101 ], [ -75.251734527451902, 39.9730444523953 ] ] ] } },
{ "type": "Feature", "properties": { "aun": 226519162, "school_num": null, "location_id": null, "school_name": "ST PETERS SCHOOL", "school_name_label": "ST PETER'S SCHOOL", "street_address": "311-21 LOMBARD ST", "zip_code": "19147", "phone_number": "(215) 925-3963", "active": "O", "grade_level": "ELEMENTARY/MIDDLE", "grade_org": "PREK-8", "enrollment": null, "type": 3, "type_specific": "PRIVATE", "objectid": 329, "Shape__Area": 2867.015625, "Shape__Length": 250.64931827007359 }, "geometry": { "type": "Polygon", "coordinates": [ [ [ -75.148849594411502, 39.9426991032961 ], [ -75.1488043894811, 39.942907594818301 ], [ -75.148106929252094, 39.942822618526797 ], [ -75.147994207503601, 39.942808883117699 ], [ -75.148003172335294, 39.942767543773201 ], [ -75.147943917358006, 39.942703658500797 ], [ -75.148026913398198, 39.942658050746402 ], [ -75.1480394133484, 39.942600393006501 ], [ -75.148849594411502, 39.9426991032961 ] ] ] } },
{ "type": "Feature", "properties": { "aun": 126515001, "school_num": 7242, "location_id": "7110", "school_name": "HARDING, WARREN G. MIDDLE SCHOOL", "school_name_label": "WARREN G. HARDING SCHOOL", "street_address": "2000 WAKELING ST", "zip_code": "19124", "phone_number": "(215) 400-3990", "active": null, "grade_level": "MIDDLE SCHOOL", "grade_org": "6-8", "enrollment": 570, "type": 1, "type_specific": "DISTRICT", "objectid": 330, "Shape__Area": 60438.75390625, "Shape__Length": 1126.5298105079412 }, "geometry": { "type": "Polygon", "coordinates": [ [ [ -75.073817384337502, 40.013635348281397 ], [ -75.073438431054896, 40.012631320480203 ], [ -75.075328425995806, 40.012209544058798 ], [ -75.076391356631106, 40.011761040175003 ], [ -75.076482074204705, 40.011880575224701 ], [ -75.076528542164596, 40.011941675620299 ], [ -75.076707892090795, 40.012177973450399 ], [ -75.076755712618294, 40.012240965886797 ], [ -75.076803528445495, 40.012303968328297 ], [ -75.076851338507794, 40.012366970613499 ], [ -75.076889596182795, 40.012417382561203 ], [ -75.076927856752903, 40.012467796814803 ], [ -75.076985152770604, 40.012543448623397 ], [ -75.077251582932405, 40.012505790696203 ], [ -75.077334063417496, 40.012850530927501 ], [ -75.073817384337502, 40.013635348281397 ] ] ] } },
{ "type": "Feature", "properties": { "aun": 126515001, "school_num": 3613, "location_id": "1400", "school_name": "PATTERSON, JOHN M. SCHOOL", "school_name_label": "JOHN M. PATTERSON SCHOOL", "street_address": "7000 BUIST AVE", "zip_code": "19142", "phone_number": "(215) 400-8190", "active": null, "grade_level": "ELEMENTARY SCHOOL", "grade_org": "K-4", "enrollment": 336, "type": 1, "type_specific": "DISTRICT", "objectid": 331, "Shape__Area": 10524.29296875, "Shape__Length": 458.11694971579914 }, "geometry": { "type": "Polygon", "coordinates": [ [ [ -75.236644062552401, 39.915762451349799 ], [ -75.237646936774397, 39.916603731938999 ], [ -75.237226725682802, 39.916900748159797 ], [ -75.236223855201999, 39.916059463963101 ], [ -75.236644062552401, 39.915762451349799 ] ] ] } },
{ "type": "Feature", "properties": { "aun": null, "school_num": null, "location_id": "8890", "school_name": "ONE BRIGHT RAY-SIMPSON CAMPUS", "school_name_label": "ONE BRIGHT RAY - SIMPSON CAMPUS", "street_address": "1142 E ERIE AVE", "zip_code": "19124", "phone_number": "(215) 744-6000", "active": null, "grade_level": "HIGH SCHOOL", "grade_org": "9-12", "enrollment": 261, "type": 1, "type_specific": "CONTRACTED", "objectid": 332, "Shape__Area": 6152.1484375, "Shape__Length": 395.61137742290305 }, "geometry": { "type": "Polygon", "coordinates": [ [ [ -75.105463334610803, 40.005382837970203 ], [ -75.105700149956604, 40.004299949110901 ], [ -75.105864236675899, 40.004287293689302 ], [ -75.106004744162703, 40.0053647249986 ], [ -75.105463334610803, 40.005382837970203 ] ] ] } },
{ "type": "Feature", "properties": { "aun": 300513890, "school_num": null, "location_id": null, "school_name": "GREEN TREE SCHOOL", "school_name_label": "GREEN TREE SCHOOL", "street_address": "1196 E WASHINGTON LN", "zip_code": "19138", "phone_number": "(215) 866-0200", "active": "O", "grade_level": "SPECIAL CENTER", "grade_org": "UNGRADED", "enrollment": null, "type": 3, "type_specific": "PRIVATE", "objectid": 333, "Shape__Area": 19916.7109375, "Shape__Length": 616.85712732974503 }, "geometry": { "type": "Polygon", "coordinates": [ [ [ -75.167953996317294, 40.055710287331102 ], [ -75.167488332492795, 40.056162257458098 ], [ -75.167445104824097, 40.0562059838498 ], [ -75.1667605925727, 40.055789527626096 ], [ -75.1667495055583, 40.055800288707403 ], [ -75.165923288395504, 40.055297604855099 ], [ -75.166444392674094, 40.054791836960199 ], [ -75.167327611004097, 40.055329196770998 ], [ -75.167953996317294, 40.055710287331102 ] ] ] } },
{ "type": "Feature", "properties": { "aun": 300517000, "school_num": null, "location_id": null, "school_name": "PENNSYLVANIA SCHOOL FOR THE DEAF", "school_name_label": "PENNSYLVANIA SCHOOL FOR THE DEAF", "street_address": "100-52 W SCHOOL HOUSE LA", "zip_code": "19144", "phone_number": "(215) 951-4700", "active": "O", "grade_level": "ELEMENTARY/MIDDLE/HIGH", "grade_org": "PREK-12", "enrollment": null, "type": 3, "type_specific": "PRIVATE", "objectid": 334, "Shape__Area": 42697.1640625, "Shape__Length": 855.30166894593458 }, "geometry": { "type": "Polygon", "coordinates": [ [ [ -75.174174948760395, 40.030767179815001 ], [ -75.174386438286007, 40.030553923353501 ], [ -75.175737123101101, 40.0313306868076 ], [ -75.175546043896901, 40.0315211368817 ], [ -75.174404553428104, 40.032636436173597 ], [ -75.173917684541394, 40.032346418561502 ], [ -75.174020600889804, 40.032243343550498 ], [ -75.173805391236797, 40.032121719477601 ], [ -75.173603210646505, 40.0320074579462 ], [ -75.173382691011099, 40.031882832945797 ], [ -75.173175187550896, 40.031765561217199 ], [ -75.173313533874605, 40.031627446285903 ], [ -75.173378895746296, 40.031562159021199 ], [ -75.173446209030004, 40.031494942286102 ], [ -75.173521478134504, 40.031418955825799 ], [ -75.173601121607305, 40.0313405074521 ], [ -75.173856354347706, 40.031085525253197 ], [ -75.174174948760395, 40.030767179815001 ] ] ] } },
{ "type": "Feature", "properties": { "aun": 126515001, "school_num": 8039, "location_id": "8040", "school_name": "ARTS ACADEMY AT BENJAMIN RUSH", "school_name_label": "ARTS ACADEMY AT BENJAMIN RUSH", "street_address": "11081 KNIGHTS RD", "zip_code": "19154", "phone_number": "(215) 400-3030", "active": null, "grade_level": "HIGH SCHOOL", "grade_org": "9-12", "enrollment": 600, "type": 1, "type_specific": "DISTRICT", "objectid": 335, "Shape__Area": 103879.8984375, "Shape__Length": 1432.3141828325759 }, "geometry": { "type": "Polygon", "coordinates": [ [ [ -74.975225187397896, 40.0822804952751 ], [ -74.975014150786606, 40.0825564324713 ], [ -74.974802798089399, 40.082829194423098 ], [ -74.974680436960597, 40.082986450014197 ], [ -74.974451314272699, 40.083283815129903 ], [ -74.974237675292102, 40.083557581937598 ], [ -74.974134616529298, 40.083694156186297 ], [ -74.973957609087407, 40.083922393119103 ], [ -74.973307549777104, 40.083615288312203 ], [ -74.973137832611499, 40.083829721190703 ], [ -74.973142276533196, 40.083836217149397 ], [ -74.973003751393904, 40.084013070799401 ], [ -74.972978255739093, 40.083994095460604 ], [ -74.972948176104595, 40.083971686658202 ], [ -74.972837824936803, 40.083877889353801 ], [ -74.972823567222903, 40.083865759960801 ], [ -74.972809613224399, 40.083853912731399 ], [ -74.972803425060405, 40.0838446071986 ], [ -74.972895493738605, 40.083727327386597 ], [ -74.972963731057106, 40.083641054213601 ], [ -74.972993486145796, 40.083616027322599 ], [ -74.973035152166304, 40.083584631554999 ], [ -74.973034164162797, 40.083583657053602 ], [ -74.973042587295794, 40.083578347145298 ], [ -74.972919258425904, 40.083440677459002 ], [ -74.972845721005896, 40.083348914016 ], [ -74.972733619631597, 40.083195911112 ], [ -74.9719510162641, 40.081943173078301 ], [ -74.9718868966862, 40.081857214218303 ], [ -74.971766719495506, 40.081721667016403 ], [ -74.971860946087602, 40.081658204867097 ], [ -74.971910506754, 40.081625145274103 ], [ -74.971954526461502, 40.081595193328603 ], [ -74.972001069993894, 40.081562512430601 ], [ -74.972050043069402, 40.0815294397039 ], [ -74.972165793265404, 40.081450327844699 ], [ -74.972198500488702, 40.081428065601401 ], [ -74.972257988417695, 40.081352961924203 ], [ -74.972292306220794, 40.081309813462198 ], [ -74.972325668463697, 40.081265900765402 ], [ -74.972362470027605, 40.081218959109101 ], [ -74.972398465500504, 40.081175336428203 ], [ -74.972486840354506, 40.081063110583997 ], [ -74.9725631623525, 40.080965876688602 ], [ -74.972595315381696, 40.0809233043258 ], [ -74.972634985621895, 40.080875013855902 ], [ -74.972670430404406, 40.080828395245 ], [ -74.972706182184297, 40.080785056056399 ], [ -74.972743043115997, 40.080738728452502 ], [ -74.972786132714802, 40.080682234092301 ], [ -74.972835137350799, 40.080623803430903 ], [ -74.973037540609099, 40.080364552098303 ], [ -74.973385506625704, 40.080668548902501 ], [ -74.974056872502601, 40.081367961930397 ], [ -74.975225187397896, 40.0822804952751 ] ] ] } },
{ "type": "Feature", "properties": { "aun": 185515523, "school_num": 7981, "location_id": "3388", "school_name": "BOYS LATIN OF PHILADELPHIA CHARTER", "school_name_label": "BOYS LATIN OF PHILADELPHIA CHARTER SCHOOL", "street_address": "5501 CEDAR AVE", "zip_code": "19143", "phone_number": "(215) 387-5149", "active": null, "grade_level": "HIGH SCHOOL", "grade_org": "9-12", "enrollment": 754, "type": 2, "type_specific": "CHARTER", "objectid": 336, "Shape__Area": 20070.04296875, "Shape__Length": 608.5293268168316 }, "geometry": { "type": "Polygon", "coordinates": [ [ [ -75.232869686778102, 39.951349122609301 ], [ -75.232877677047398, 39.951309256541698 ], [ -75.233812710151597, 39.951426793384897 ], [ -75.234123734773206, 39.9514658695797 ], [ -75.234718308195298, 39.951540597986202 ], [ -75.234714844736601, 39.951557785120599 ], [ -75.234669129163706, 39.951783938366297 ], [ -75.234585512731897, 39.9521976328192 ], [ -75.233986385503897, 39.952122983045101 ], [ -75.233674114690103, 39.952084087562604 ], [ -75.232745582672905, 39.951968385187499 ], [ -75.232751210850907, 39.951940299625598 ], [ -75.232820742174496, 39.951593306536999 ], [ -75.232824106094199, 39.951576567763098 ], [ -75.232869686778102, 39.951349122609301 ] ] ] } },
{ "type": "Feature", "properties": { "aun": 226514352, "school_num": null, "location_id": null, "school_name": "NAZARETH ACADEMY GRADE SCHOOL", "school_name_label": "NAZARETH ACADEMY GRADE SCHOOL", "street_address": "4701 GRANT AVE", "zip_code": "19114", "phone_number": "(215) 637-7777", "active": "O", "grade_level": "ELEMENTARY/MIDDLE", "grade_org": "1-8", "enrollment": null, "type": 3, "type_specific": "PRIVATE", "objectid": 337, "Shape__Area": 36863.0390625, "Shape__Length": 1171.0557857604158 }, "geometry": { "type": "Polygon", "coordinates": [ [ [ -74.985496241510504, 40.0580942360818 ], [ -74.984883465494093, 40.057551525635198 ], [ -74.984838330642901, 40.0575115514768 ], [ -74.984888004913799, 40.057482878882702 ], [ -74.984939354462298, 40.0574560059232 ], [ -74.984964161372005, 40.057496101280698 ], [ -74.984991750759804, 40.057535107977898 ], [ -74.984996260238702, 40.057539872776701 ], [ -74.985001528156403, 40.057544154609303 ], [ -74.985007466521296, 40.057547882651697 ], [ -74.985020474416899, 40.057553802605497 ], [ -74.985034472672197, 40.057558188670903 ], [ -74.985077284797995, 40.057508460710103 ], [ -74.985005910796502, 40.0574308741772 ], [ -74.985047394303294, 40.057403349235202 ], [ -74.985092603327104, 40.057379539610501 ], [ -74.985140979061299, 40.057359741592798 ], [ -74.985154118137501, 40.057353163495698 ], [ -74.985165871929894, 40.057345185815201 ], [ -74.985175987274999, 40.057335978167501 ], [ -74.985184249538307, 40.057325735875402 ], [ -74.985224557290294, 40.057239984843498 ], [ -74.985268965440198, 40.057155438535297 ], [ -74.985268993999398, 40.057155385158502 ], [ -74.985277665936394, 40.0571333633698 ], [ -74.985282539893603, 40.0571106622371 ], [ -74.985282727589194, 40.0570696591464 ], [ -74.9852759392531, 40.057028990525701 ], [ -74.985262293173903, 40.0569893507896 ], [ -74.985242022498497, 40.056951421347499 ], [ -74.985215475919404, 40.056915853724 ], [ -74.984770733179502, 40.056500810307902 ], [ -74.984715098288902, 40.056448864959201 ], [ -74.984664807459197, 40.056393795357401 ], [ -74.984620158184498, 40.056335926297201 ], [ -74.984562308445803, 40.056257129783098 ], [ -74.984509835113599, 40.056176142404098 ], [ -74.984462877445196, 40.056093179271201 ], [ -74.984421561196299, 40.056008463054198 ], [ -74.984623438291493, 40.055794593844197 ], [ -74.984745405828704, 40.056333865746197 ], [ -74.984777411564295, 40.056365053915499 ], [ -74.985313156098897, 40.0560084927966 ], [ -74.986792220841096, 40.057319390100801 ], [ -74.985189488944002, 40.058432964858802 ], [ -74.985496241510504, 40.0580942360818 ] ] ] } },
{ "type": "Feature", "properties": { "aun": 300515320, "school_num": null, "location_id": null, "school_name": "PRODIGY LEARNING CENTERS", "school_name_label": "PRODIGY LEARNING CENTERS", "street_address": "3345 W HUNTING PARK AVE", "zip_code": "19132", "phone_number": "(215) 228-7678", "active": null, "grade_level": "PRE-K/ELEMENTARY", "grade_org": "PREK-5", "enrollment": null, "type": 3, "type_specific": "PRIVATE", "objectid": 338, "Shape__Area": 6381.91015625, "Shape__Length": 335.01996986179023 }, "geometry": { "type": "Polygon", "coordinates": [ [ [ -75.185473441922198, 40.001841773795597 ], [ -75.185955225491298, 40.001355436666202 ], [ -75.186071816284297, 40.001262548425998 ], [ -75.186433641337601, 40.001309368926499 ], [ -75.186356401851995, 40.001662417259098 ], [ -75.186293930347404, 40.001947953922802 ], [ -75.185704051789799, 40.001872442909097 ], [ -75.185473441922198, 40.001841773795597 ] ] ] } },
{ "type": "Feature", "properties": { "aun": 126515001, "school_num": 7903, "location_id": "1030", "school_name": "HIGH SCHOOL OF THE FUTURE", "school_name_label": "HIGH SCHOOL OF THE FUTURE", "street_address": "4021 PARKSIDE AVE", "zip_code": "19104", "phone_number": "(215) 400-7790", "active": null, "grade_level": "HIGH SCHOOL", "grade_org": "9-12", "enrollment": 569, "type": 1, "type_specific": "DISTRICT", "objectid": 339, "Shape__Area": 82500.56640625, "Shape__Length": 1913.1338268179129 }, "geometry": { "type": "Polygon", "coordinates": [ [ [ -75.199374207340398, 39.974883759549499 ], [ -75.199432338301705, 39.974816084152501 ], [ -75.203730052386703, 39.974337062097597 ], [ -75.205033359473603, 39.974839085388197 ], [ -75.205031056947206, 39.974900539090299 ], [ -75.205082282586403, 39.975010490485502 ], [ -75.204980076660107, 39.975112308882402 ], [ -75.205002648431304, 39.975184861618402 ], [ -75.205572713372106, 39.975215341717004 ], [ -75.205698380666803, 39.975308020037801 ], [ -75.205683259525799, 39.9753833825865 ], [ -75.205474350453599, 39.975378750510899 ], [ -75.204777911650694, 39.975420079214302 ], [ -75.204665363786802, 39.9754696248663 ], [ -75.204485936643806, 39.975498762443401 ], [ -75.204403934970998, 39.975553716819697 ], [ -75.204409667998704, 39.975728895534601 ], [ -75.203074088243696, 39.976087213063003 ], [ -75.203034268294502, 39.976001169734602 ], [ -75.202937730348395, 39.9759517153297 ], [ -75.202397020965293, 39.975939712723402 ], [ -75.202074151629105, 39.975530399119499 ], [ -75.202019800321295, 39.975339947581404 ], [ -75.202193855459996, 39.975126180105597 ], [ -75.202560803033094, 39.975016048360402 ], [ -75.202814198664996, 39.974818235462998 ], [ -75.200751709469301, 39.9750468403235 ], [ -75.200725293102906, 39.975259154203897 ], [ -75.199539276584204, 39.975377222799104 ], [ -75.199374207340398, 39.974883759549499 ] ] ] } },
{ "type": "Feature", "properties": { "aun": 226515462, "school_num": null, "location_id": null, "school_name": "PHILADELPHIA SCHOOL", "school_name_label": "PHILADELPHIA SCHOOL", "street_address": "2501-29 LOMBARD ST", "zip_code": "19146", "phone_number": "(215) 545-5323", "active": "O", "grade_level": "ELEMENTARY/MIDDLE", "grade_org": "PREK-8", "enrollment": null, "type": 3, "type_specific": "PRIVATE", "objectid": 340, "Shape__Area": 4438.14453125, "Shape__Length": 338.80376914493667 }, "geometry": { "type": "Polygon", "coordinates": [ [ [ -75.182715129093197, 39.946902277765197 ], [ -75.182678254675295, 39.947075658419799 ], [ -75.182660969606005, 39.947156930172198 ], [ -75.182596442362097, 39.947148799289103 ], [ -75.182534553976097, 39.947141003369403 ], [ -75.182465329891301, 39.947132282989301 ], [ -75.182476854889302, 39.947078101873601 ], [ -75.182425235441698, 39.947071598940099 ], [ -75.182375516553705, 39.947065335622 ], [ -75.182317879571102, 39.947058070612101 ], [ -75.182260243935303, 39.9470508089818 ], [ -75.182210966338801, 39.947044601647001 ], [ -75.182161248994802, 39.947038337143603 ], [ -75.182111972963597, 39.947032127548397 ], [ -75.1820820117713, 39.947173001156898 ], [ -75.181654960350599, 39.947119191355199 ], [ -75.181726986214301, 39.9467805585411 ], [ -75.182715129093197, 39.946902277765197 ] ] ] } },
{ "type": "Feature", "properties": { "aun": 326514392, "school_num": null, "location_id": null, "school_name": "K012 KIDS SCHOOL", "school_name_label": "K012 KIDS SCHOOL", "street_address": "1112 CHESTNUT ST", "zip_code": "19107", "phone_number": "(215) 545-2930", "active": null, "grade_level": "PRE-K/ELEMENTARY", "grade_org": "PREK-3", "enrollment": null, "type": 3, "type_specific": "PRIVATE", "objectid": 341, "Shape__Area": 5661.1484375, "Shape__Length": 359.38731408034243 }, "geometry": { "type": "Polygon", "coordinates": [ [ [ -75.159983800476695, 39.950292367280397 ], [ -75.159199743361697, 39.950194974545703 ], [ -75.159257931701504, 39.949926922689897 ], [ -75.159258519320304, 39.949924214887403 ], [ -75.1596740208536, 39.9499758267009 ], [ -75.159749839183604, 39.949626547301797 ], [ -75.160118391388394, 39.9496723264864 ], [ -75.159983800476695, 39.950292367280397 ] ] ] } },
{ "type": "Feature", "properties": { "aun": 226511602, "school_num": null, "location_id": null, "school_name": "FATHER JUDGE HIGH SCHOOL", "school_name_label": "FATHER JUDGE HIGH SCHOOL", "street_address": "3301 SOLLY AVE", "zip_code": "19136", "phone_number": "(215) 338-9494", "active": "O", "grade_level": "HIGH SCHOOL", "grade_org": "9-12", "enrollment": null, "type": 3, "type_specific": "ARCHDIOCESE", "objectid": 342, "Shape__Area": 36646.6875, "Shape__Length": 809.98153685030752 }, "geometry": { "type": "Polygon", "coordinates": [ [ [ -75.021297273299098, 40.048557771352002 ], [ -75.023739408761003, 40.047983665663203 ], [ -75.024224512656602, 40.049027605352798 ], [ -75.023665900876907, 40.049281093327998 ], [ -75.023545435088096, 40.0492893206237 ], [ -75.023424551358204, 40.0492921923572 ], [ -75.023303654554496, 40.049289700115601 ], [ -75.023183146073194, 40.0492818489206 ], [ -75.023063426315105, 40.049268668551498 ], [ -75.022944896646905, 40.049250201201502 ], [ -75.022827951808594, 40.049226508055597 ], [ -75.022658778505303, 40.0491849052571 ], [ -75.022492277102501, 40.049137361228098 ], [ -75.022328799679499, 40.049083977823798 ], [ -75.022168694976102, 40.049024866959002 ], [ -75.022012299426805, 40.0489601549003 ], [ -75.021859946126099, 40.048889977973097 ], [ -75.021711958836306, 40.0488144857989 ], [ -75.021568649193895, 40.048733837849198 ], [ -75.021430323940393, 40.048648205869704 ], [ -75.021297273299098, 40.048557771352002 ] ] ] } },
{ "type": "Feature", "properties": { "aun": 126515001, "school_num": 3783, "location_id": "1390", "school_name": "POWEL, SAMUEL SCHOOL", "school_name_label": "SAMUEL POWEL SCHOOL", "street_address": "3610 WARREN ST", "zip_code": "19104", "phone_number": "(215) 400-7740", "active": null, "grade_level": "ELEMENTARY SCHOOL", "grade_org": "K-4", "enrollment": 326, "type": 1, "type_specific": "DISTRICT", "objectid": 343, "Shape__Area": 12435.45703125, "Shape__Length": 479.644781784987 }, "geometry": { "type": "Polygon", "coordinates": [ [ [ -75.194007708378095, 39.9574071320028 ], [ -75.194297346264904, 39.957446950044996 ], [ -75.194368876031206, 39.957421026724603 ], [ -75.194537553955698, 39.957442883107703 ], [ -75.194649955042095, 39.957499847023499 ], [ -75.194679448705301, 39.9574991625826 ], [ -75.194676662693396, 39.957543236365296 ], [ -75.194899244921004, 39.957543582953001 ], [ -75.194908779307198, 39.957548186582599 ], [ -75.195159213086995, 39.9575922965563 ], [ -75.195161655535799, 39.957651964953001 ], [ -75.195187515962004, 39.957650835688703 ], [ -75.195244109274299, 39.9576693502419 ], [ -75.195090682495902, 39.958401334371203 ], [ -75.193926666923801, 39.957793749580702 ], [ -75.194007708378095, 39.9574071320028 ] ] ] } },
{ "type": "Feature", "properties": { "aun": 126515001, "school_num": null, "location_id": "2050", "school_name": "SCIENCE LEADERSHIP ACADEMY MIDDLE SCHOOL", "school_name_label": "SCIENCE LEADERSHIP ACADEMY MIDDLE SCHOOL", "street_address": "3610 WARREN ST", "zip_code": "19104", "phone_number": "(215) 400-8320", "active": null, "grade_level": "MIDDLE SCHOOL", "grade_org": "5-8", "enrollment": 353, "type": 1, "type_specific": "DISTRICT", "objectid": 344, "Shape__Area": 12435.45703125, "Shape__Length": 479.644781784987 }, "geometry": { "type": "Polygon", "coordinates": [ [ [ -75.194007708378095, 39.9574071320028 ], [ -75.194297346264904, 39.957446950044996 ], [ -75.194368876031206, 39.957421026724603 ], [ -75.194537553955698, 39.957442883107703 ], [ -75.194649955042095, 39.957499847023499 ], [ -75.194679448705301, 39.9574991625826 ], [ -75.194676662693396, 39.957543236365296 ], [ -75.194899244921004, 39.957543582953001 ], [ -75.194908779307198, 39.957548186582599 ], [ -75.195159213086995, 39.9575922965563 ], [ -75.195161655535799, 39.957651964953001 ], [ -75.195187515962004, 39.957650835688703 ], [ -75.195244109274299, 39.9576693502419 ], [ -75.195090682495902, 39.958401334371203 ], [ -75.193926666923801, 39.957793749580702 ], [ -75.194007708378095, 39.9574071320028 ] ] ] } },
{ "type": "Feature", "properties": { "aun": 126513000, "school_num": 7546, "location_id": "3312", "school_name": "MULTI-CULTURAL ACADEMY", "school_name_label": "MULTICULTURAL ACADEMY CHARTER SCHOOL", "street_address": "3821 N BROAD ST", "zip_code": "19140", "phone_number": "(215) 457-6666", "active": null, "grade_level": "HIGH SCHOOL", "grade_org": "9-12", "enrollment": 255, "type": 2, "type_specific": "CHARTER", "objectid": 345, "Shape__Area": 3206.01953125, "Shape__Length": 238.72539556314183 }, "geometry": { "type": "Polygon", "coordinates": [ [ [ -75.149908915699896, 40.011571972260001 ], [ -75.149930610044194, 40.011473519277303 ], [ -75.1498444468061, 40.011462637782301 ], [ -75.149855287438598, 40.0114111546591 ], [ -75.149864803524807, 40.011367943302503 ], [ -75.149888902756999, 40.011254311936902 ], [ -75.150547376129495, 40.011339584820199 ], [ -75.150480451113594, 40.011644750477501 ], [ -75.149908915699896, 40.011571972260001 ] ] ] } },
{ "type": "Feature", "properties": { "aun": 126515001, "school_num": 5040, "location_id": "4460", "school_name": "DUCKREY, TANNER SCHOOL", "school_name_label": "TANNER G. DUCKREY SCHOOL", "street_address": "1501 W DIAMOND ST", "zip_code": "19121", "phone_number": "(215) 400-7350", "active": null, "grade_level": "ELEMENTARY/MIDDLE", "grade_org": "K-8", "enrollment": 419, "type": 1, "type_specific": "DISTRICT", "objectid": 346, "Shape__Area": 31638.7421875, "Shape__Length": 716.78256971878864 }, "geometry": { "type": "Polygon", "coordinates": [ [ [ -75.159698944168596, 39.985255114285401 ], [ -75.159395425466101, 39.986615845196098 ], [ -75.158004744693102, 39.986438286045001 ], [ -75.158300089833105, 39.985071459567202 ], [ -75.159698944168596, 39.985255114285401 ] ] ] } },
{ "type": "Feature", "properties": { "aun": 126515001, "school_num": 3842, "location_id": "5060", "school_name": "MASTBAUM, JULES E. HIGH SCHOOL", "school_name_label": "JULES E. MASTBAUM AREA VOCATIONAL TECHNICAL HIGH SCHOOL", "street_address": "3116 FRANKFORD AVE", "zip_code": "19134", "phone_number": "(215) 400-7220", "active": null, "grade_level": "HIGH SCHOOL", "grade_org": "9-12", "enrollment": 651, "type": 1, "type_specific": "DISTRICT", "objectid": 347, "Shape__Area": 13918.875, "Shape__Length": 527.70366886254692 }, "geometry": { "type": "Polygon", "coordinates": [ [ [ -75.112345694470804, 39.993406971510197 ], [ -75.112325681712804, 39.993377221361399 ], [ -75.112321342226295, 39.993370754731401 ], [ -75.112296438214102, 39.9933337019501 ], [ -75.112285916677706, 39.993318066051003 ], [ -75.112271295463401, 39.993296274253801 ], [ -75.112264099020294, 39.993285662550001 ], [ -75.112251124116398, 39.993266310956301 ], [ -75.112245415126097, 39.993257893655297 ], [ -75.112224375908099, 39.993226523947101 ], [ -75.112204719994295, 39.993196750439097 ], [ -75.112200175317298, 39.993190213763597 ], [ -75.112185228062799, 39.993167656468998 ], [ -75.1121779463313, 39.993157092355901 ], [ -75.112153287474499, 39.993120706305099 ], [ -75.112129586177304, 39.993085567656799 ], [ -75.112106686275396, 39.993051399134401 ], [ -75.112083636140099, 39.993017291352601 ], [ -75.112081737339096, 39.993014377930599 ], [ -75.112060812200994, 39.992983317161098 ], [ -75.112057131635694, 39.992977719390097 ], [ -75.112055185382303, 39.992974934400301 ], [ -75.112030175667599, 39.9929378960192 ], [ -75.112004807932095, 39.9929003493313 ], [ -75.111983476289694, 39.992868408582098 ], [ -75.111959405994099, 39.992832520315602 ], [ -75.111936663078595, 39.992799177553898 ], [ -75.111931312630205, 39.992791220117702 ], [ -75.111884667203398, 39.9927220075636 ], [ -75.111876462908299, 39.992709826273703 ], [ -75.111859890930603, 39.992685410379899 ], [ -75.1118255005631, 39.992634099131699 ], [ -75.111674267133196, 39.992409148447202 ], [ -75.1116606554546, 39.992388895752299 ], [ -75.112135546538298, 39.992159007732297 ], [ -75.112322621533906, 39.992374189816402 ], [ -75.113073401271706, 39.993237730064699 ], [ -75.113076671260103, 39.993241497160199 ], [ -75.112744445326896, 39.9934135231778 ], [ -75.112452020672706, 39.9935649417299 ], [ -75.112349066104798, 39.9934130971588 ], [ -75.112345694470804, 39.993406971510197 ] ] ] } },
{ "type": "Feature", "properties": { "aun": 126515001, "school_num": 7368, "location_id": "7500", "school_name": "FELTONVILLE ARTS & SCIENCES", "school_name_label": "FELTONVILLE SCHOOL OF ARTS AND SCIENCES", "street_address": "210 E COURTLAND ST", "zip_code": "19120", "phone_number": "(215) 400-3810", "active": null, "grade_level": "MIDDLE SCHOOL", "grade_org": "6-8", "enrollment": 542, "type": 1, "type_specific": "DISTRICT", "objectid": 348, "Shape__Area": 14296.12109375, "Shape__Length": 544.4418486860684 }, "geometry": { "type": "Polygon", "coordinates": [ [ [ -75.121365115940804, 40.019447109039398 ], [ -75.121369108082604, 40.019100904101698 ], [ -75.121369281972605, 40.019084498122602 ], [ -75.1213725930387, 40.018683893832701 ], [ -75.121373319039606, 40.018595846294801 ], [ -75.121507837093304, 40.018647318691897 ], [ -75.121921428529106, 40.018805589019102 ], [ -75.121950208991706, 40.018816597149801 ], [ -75.122152614816898, 40.018894059491103 ], [ -75.1223293165679, 40.018976979151198 ], [ -75.122384946831303, 40.019003883010797 ], [ -75.122707861422796, 40.019160043851301 ], [ -75.122666047394404, 40.019363099882803 ], [ -75.122485396309003, 40.019340542555597 ], [ -75.122476270293703, 40.019386857131103 ], [ -75.122656412718698, 40.0194094264833 ], [ -75.122613867725306, 40.019615653158397 ], [ -75.121971929877603, 40.019535225279597 ], [ -75.121952253706297, 40.019532760032199 ], [ -75.121769287189593, 40.019509841115102 ], [ -75.121415875515396, 40.019468753623002 ], [ -75.121399657528102, 40.0194668675136 ], [ -75.121364928939897, 40.019462832190001 ], [ -75.121365115940804, 40.019447109039398 ] ] ] } },
{ "type": "Feature", "properties": { "aun": 126515001, "school_num": 7226, "location_id": "2190", "school_name": "FELL, D. NEWLIN SCHOOL", "school_name_label": "D. NEWLIN FELL SCHOOL", "street_address": "900 W OREGON AVE", "zip_code": "19148", "phone_number": "(215) 400-8260", "active": null, "grade_level": "ELEMENTARY/MIDDLE", "grade_org": "K-8", "enrollment": 530, "type": 1, "type_specific": "DISTRICT", "objectid": 349, "Shape__Area": 5821.3125, "Shape__Length": 348.15712644405863 }, "geometry": { "type": "Polygon", "coordinates": [ [ [ -75.163110631178498, 39.914639994073603 ], [ -75.163492451623995, 39.9149503028342 ], [ -75.163337436906403, 39.915629961363202 ], [ -75.162907691231197, 39.915575145562102 ], [ -75.163110631178498, 39.914639994073603 ] ] ] } },
{ "type": "Feature", "properties": { "aun": 126510023, "school_num": 7910, "location_id": "3385", "school_name": "MASTERY CHARTER-THOMAS CAMPUS", "school_name_label": "MASTERY CHARTER SCHOOL AT THOMAS CAMPUS", "street_address": "927 JOHNSTON ST", "zip_code": "19148", "phone_number": "(267) 236-0036", "active": null, "grade_level": "ELEMENTARY/MIDDLE/HIGH", "grade_org": "K-12", "enrollment": 1315, "type": 2, "type_specific": "CHARTER", "objectid": 350, "Shape__Area": 10048.72265625, "Shape__Length": 493.46285286980526 }, "geometry": { "type": "Polygon", "coordinates": [ [ [ -75.163337436906403, 39.915629961363202 ], [ -75.163492451623995, 39.9149503028342 ], [ -75.163110631178498, 39.914639994073603 ], [ -75.163142022135901, 39.914495340111699 ], [ -75.164030540165697, 39.914609604705703 ], [ -75.1637900502581, 39.915687692574501 ], [ -75.163337436906403, 39.915629961363202 ] ] ] } },
{ "type": "Feature", "properties": { "aun": 126515001, "school_num": 3816, "location_id": "7120", "school_name": "FELS, SAMUEL HIGH SCHOOL", "school_name_label": "SAMUEL FELS HIGH SCHOOL", "street_address": "5500 LANGDON ST", "zip_code": "19124", "phone_number": "(215) 400-7100", "active": null, "grade_level": "HIGH SCHOOL", "grade_org": "9-12", "enrollment": 1259, "type": 1, "type_specific": "DISTRICT", "objectid": 351, "Shape__Area": 159305.47265625, "Shape__Length": 1733.1171153541247 }, "geometry": { "type": "Polygon", "coordinates": [ [ [ -75.090223357277395, 40.036591374986202 ], [ -75.092312913347797, 40.034458733371402 ], [ -75.093128035700303, 40.034912085229003 ], [ -75.0931513350491, 40.034927563372001 ], [ -75.093170829126606, 40.034945887480802 ], [ -75.093185936970301, 40.0349665147602 ], [ -75.093196207927406, 40.034988829967403 ], [ -75.093201339717197, 40.035012170608397 ], [ -75.093201177858603, 40.035035841565701 ], [ -75.093201013953205, 40.035059489949802 ], [ -75.093206133367701, 40.035082810030701 ], [ -75.093216384559099, 40.035105106757499 ], [ -75.093231462194495, 40.0351257209416 ], [ -75.093250919928906, 40.035144039689001 ], [ -75.093274181235401, 40.035159519177 ], [ -75.093300552007406, 40.035171699587799 ], [ -75.0933292522801, 40.035180218232199 ], [ -75.093359428833807, 40.0351848244824 ], [ -75.093390185892304, 40.035185381609701 ], [ -75.093420611342395, 40.035181870768596 ], [ -75.093449801400496, 40.035174397200102 ], [ -75.093476888692607, 40.035163184122702 ], [ -75.093501069045502, 40.035148562088899 ], [ -75.093521626462305, 40.035130967310103 ], [ -75.093550605176901, 40.035147083560297 ], [ -75.093854857347694, 40.036734673066697 ], [ -75.093875230669298, 40.0368647220564 ], [ -75.093886639091096, 40.036995417452701 ], [ -75.093889049985293, 40.037126393586 ], [ -75.093882458582797, 40.0372572843021 ], [ -75.093866882074195, 40.037387723952797 ], [ -75.093842363869598, 40.037517350873003 ], [ -75.093808972400794, 40.0376458005952 ], [ -75.093766800768293, 40.037772714851997 ], [ -75.093715966787201, 40.037897740450603 ], [ -75.093656611610996, 40.038020526988802 ], [ -75.093588902396704, 40.038140733674503 ], [ -75.093513026712998, 40.038258022438598 ], [ -75.093512885937201, 40.038258137443499 ], [ -75.093507176621102, 40.038262791018497 ], [ -75.093506820955696, 40.038263080134101 ], [ -75.093398276484194, 40.038351757749098 ], [ -75.092742209089806, 40.039028451528402 ], [ -75.091545406159597, 40.038343186197601 ], [ -75.091033213367993, 40.038058320774397 ], [ -75.091661285746099, 40.037391125260598 ], [ -75.090223357277395, 40.036591374986202 ] ] ] } },
{ "type": "Feature", "properties": { "aun": 126517442, "school_num": 8251, "location_id": "3421", "school_name": "UNIVERSAL CREIGHTON CHARTER", "school_name_label": "UNIVERSAL CHARTER SCHOOL AT CREIGHTON", "street_address": "5401 TABOR AVE", "zip_code": "19120", "phone_number": "(215) 537-2531", "active": null, "grade_level": "ELEMENTARY/MIDDLE", "grade_org": "K-8", "enrollment": 664, "type": 2, "type_specific": "CHARTER", "objectid": 352, "Shape__Area": 15521.61328125, "Shape__Length": 554.96901020929818 }, "geometry": { "type": "Polygon", "coordinates": [ [ [ -75.104455495332701, 40.0350793830046 ], [ -75.104296579306904, 40.034990527590502 ], [ -75.104107350144901, 40.034884707741902 ], [ -75.105190677828503, 40.0337897627684 ], [ -75.105305597792096, 40.0338538425652 ], [ -75.105508939272298, 40.033967207177497 ], [ -75.105737239548006, 40.034094492578397 ], [ -75.105742677047999, 40.034097535983001 ], [ -75.105756736706795, 40.0341053709043 ], [ -75.105480808705906, 40.034382877701297 ], [ -75.104750290104903, 40.0351175750422 ], [ -75.104669354303994, 40.035198970776698 ], [ -75.104455495332701, 40.0350793830046 ] ] ] } },
{ "type": "Feature", "properties": { "aun": 126515001, "school_num": 7175, "location_id": "5170", "school_name": "DEBURGOS, J. ELEMENTARY", "school_name_label": "JULIA DE BURGOS SCHOOL", "street_address": "401 W LEHIGH AVE", "zip_code": "19133", "phone_number": "(215) 400-7080", "active": null, "grade_level": "ELEMENTARY/MIDDLE", "grade_org": "K-8", "enrollment": 550, "type": 1, "type_specific": "DISTRICT", "objectid": 353, "Shape__Area": 16633.31640625, "Shape__Length": 567.49751305882364 }, "geometry": { "type": "Polygon", "coordinates": [ [ [ -75.138112178531699, 39.993384238575203 ], [ -75.138409001509999, 39.9920250301453 ], [ -75.139141676307005, 39.992110249131201 ], [ -75.138847465763007, 39.993480186666197 ], [ -75.138112178531699, 39.993384238575203 ] ] ] } },
{ "type": "Feature", "properties": { "aun": 126515001, "school_num": 6996, "location_id": "2020", "school_name": "CREATIVE AND PERFORMING ARTS", "school_name_label": "HIGH SCHOOL FOR CREATIVE AND PERFORMING ARTS SCHOOL", "street_address": "901 S BROAD ST", "zip_code": "19147", "phone_number": "(215) 400-8140", "active": null, "grade_level": "HIGH SCHOOL", "grade_org": "9-12", "enrollment": 646, "type": 1, "type_specific": "DISTRICT", "objectid": 354, "Shape__Area": 19116.8046875, "Shape__Length": 559.31873302754195 }, "geometry": { "type": "Polygon", "coordinates": [ [ [ -75.164687023669401, 39.939745310764103 ], [ -75.164863933002493, 39.938937457805302 ], [ -75.165981832699302, 39.939074186353899 ], [ -75.166289495319205, 39.939111809560302 ], [ -75.166257682035905, 39.939256751131801 ], [ -75.166247320207106, 39.939304006878402 ], [ -75.166226526550403, 39.939398742046798 ], [ -75.166112083485899, 39.939920269092397 ], [ -75.164695265673203, 39.939746308588397 ], [ -75.164691054614906, 39.939745811588303 ], [ -75.164687023669401, 39.939745310764103 ] ] ] } },
{ "type": "Feature", "properties": { "aun": 126512840, "school_num": 7510, "location_id": "3301", "school_name": "COMMUNITY ACADEMY OF PHILADELPHIA", "school_name_label": "COMMUNITY ACADEMY OF PHILADELPHIA CHARTER SCHOOL", "street_address": "1100 E ERIE AVE", "zip_code": "19124", "phone_number": "(215) 533-6700", "active": null, "grade_level": "ELEMENTARY/MIDDLE/HIGH", "grade_org": "K-12", "enrollment": 1242, "type": 2, "type_specific": "CHARTER", "objectid": 355, "Shape__Area": 42952.11328125, "Shape__Length": 977.53088461430127 }, "geometry": { "type": "Polygon", "coordinates": [ [ [ -75.106004744162703, 40.0053647249986 ], [ -75.105864236675899, 40.004287293689302 ], [ -75.105700149956604, 40.004299949110901 ], [ -75.105873832557506, 40.003505693243 ], [ -75.106577427059705, 40.003598708501102 ], [ -75.106624780920598, 40.003382138741998 ], [ -75.106710611912007, 40.002989607051397 ], [ -75.106826789149494, 40.003004965172899 ], [ -75.106851330102003, 40.003008209654702 ], [ -75.106856039568001, 40.002986666279703 ], [ -75.106913483485101, 40.003049975376399 ], [ -75.106964308141201, 40.003116548084499 ], [ -75.107008201354503, 40.003185976266501 ], [ -75.107044892698099, 40.003257832472102 ], [ -75.107074157583497, 40.003331677916499 ], [ -75.107095817436601, 40.003407057978499 ], [ -75.107109737884599, 40.0034835111693 ], [ -75.107349236106899, 40.005319732608598 ], [ -75.106004744162703, 40.0053647249986 ] ] ] } },
{ "type": "Feature", "properties": { "aun": 226515392, "school_num": null, "location_id": null, "school_name": "QUBA INSTITUTE OF ARABIC & ISLAMIC STUDIES", "school_name_label": "QUBA INSTITUTE OF ARABIC & ISLAMIC STUDIES", "street_address": "4637 LANCASTER AVE", "zip_code": "19131", "phone_number": "(215) 473-8589", "active": "O", "grade_level": "ELEMENTARY/MIDDLE", "grade_org": "K-8", "enrollment": null, "type": 3, "type_specific": "PRIVATE", "objectid": 356, "Shape__Area": 253.90625, "Shape__Length": 85.437882111311865 }, "geometry": { "type": "Polygon", "coordinates": [ [ [ -75.214759878217606, 39.9712733648634 ], [ -75.214783121010896, 39.971250799247301 ], [ -75.214783725510401, 39.971250212311098 ], [ -75.214793819135195, 39.971240231481197 ], [ -75.214958745488005, 39.971081857211701 ], [ -75.214969829297701, 39.971088566759498 ], [ -75.215008429086794, 39.971111922004802 ], [ -75.214809854132596, 39.9713045804708 ], [ -75.214759878217606, 39.9712733648634 ] ] ] } },
{ "type": "Feature", "properties": { "aun": 126515001, "school_num": 3732, "location_id": "7200", "school_name": "BARTON SCHOOL", "school_name_label": "CLARA BARTON SCHOOL", "street_address": "4600 ROSEHILL ST", "zip_code": "19120", "phone_number": "(215) 400-3720", "active": null, "grade_level": "ELEMENTARY SCHOOL", "grade_org": "K-2", "enrollment": 490, "type": 1, "type_specific": "DISTRICT", "objectid": 357, "Shape__Area": 21839.10546875, "Shape__Length": 612.09181804759419 }, "geometry": { "type": "Polygon", "coordinates": [ [ [ -75.120509550187407, 40.019568661628398 ], [ -75.120208092650898, 40.020937346725802 ], [ -75.120207865172603, 40.020938340530499 ], [ -75.120086905193702, 40.020923254361101 ], [ -75.119678684601098, 40.020872330852796 ], [ -75.119599205716995, 40.020862417902997 ], [ -75.119187688233893, 40.020811079225403 ], [ -75.119182201022497, 40.020810389241298 ], [ -75.119253755669305, 40.020487547040297 ], [ -75.119297255691606, 40.020291315377101 ], [ -75.119328354601294, 40.020151074420298 ], [ -75.119446807775205, 40.0196167484388 ], [ -75.120509550187407, 40.019568661628398 ] ] ] } },
{ "type": "Feature", "properties": { "aun": 126515001, "school_num": 7850, "location_id": "5050", "school_name": "PHILADELPHIA MILITARY ACADEMY", "school_name_label": "PHILADELPHIA MILITARY ACADEMY", "street_address": "2118 N 13TH ST", "zip_code": "19122", "phone_number": "(215) 400-7420", "active": null, "grade_level": "HIGH SCHOOL", "grade_org": "9-12", "enrollment": 277, "type": 1, "type_specific": "DISTRICT", "objectid": 358, "Shape__Area": 13315.08984375, "Shape__Length": 494.68909416570466 }, "geometry": { "type": "Polygon", "coordinates": [ [ [ -75.154174623166995, 39.985943012291003 ], [ -75.1544151592623, 39.984832825909002 ], [ -75.1546369228967, 39.984861257363598 ], [ -75.154641616076702, 39.984839593762601 ], [ -75.154861618322698, 39.984867799113999 ], [ -75.154859270325701, 39.984878630323401 ], [ -75.155132074076306, 39.984913605250199 ], [ -75.154889202885002, 39.986034623248599 ], [ -75.154174623166995, 39.985943012291003 ] ] ] } },
{ "type": "Feature", "properties": { "aun": 126510929, "school_num": 3446, "location_id": null, "school_name": "PHILADELPHIA HEBREW PUBLIC CHARTER SCHOOL", "school_name_label": "PHILADELPHIA HEBREW PUBLIC CHARTER SCHOOL", "street_address": "3300 HENRY AVE", "zip_code": "19129", "phone_number": "(267) 225-1511", "active": null, "grade_level": "ELEMENTARY SCHOOL", "grade_org": "K-1", "enrollment": 574, "type": 2, "type_specific": "CHARTER", "objectid": 359, "Shape__Area": 89499.1796875, "Shape__Length": 1200.6718660801314 }, "geometry": { "type": "Polygon", "coordinates": [ [ [ -75.185688770103695, 40.010423862459099 ], [ -75.185745908877095, 40.010539317765598 ], [ -75.185795957458893, 40.010524672400798 ], [ -75.185996729057905, 40.010930361622798 ], [ -75.186040789656005, 40.011096570194098 ], [ -75.186299339232804, 40.011618994082802 ], [ -75.186033151032603, 40.012003399501602 ], [ -75.184240875453398, 40.013231391050702 ], [ -75.182594399034002, 40.0118105138096 ], [ -75.182824868851796, 40.0116669240373 ], [ -75.183060561036996, 40.011528439918301 ], [ -75.183301286876798, 40.011395172079901 ], [ -75.183546848968007, 40.011267228703701 ], [ -75.183797050040596, 40.011144714596099 ], [ -75.184051684261703, 40.0110277287421 ], [ -75.184310548900598, 40.010916365692097 ], [ -75.184573431157403, 40.010810715267702 ], [ -75.184840118322199, 40.010710865041197 ], [ -75.185110395102697, 40.010616893518801 ], [ -75.185688770103695, 40.010423862459099 ] ] ] } },
{ "type": "Feature", "properties": { "aun": 126510007, "school_num": 7724, "location_id": "3362", "school_name": "WISSAHICKON CHARTER SCHOOL", "school_name_label": "WISSAHICKON CHARTER SCHOOL", "street_address": "4700 WISSAHICKON AVE", "zip_code": "19144", "phone_number": "(267) 338-1020", "active": null, "grade_level": "ELEMENTARY/MIDDLE", "grade_org": "K-8", "enrollment": 988, "type": 2, "type_specific": "CHARTER", "objectid": 360, "Shape__Area": 117288.80859375, "Shape__Length": 1523.6084554187205 }, "geometry": { "type": "Polygon", "coordinates": [ [ [ -75.173531901622397, 40.014567323417502 ], [ -75.1735116260908, 40.014733744843902 ], [ -75.1735286236934, 40.014773096141802 ], [ -75.173480671521602, 40.014798882668998 ], [ -75.173737184930403, 40.015185234770499 ], [ -75.173699281344298, 40.015349374201797 ], [ -75.173861335026899, 40.015757706293101 ], [ -75.174131983844504, 40.016110312889602 ], [ -75.174335511707795, 40.016490235406998 ], [ -75.173966701828306, 40.0167087847666 ], [ -75.1739710600867, 40.016713134190802 ], [ -75.173728402711006, 40.016856929078699 ], [ -75.173658682402603, 40.0168961389233 ], [ -75.173586513284903, 40.016932635796699 ], [ -75.173512074535196, 40.016966330234901 ], [ -75.173285955107204, 40.017060134387201 ], [ -75.1730568700021, 40.017149584987202 ], [ -75.172824962019305, 40.017234625529703 ], [ -75.1725903737469, 40.017315205136597 ], [ -75.172353250745303, 40.017391271871297 ], [ -75.172327554943706, 40.017397288192697 ], [ -75.1723008927206, 40.0173997846342 ], [ -75.172274069621395, 40.0173986869248 ], [ -75.172247901853197, 40.017394025776902 ], [ -75.172223183743597, 40.017385945164598 ], [ -75.172200663372607, 40.0173746882625 ], [ -75.172181026429996, 40.017360598208597 ], [ -75.170243104193304, 40.015704691912802 ], [ -75.170529210187297, 40.015550844109598 ], [ -75.170639701288195, 40.0156723195919 ], [ -75.172379565124899, 40.014736706148 ], [ -75.171990391791994, 40.0142819092625 ], [ -75.172686656042401, 40.013907478497202 ], [ -75.172746055936898, 40.013925299208402 ], [ -75.172802642426603, 40.013947895173899 ], [ -75.172855766216898, 40.013975007424698 ], [ -75.1729048208677, 40.0140063283988 ], [ -75.172949244427301, 40.014041497472803 ], [ -75.172988530670693, 40.014080113602702 ], [ -75.1732757503475, 40.014395880363999 ], [ -75.173343039278393, 40.014359693193803 ], [ -75.173531901622397, 40.014567323417502 ] ] ] } },
{ "type": "Feature", "properties": { "aun": 126515001, "school_num": 3861, "location_id": "6040", "school_name": "SAUL, WALTER B. HIGH SCHOOL", "school_name_label": "WALTER B. SAUL HIGH SCHOOL", "street_address": "7100 HENRY AVE", "zip_code": "19128", "phone_number": "(215) 400-3450", "active": null, "grade_level": "HIGH SCHOOL", "grade_org": "9-12", "enrollment": 416, "type": 1, "type_specific": "DISTRICT", "objectid": 361, "Shape__Area": 155126.3203125, "Shape__Length": 1763.9254565859387 }, "geometry": { "type": "Polygon", "coordinates": [ [ [ -75.223337711128707, 40.046722464818799 ], [ -75.223372600692798, 40.046650114139602 ], [ -75.223438622320103, 40.046737881617297 ], [ -75.223959251144905, 40.047429992638598 ], [ -75.224020075645299, 40.047510850833099 ], [ -75.224443085191496, 40.048070064912601 ], [ -75.224484557690701, 40.048124867446802 ], [ -75.224520269231306, 40.048171882603199 ], [ -75.224564415110095, 40.048231206056201 ], [ -75.224620686818895, 40.048303980993097 ], [ -75.2246764910346, 40.048378019405 ], [ -75.224728807402897, 40.0484500146949 ], [ -75.224783338205896, 40.048521655439401 ], [ -75.224836106331296, 40.048591677289501 ], [ -75.224891599069394, 40.048665080294697 ], [ -75.224948476667905, 40.048740770702402 ], [ -75.225002539800002, 40.048814319045803 ], [ -75.225057597218907, 40.048887615536998 ], [ -75.225113588689794, 40.048964011678798 ], [ -75.225167482041797, 40.049034767624399 ], [ -75.225232973989193, 40.049120785649102 ], [ -75.2253196843658, 40.049236865378802 ], [ -75.225413585978302, 40.0493626783935 ], [ -75.225525544302002, 40.0495116483754 ], [ -75.225668841515201, 40.049702282986601 ], [ -75.225651983341194, 40.049710020382399 ], [ -75.225634174486203, 40.049718297755199 ], [ -75.225622530555995, 40.049723710278997 ], [ -75.223469798761101, 40.050703916662798 ], [ -75.220215258008196, 40.049198852116 ], [ -75.220217155304994, 40.049198040202199 ], [ -75.220220735475806, 40.049196507383598 ], [ -75.220343095527397, 40.049143846835896 ], [ -75.220436436957996, 40.0491037772072 ], [ -75.2205221440597, 40.049066984594702 ], [ -75.220612601943898, 40.049028153276097 ], [ -75.220699281345205, 40.0489909438338 ], [ -75.220789770321801, 40.0489520984233 ], [ -75.220879624759604, 40.048913525040703 ], [ -75.220971937926507, 40.048873896365997 ], [ -75.221062294047798, 40.048835107513902 ], [ -75.2211247479745, 40.048808296927596 ], [ -75.221152452279298, 40.0487965924194 ], [ -75.221181725537903, 40.048783841246099 ], [ -75.221242419327396, 40.048757777971701 ], [ -75.221327914525503, 40.048721063454401 ], [ -75.221436586148599, 40.048674397311999 ], [ -75.221533840643801, 40.0486326334807 ], [ -75.221679717706394, 40.048569989170602 ], [ -75.221786406614001, 40.048524173309801 ], [ -75.221894341890405, 40.048477822785003 ], [ -75.222002455749902, 40.048431395002197 ], [ -75.222117076170804, 40.048382173049099 ], [ -75.2222286061792, 40.048334277275899 ], [ -75.2223392141414, 40.048286777820799 ], [ -75.222458744238807, 40.048235447114102 ], [ -75.222565117854103, 40.048189765522501 ], [ -75.222646986710402, 40.048154606705097 ], [ -75.222662687869004, 40.048122181785899 ], [ -75.222709057123794, 40.048026597125201 ], [ -75.222752814011201, 40.0479352437183 ], [ -75.222795759426603, 40.0478461587224 ], [ -75.222800002944098, 40.047837356993803 ], [ -75.2228629412065, 40.0477068841898 ], [ -75.222906945968703, 40.047615631915399 ], [ -75.222957541518596, 40.047510743877503 ], [ -75.223001546026495, 40.047419491565996 ], [ -75.223065528539195, 40.047286849963697 ], [ -75.223102213037905, 40.047210782812598 ], [ -75.223150104474499, 40.047111476579701 ], [ -75.223187153719095, 40.0470346605915 ], [ -75.223234610431405, 40.046936278422599 ], [ -75.223269204443099, 40.046864550840802 ], [ -75.223306730485305, 40.046786729433499 ], [ -75.223337711128707, 40.046722464818799 ] ] ] } },
{ "type": "Feature", "properties": { "aun": 126515001, "school_num": 6527, "location_id": "8030", "school_name": "WASHINGTON, GEORGE HIGH SCHOOL", "school_name_label": "GEORGE WASHINGTON HIGH SCHOOL", "street_address": "10175 BUSTLETON AVE", "zip_code": "19116", "phone_number": "(215) 400-3100", "active": null, "grade_level": "HIGH SCHOOL", "grade_org": "9-12", "enrollment": 1763, "type": 1, "type_specific": "DISTRICT", "objectid": 362, "Shape__Area": 208857.828125, "Shape__Length": 2006.7499213941933 }, "geometry": { "type": "Polygon", "coordinates": [ [ [ -75.023770109627094, 40.108158842773499 ], [ -75.021546771816105, 40.106875736419802 ], [ -75.021543938993901, 40.106874105865202 ], [ -75.021807379643704, 40.106672079893798 ], [ -75.021820767130194, 40.106661806804702 ], [ -75.021825858889102, 40.1066578965373 ], [ -75.023048111390096, 40.105720533225799 ], [ -75.024363869724695, 40.104726936691399 ], [ -75.024378051913004, 40.104716213614303 ], [ -75.024419015869299, 40.1046852829705 ], [ -75.024700885361398, 40.104472419970399 ], [ -75.024818860421803, 40.104383329337999 ], [ -75.024823666141202, 40.104379702754798 ], [ -75.024995676016999, 40.104459320764398 ], [ -75.025197822047204, 40.104553806031497 ], [ -75.025400312104793, 40.104643431145 ], [ -75.025520869119703, 40.104699534677202 ], [ -75.025599453680996, 40.104734378804103 ], [ -75.025806238285696, 40.104828925573997 ], [ -75.025940444343703, 40.104891234807397 ], [ -75.025969612440505, 40.104903581016899 ], [ -75.026005426256106, 40.104918745034098 ], [ -75.026079653188305, 40.104953888795798 ], [ -75.026196980524105, 40.105009430756901 ], [ -75.026399224308093, 40.105101563273202 ], [ -75.026587885976397, 40.105187457154301 ], [ -75.026811223862396, 40.105290710871898 ], [ -75.027353123186799, 40.1055360355641 ], [ -75.027303424188304, 40.105650700129097 ], [ -75.027290998707102, 40.105679374697502 ], [ -75.027149333702994, 40.106006037962999 ], [ -75.027130013828298, 40.106050604859902 ], [ -75.026679347504199, 40.107089826764401 ], [ -75.026667409830907, 40.107117335830203 ], [ -75.026633698232899, 40.107195092167998 ], [ -75.026623841487705, 40.107217829891297 ], [ -75.026413937083205, 40.107701809196399 ], [ -75.026380340172395, 40.107798090441797 ], [ -75.026254261047001, 40.1081593461899 ], [ -75.024818633441896, 40.107333295425001 ], [ -75.024519703278997, 40.108104393735999 ], [ -75.024383874666498, 40.108358294902899 ], [ -75.024320617468604, 40.108476539598698 ], [ -75.023770109627094, 40.108158842773499 ] ] ] } },
{ "type": "Feature", "properties": { "aun": 126515001, "school_num": 7780, "location_id": "1050", "school_name": "ROBESON, PAUL HIGH SCHOOL", "school_name_label": "PAUL ROBESON HIGH SCHOOL FOR HUMAN SERVICES", "street_address": "4125 LUDLOW ST", "zip_code": "19104", "phone_number": "(215) 400-7780", "active": null, "grade_level": "HIGH SCHOOL", "grade_org": "9-12", "enrollment": 266, "type": 1, "type_specific": "DISTRICT", "objectid": 363, "Shape__Area": 6312.8515625, "Shape__Length": 410.17384476861247 }, "geometry": { "type": "Polygon", "coordinates": [ [ [ -75.205546464859495, 39.957142737740497 ], [ -75.205473440098302, 39.957134460812497 ], [ -75.204664672298307, 39.957035551086598 ], [ -75.204722071063401, 39.956761420223401 ], [ -75.2053843491653, 39.956844362831497 ], [ -75.206083468383895, 39.956931906109098 ], [ -75.206018240750893, 39.957241842140398 ], [ -75.205889388988794, 39.957226411298301 ], [ -75.205898669911406, 39.957186640694601 ], [ -75.205817238394303, 39.957176339512102 ], [ -75.205809606053407, 39.957175444944703 ], [ -75.205724160993299, 39.957164926295597 ], [ -75.205674006357995, 39.957158994741597 ], [ -75.205662493557, 39.957197942094503 ], [ -75.205538752774601, 39.957182543115501 ], [ -75.205546464859495, 39.957142737740497 ] ] ] } },
{ "type": "Feature", "properties": { "aun": 126515001, "school_num": 7072, "location_id": "8090", "school_name": "SWENSON ARTS/TECH HIGH SCHOOL", "school_name_label": "SWENSON ARTS AND TECHNOLOGY HIGH SCHOOL", "street_address": "2750 RED LION RD", "zip_code": "19114", "phone_number": "(215) 400-3140", "active": null, "grade_level": "HIGH SCHOOL", "grade_org": "9-12", "enrollment": 805, "type": 1, "type_specific": "DISTRICT", "objectid": 364, "Shape__Area": 74165.1875, "Shape__Length": 1088.3125801834233 }, "geometry": { "type": "Polygon", "coordinates": [ [ [ -75.013507670608504, 40.091041273480101 ], [ -75.013818039743398, 40.090825373212503 ], [ -75.014394989662605, 40.0912941979024 ], [ -75.015845429291701, 40.092472774578397 ], [ -75.014903226666405, 40.093152749069901 ], [ -75.0148939614037, 40.093150887563603 ], [ -75.014115273508807, 40.092994444468303 ], [ -75.013118612519705, 40.092794199461501 ], [ -75.012157154040295, 40.0919807009642 ], [ -75.013507670608504, 40.091041273480101 ] ] ] } },
{ "type": "Feature", "properties": { "aun": 126515001, "school_num": 4732, "location_id": "1470", "school_name": "LOCKE, ALAIN SCHOOL", "school_name_label": "ALAIN LOCKE SCHOOL", "street_address": "4550 HAVERFORD AVE", "zip_code": "19139", "phone_number": "(215) 400-7670", "active": null, "grade_level": "ELEMENTARY/MIDDLE", "grade_org": "K-8", "enrollment": 264, "type": 1, "type_specific": "DISTRICT", "objectid": 365, "Shape__Area": 28517.078125, "Shape__Length": 672.64304447990855 }, "geometry": { "type": "Polygon", "coordinates": [ [ [ -75.211710511553903, 39.9612182095835 ], [ -75.211904387351794, 39.961243126012903 ], [ -75.211999934008801, 39.961255216014898 ], [ -75.212063318325605, 39.961263857692401 ], [ -75.212131521512305, 39.9612723626582 ], [ -75.212186239395805, 39.961279020696303 ], [ -75.212247349873707, 39.9612867075938 ], [ -75.212346764004593, 39.961299174548799 ], [ -75.212445197560996, 39.961311523997601 ], [ -75.212505230344206, 39.961319460600102 ], [ -75.212566326478296, 39.961327533313401 ], [ -75.212628068898894, 39.961335701377301 ], [ -75.212688560568594, 39.961343696460297 ], [ -75.212790371160096, 39.961357602442099 ], [ -75.213151279113404, 39.961404221460299 ], [ -75.213147751898205, 39.961420682481098 ], [ -75.213146178100104, 39.961428062926203 ], [ -75.213083549710902, 39.961721311298803 ], [ -75.213007903566506, 39.962066919577097 ], [ -75.212976414954397, 39.962207833726303 ], [ -75.2129697252591, 39.962237764615899 ], [ -75.212923065960297, 39.962446642599197 ], [ -75.212494501112204, 39.962479382566499 ], [ -75.2123032636175, 39.962495720505103 ], [ -75.212296434012302, 39.962496278984901 ], [ -75.212133270998294, 39.9625102406414 ], [ -75.211860534629395, 39.9625307723785 ], [ -75.211420206601701, 39.9624953677544 ], [ -75.211699575123006, 39.9612662883696 ], [ -75.211710511553903, 39.9612182095835 ] ] ] } },
{ "type": "Feature", "properties": { "aun": 126515001, "school_num": 7811, "location_id": "6540", "school_name": "LANKENAU HIGH SCHOOL", "school_name_label": "LANKENAU HIGH SCHOOL", "street_address": "201 SPRING LN", "zip_code": "19128", "phone_number": "(215) 400-3420", "active": null, "grade_level": "HIGH SCHOOL", "grade_org": "9-12", "enrollment": 228, "type": 1, "type_specific": "DISTRICT", "objectid": 366, "Shape__Area": 117124.6953125, "Shape__Length": 1405.7701100298725 }, "geometry": { "type": "Polygon", "coordinates": [ [ [ -75.254606703715098, 40.060739800010403 ], [ -75.254651296691605, 40.060778609876301 ], [ -75.255415701991197, 40.061443886459898 ], [ -75.255668049154195, 40.061663502043203 ], [ -75.25324381806, 40.0640398803586 ], [ -75.253170558852005, 40.064106123769399 ], [ -75.252853687394804, 40.0638303442053 ], [ -75.252718210752207, 40.063795390139902 ], [ -75.2513764457414, 40.062627585716001 ], [ -75.2513226376077, 40.062580752485999 ], [ -75.254129619127497, 40.060692312646999 ], [ -75.254160014918099, 40.0606806451569 ], [ -75.254192413581507, 40.060672782781502 ], [ -75.254226016568296, 40.060668917652798 ], [ -75.254259992152697, 40.060669147705902 ], [ -75.254293500784499, 40.060673464840796 ], [ -75.254606703715098, 40.060739800010403 ] ] ] } },
{ "type": "Feature", "properties": { "aun": 173515368, "school_num": 7985, "location_id": "3394", "school_name": "PAN AMERICAN ACADEMY CHARTER", "school_name_label": "PAN AMERICAN ACADEMY CHARTER SCHOOL", "street_address": "2830 N AMERICAN ST", "zip_code": "19133", "phone_number": "(215) 425-1212", "active": null, "grade_level": "ELEMENTARY/MIDDLE", "grade_org": "K-8", "enrollment": 762, "type": 2, "type_specific": "CHARTER", "objectid": 367, "Shape__Area": 9164.765625, "Shape__Length": 467.12706925765121 }, "geometry": { "type": "Polygon", "coordinates": [ [ [ -75.135925717613404, 39.993697270126098 ], [ -75.136324393870893, 39.993747286838897 ], [ -75.136210779594094, 39.994272119588899 ], [ -75.136684516027202, 39.994332929847197 ], [ -75.1365989132225, 39.9947275742934 ], [ -75.135730843197095, 39.994616175229297 ], [ -75.135925717613404, 39.993697270126098 ] ] ] } },
{ "type": "Feature", "properties": { "aun": 126515001, "school_num": 3725, "location_id": "6380", "school_name": "SHAWMONT SCHOOL", "school_name_label": "SHAWMONT SCHOOL", "street_address": "535 SHAWMONT AVE", "zip_code": "19128", "phone_number": "(215) 400-3440", "active": null, "grade_level": "ELEMENTARY/MIDDLE", "grade_org": "K-8", "enrollment": 457, "type": 1, "type_specific": "DISTRICT", "objectid": 368, "Shape__Area": 17605.36328125, "Shape__Length": 580.77919141283996 }, "geometry": { "type": "Polygon", "coordinates": [ [ [ -75.237777832931002, 40.051247777182702 ], [ -75.239117367445402, 40.050690444339303 ], [ -75.239481606643096, 40.051139833768701 ], [ -75.239002315305299, 40.051372923887698 ], [ -75.239193588107398, 40.051626326300102 ], [ -75.239234578737793, 40.051680624999598 ], [ -75.239228007259797, 40.051684784740203 ], [ -75.239017217550995, 40.051781327559901 ], [ -75.238625977764102, 40.051960501769301 ], [ -75.238003196113496, 40.051443155486197 ], [ -75.2379970785708, 40.051437863548401 ], [ -75.237777832931002, 40.051247777182702 ] ] ] } },
{ "type": "Feature", "properties": { "aun": 226510080, "school_num": null, "location_id": null, "school_name": "CRISTO REY PHILADELPHIA HIGH SCHOOL", "school_name_label": "CRISTO REY PHILADELPHIA HIGH SCHOOL", "street_address": "1717 W ALLEGHENY AVE", "zip_code": "19132", "phone_number": "(215) 219-3943", "active": "O", "grade_level": "HIGH SCHOOL", "grade_org": "9-12", "enrollment": null, "type": 3, "type_specific": "PRIVATE", "objectid": 369, "Shape__Area": 40605.35546875, "Shape__Length": 934.74658695061419 }, "geometry": { "type": "Polygon", "coordinates": [ [ [ -75.157532025379396, 40.003482037620003 ], [ -75.157570173225295, 40.003318991705598 ], [ -75.157955993480499, 40.003369651604501 ], [ -75.157964828593805, 40.003370811797801 ], [ -75.158106559765898, 40.002721038155897 ], [ -75.1580015371119, 40.002707489845001 ], [ -75.158060592120094, 40.002436760039799 ], [ -75.158448331498903, 40.002486781453399 ], [ -75.159571741548504, 40.002631703604798 ], [ -75.160046496432798, 40.0040844670174 ], [ -75.158151379066993, 40.003840210753197 ], [ -75.158210384883503, 40.003569475258203 ], [ -75.158156405820606, 40.003562518246802 ], [ -75.157532025379396, 40.003482037620003 ] ] ] } },
{ "type": "Feature", "properties": { "aun": 126513020, "school_num": 7548, "location_id": "3314", "school_name": "WEST OAK LANE CHARTER SCHOOL", "school_name_label": "WEST OAK LANE CHARTER SCHOOL", "street_address": "7115 STENTON AVE", "zip_code": "19138", "phone_number": "(215) 927-7995", "active": null, "grade_level": "ELEMENTARY/MIDDLE", "grade_org": "K-8", "enrollment": 970, "type": 2, "type_specific": "CHARTER", "objectid": 370, "Shape__Area": 29914.03125, "Shape__Length": 746.20566711552306 }, "geometry": { "type": "Polygon", "coordinates": [ [ [ -75.163051924468107, 40.058743615096603 ], [ -75.163332858656105, 40.058904172208898 ], [ -75.163622129062205, 40.058617206360204 ], [ -75.164517443947304, 40.059128157832902 ], [ -75.164135916885897, 40.059522892043603 ], [ -75.164447553735897, 40.059701253143203 ], [ -75.164128498736702, 40.060032084426098 ], [ -75.164101340228797, 40.060016620001797 ], [ -75.164029814569204, 40.060090570256797 ], [ -75.163901028548295, 40.060223715530299 ], [ -75.163843796591095, 40.060269017587402 ], [ -75.163654554891394, 40.060384171385898 ], [ -75.1636034261021, 40.060332436484998 ], [ -75.162844659165799, 40.059545874063502 ], [ -75.162808360000895, 40.059502567176601 ], [ -75.162779760908506, 40.0594559794079 ], [ -75.162759353058902, 40.059406913588703 ], [ -75.162747489662493, 40.059356215619601 ], [ -75.162744376278098, 40.0593047596101 ], [ -75.162750064006602, 40.0592534342099 ], [ -75.162764456037806, 40.059203124736101 ], [ -75.162787303859304, 40.059154697319997 ], [ -75.162818213502206, 40.059108988911603 ], [ -75.162884440954699, 40.059020700987901 ], [ -75.162945547065107, 40.058930259172499 ], [ -75.163001410882799, 40.0588378375734 ], [ -75.163051924468107, 40.058743615096603 ] ] ] } },
{ "type": "Feature", "properties": { "aun": null, "school_num": null, "location_id": "8190", "school_name": "ONE BRIGHT RAY-FAIRHILL CAMPUS", "school_name_label": "ONE BRIGHT RAY - FAIRHILL CAMPUS", "street_address": "2820 N 4TH ST", "zip_code": "19133", "phone_number": "(215) 423-1776", "active": null, "grade_level": "HIGH SCHOOL", "grade_org": "9-12", "enrollment": 262, "type": 1, "type_specific": "CONTRACTED", "objectid": 371, "Shape__Area": 1064.71875, "Shape__Length": 131.58841357629012 }, "geometry": { "type": "Polygon", "coordinates": [ [ [ -75.138052236459899, 39.994312747351103 ], [ -75.137872975503996, 39.994289935835802 ], [ -75.137915875592, 39.994093297438702 ], [ -75.138242137130902, 39.994136298400399 ], [ -75.138198908503398, 39.994332784132702 ], [ -75.1380564900184, 39.994313327314899 ], [ -75.138052236459899, 39.994312747351103 ] ] ] } },
{ "type": "Feature", "properties": { "aun": 126515001, "school_num": 6530, "location_id": "1340", "school_name": "LEA, HENRY C.", "school_name_label": "HENRY C. LEA SCHOOL", "street_address": "4700 LOCUST ST", "zip_code": "19139", "phone_number": "(215) 400-7660", "active": null, "grade_level": "ELEMENTARY/MIDDLE", "grade_org": "K-8", "enrollment": 474, "type": 1, "type_specific": "DISTRICT", "objectid": 372, "Shape__Area": 6380.1015625, "Shape__Length": 326.43453527009734 }, "geometry": { "type": "Polygon", "coordinates": [ [ [ -75.216000391397301, 39.954522604002101 ], [ -75.216103732526406, 39.9540293766361 ], [ -75.216522685963596, 39.954081364129799 ], [ -75.216872647970206, 39.954124791002002 ], [ -75.216843500220705, 39.9542657621746 ], [ -75.216805384154597, 39.954450113334801 ], [ -75.216831187260894, 39.9546256979948 ], [ -75.216000391397301, 39.954522604002101 ] ] ] } },
{ "type": "Feature", "properties": { "aun": 326517668, "school_num": null, "location_id": null, "school_name": "HYACINTH MONTESSORI", "school_name_label": "HYACINTH MONTESSORI", "street_address": "5050 BALTIMORE AVE", "zip_code": "19143", "phone_number": "(267) 209-0869", "active": null, "grade_level": "ELEMENTARY SCHOOL", "grade_org": "K-6", "enrollment": null, "type": 3, "type_specific": "PRIVATE", "objectid": 373, "Shape__Area": 660.15625, "Shape__Length": 120.08252813765409 }, "geometry": { "type": "Polygon", "coordinates": [ [ [ -75.224787250258402, 39.9476830768158 ], [ -75.224751361060299, 39.947468138526297 ], [ -75.224802109474894, 39.947433679792297 ], [ -75.2248089568279, 39.947439923533402 ], [ -75.2248734620227, 39.9474946026873 ], [ -75.224879695486507, 39.9475276443737 ], [ -75.224912111892095, 39.947527678838 ], [ -75.225080034169096, 39.9476713869972 ], [ -75.224906775700404, 39.947671200807498 ], [ -75.224888019871202, 39.947672640609099 ], [ -75.224847125409994, 39.947675786988597 ], [ -75.224787250258402, 39.9476830768158 ] ] ] } },
{ "type": "Feature", "properties": { "aun": 126515001, "school_num": 3702, "location_id": "5410", "school_name": "SHEPPARD, ISAAC A. SCHOOL", "school_name_label": "ISAAC A. SHEPPARD SCHOOL", "street_address": "120 W CAMBRIA ST", "zip_code": "19133", "phone_number": "(215) 400-7070", "active": null, "grade_level": "ELEMENTARY SCHOOL", "grade_org": "K-4", "enrollment": 123, "type": 1, "type_specific": "DISTRICT", "objectid": 374, "Shape__Area": 3813.640625, "Shape__Length": 274.80801044238524 }, "geometry": { "type": "Polygon", "coordinates": [ [ [ -75.131729509218005, 39.9940956096844 ], [ -75.131399727974099, 39.994053750984698 ], [ -75.131393804245306, 39.994053004274598 ], [ -75.131446412046103, 39.9938230757041 ], [ -75.131457231481903, 39.993774027441098 ], [ -75.1314896462154, 39.993628010187699 ], [ -75.131500473052398, 39.993578768370199 ], [ -75.131541139395196, 39.993399248889801 ], [ -75.131544572730505, 39.993384110023698 ], [ -75.131730272063393, 39.993406706713102 ], [ -75.131744479459101, 39.993408401474802 ], [ -75.131885758184097, 39.993425276793801 ], [ -75.131842544300994, 39.993620342894602 ], [ -75.131832577121202, 39.993670120183999 ], [ -75.131800189184503, 39.993815992838599 ], [ -75.131788461334907, 39.993865213001698 ], [ -75.131737580724803, 39.994096632877103 ], [ -75.131729509218005, 39.9940956096844 ] ] ] } },
{ "type": "Feature", "properties": { "aun": 126515001, "school_num": 3722, "location_id": "6340", "school_name": "PENNELL, JOSEPH ELEMENTARY", "school_name_label": "JOSEPH PENNELL SCHOOL", "street_address": "1800 NEDRO AVE", "zip_code": "19141", "phone_number": "(215) 400-3680", "active": null, "grade_level": "ELEMENTARY SCHOOL", "grade_org": "K-5", "enrollment": 270, "type": 1, "type_specific": "DISTRICT", "objectid": 375, "Shape__Area": 14290.078125, "Shape__Length": 507.05387840576191 }, "geometry": { "type": "Polygon", "coordinates": [ [ [ -75.1500053476082, 40.043563583317301 ], [ -75.150098644765905, 40.043142467889297 ], [ -75.150100063973198, 40.043136100533701 ], [ -75.150100709346603, 40.043130730434299 ], [ -75.150101553692707, 40.043128428298402 ], [ -75.150103872079995, 40.0431221139564 ], [ -75.150108032484496, 40.0431169844721 ], [ -75.1501109572865, 40.043114004105398 ], [ -75.150115853250099, 40.043104975221503 ], [ -75.150122393163699, 40.043098514279102 ], [ -75.150129395014801, 40.043090935267102 ], [ -75.150146336513899, 40.043077391232003 ], [ -75.150161359211197, 40.043069026289103 ], [ -75.150171092249394, 40.0430656999484 ], [ -75.150190048069305, 40.043059246328902 ], [ -75.150194071297605, 40.043057161429097 ], [ -75.150199246826602, 40.0430551014828 ], [ -75.150208366054997, 40.043053567787098 ], [ -75.150219748846297, 40.043052084194997 ], [ -75.150228882958601, 40.043051806627801 ], [ -75.150245854418799, 40.043050063208298 ], [ -75.150250502200805, 40.0430502652586 ], [ -75.150277583999099, 40.043049040107903 ], [ -75.150282142858501, 40.043048273803102 ], [ -75.150300266239498, 40.043048248106501 ], [ -75.150307105303199, 40.043047097539201 ], [ -75.150313873901595, 40.043047250725799 ], [ -75.150324091603594, 40.043046611363501 ], [ -75.150328052031597, 40.043046700995198 ], [ -75.150337703121295, 40.043046048808201 ], [ -75.150346785206494, 40.043044949001903 ], [ -75.1503513161028, 40.043045486284498 ], [ -75.150360381546605, 40.043044820841402 ], [ -75.150371729543593, 40.043044207055203 ], [ -75.150387606001502, 40.043043696879103 ], [ -75.150401230345395, 40.043042263998402 ], [ -75.150412546480993, 40.043042520095298 ], [ -75.150417088740696, 40.043042187024199 ], [ -75.150428454237996, 40.043041154655199 ], [ -75.150459053472503, 40.043040107050402 ], [ -75.150463612372405, 40.043039339613102 ], [ -75.150472644490193, 40.043039544015201 ], [ -75.150486289329095, 40.043038111588302 ], [ -75.150492496636303, 40.0430386868032 ], [ -75.150498770547898, 40.043037523434798 ], [ -75.150508934425503, 40.0430377534462 ], [ -75.150518020364302, 40.043037088454703 ], [ -75.150524259487895, 40.043036794905902 ], [ -75.150528238062904, 40.043036449074201 ], [ -75.150532780278496, 40.043036117123798 ], [ -75.150537340641407, 40.043035349716703 ], [ -75.150553178494206, 40.043035273385101 ], [ -75.150566790007701, 40.043034710802701 ], [ -75.150575875945506, 40.0430340458065 ], [ -75.150588336665194, 40.043033457179497 ], [ -75.150592878923405, 40.043033124101399 ], [ -75.150606525179498, 40.043031692818701 ], [ -75.150631465650804, 40.043030515987297 ], [ -75.150635974586706, 40.043031052761599 ], [ -75.150649620841406, 40.0430296214737 ], [ -75.150654129777394, 40.043030158247397 ], [ -75.150681367088396, 40.043028162772202 ], [ -75.150685877445497, 40.043028700702997 ], [ -75.150706344693702, 40.043026552024003 ], [ -75.150715376810496, 40.043026756407102 ], [ -75.150719920488697, 40.043026424482399 ], [ -75.150749419851607, 40.043024480177799 ], [ -75.150753930209106, 40.043025018105901 ], [ -75.150778923889604, 40.043022987606399 ], [ -75.150792515504705, 40.043022408779301 ], [ -75.150812917572296, 40.043021999822699 ], [ -75.150819758088801, 40.0430208492579 ], [ -75.150828788741094, 40.043021053598999 ], [ -75.150840154228703, 40.043020021189299 ], [ -75.150843533473406, 40.043020516625802 ], [ -75.150871917104993, 40.043018128070699 ], [ -75.150875860851002, 40.043018653173299 ], [ -75.150884398316805, 40.0430175398754 ], [ -75.150895747768701, 40.0430169260705 ], [ -75.150902536862901, 40.043017079686301 ], [ -75.150906476792301, 40.043017168834297 ], [ -75.150914997533604, 40.0430164921491 ], [ -75.150921836626793, 40.043015340419799 ], [ -75.1509376949721, 40.043015264498997 ], [ -75.150952417740598, 40.043014727014899 ], [ -75.150974001519401, 40.043013039418703 ], [ -75.150978510456895, 40.043013576179597 ], [ -75.150983050315602, 40.043012808291003 ], [ -75.1510034523792, 40.043012399300601 ], [ -75.151019360677694, 40.043011019149901 ], [ -75.151028392793407, 40.043011223508401 ], [ -75.151032968364802, 40.043010020558803 ], [ -75.151037478723595, 40.0430105584758 ], [ -75.151051123544704, 40.043009125981698 ], [ -75.151073767164405, 40.043008767695298 ], [ -75.151089643651702, 40.043008256296901 ], [ -75.151100993100201, 40.0430076424717 ], [ -75.151146330289293, 40.043005621656 ], [ -75.151155432853699, 40.043004522249497 ], [ -75.151178098432993, 40.043004164439303 ], [ -75.151197363898405, 40.043002746464502 ], [ -75.151209861292401, 40.043002271227202 ], [ -75.151216700335993, 40.043001120605702 ], [ -75.151221190198001, 40.043001658051701 ], [ -75.151230381326897, 40.043000962721997 ], [ -75.151239362051797, 40.043000327955298 ], [ -75.151245569362004, 40.043000903129403 ], [ -75.151249579738007, 40.042999688510598 ], [ -75.1512586656645, 40.042999023460503 ], [ -75.151269959834295, 40.042999278975998 ], [ -75.151274520186405, 40.0429985115397 ], [ -75.151281309279696, 40.042998665133098 ], [ -75.151296031395404, 40.042998144484301 ], [ -75.151300612244597, 40.042997377510702 ], [ -75.151307380840294, 40.0429975306388 ], [ -75.151323255859097, 40.042997019174997 ], [ -75.151327832845297, 40.042995817372002 ], [ -75.151336318845694, 40.042996009351498 ], [ -75.151347097858405, 40.042994946729998 ], [ -75.151360677508805, 40.042995253941001 ], [ -75.151367549861703, 40.042993233456201 ], [ -75.151383393030798, 40.0429935918715 ], [ -75.151387948054094, 40.042992389569299 ], [ -75.151400394480504, 40.042992671139103 ], [ -75.151406635103299, 40.042992376450201 ], [ -75.151442833965007, 40.042990245645697 ], [ -75.151457136366105, 40.042989166987297 ], [ -75.151468431999206, 40.042989422516499 ], [ -75.151486587167895, 40.042988527870698 ], [ -75.151500211477497, 40.042987094859697 ], [ -75.151504155269706, 40.042987618815403 ], [ -75.151524040655005, 40.042985892696002 ], [ -75.151530831211701, 40.042986046307803 ], [ -75.151535373419094, 40.042985714317801 ], [ -75.151547885631302, 40.042984851941597 ], [ -75.151568026461803, 40.043238277134002 ], [ -75.151570407885899, 40.043268120884399 ], [ -75.151594250415201, 40.043567812560703 ], [ -75.151592044318505, 40.043567906820201 ], [ -75.151469317753794, 40.043573641836701 ], [ -75.151415550169801, 40.043576150090303 ], [ -75.151274733659307, 40.043582716815799 ], [ -75.151210586978607, 40.0435857143557 ], [ -75.150683899322701, 40.043610308874698 ], [ -75.149987493970499, 40.043644181820397 ], [ -75.1500053476082, 40.043563583317301 ] ] ] } },
{ "type": "Feature", "properties": { "aun": 126515001, "school_num": 3808, "location_id": "2140", "school_name": "MASTERMAN,JULIA R. HIGH SCHOOL", "school_name_label": "JULIA R. MASTERMAN SCHOOL", "street_address": "1699 SPRING GARDEN ST", "zip_code": "19130", "phone_number": "(215) 400-7580", "active": null, "grade_level": "MIDDLE/HIGH", "grade_org": "5-12", "enrollment": 1182, "type": 1, "type_specific": "DISTRICT", "objectid": 376, "Shape__Area": 5332.70703125, "Shape__Length": 292.8608248702227 }, "geometry": { "type": "Polygon", "coordinates": [ [ [ -75.165323582852807, 39.963590935721598 ], [ -75.165421368664497, 39.963129579472103 ], [ -75.166117776751705, 39.963216837438402 ], [ -75.166018586641101, 39.963678870973098 ], [ -75.165323582852807, 39.963590935721598 ] ] ] } },
{ "type": "Feature", "properties": { "aun": 126515001, "school_num": 3798, "location_id": "1370", "school_name": "MITCHELL ELEMENTARY SCHOOL", "school_name_label": "S. WEIR MITCHELL SCHOOL", "street_address": "5500 KINGSESSING AVE", "zip_code": "19143", "phone_number": "(215) 400-7880", "active": null, "grade_level": "ELEMENTARY/MIDDLE", "grade_org": "K-8", "enrollment": 287, "type": 1, "type_specific": "DISTRICT", "objectid": 377, "Shape__Area": 18586.5390625, "Shape__Length": 566.14270561369153 }, "geometry": { "type": "Polygon", "coordinates": [ [ [ -75.2235732740304, 39.936141690985302 ], [ -75.223576846863907, 39.936144719335303 ], [ -75.223643959902603, 39.936201584381102 ], [ -75.223798142685396, 39.936332228693097 ], [ -75.223799888348694, 39.936333717752298 ], [ -75.223958165456395, 39.936468610129403 ], [ -75.224141868270706, 39.936624244613697 ], [ -75.224202532842, 39.936673794216603 ], [ -75.224158243907397, 39.936703655526898 ], [ -75.223430831071099, 39.937208793650399 ], [ -75.223387069701801, 39.937239085264402 ], [ -75.223289550077794, 39.937306702377299 ], [ -75.223038456288293, 39.937482918789101 ], [ -75.223011576330705, 39.937501895123702 ], [ -75.222949005077595, 39.937449562714001 ], [ -75.222391910639502, 39.9369810069633 ], [ -75.222384351710502, 39.9369748115626 ], [ -75.2235732740304, 39.936141690985302 ] ] ] } },
{ "type": "Feature", "properties": { "aun": 226517319, "school_num": null, "location_id": null, "school_name": "SOPHIA ACADEMY", "school_name_label": "SOPHIA ACADEMY", "street_address": "5900 N 5TH ST", "zip_code": "19120", "phone_number": "(267) 595-4723", "active": null, "grade_level": "HIGH SCHOOL", "grade_org": "9-12", "enrollment": null, "type": 3, "type_specific": "PRIVATE", "objectid": 378, "Shape__Area": 2440.40234375, "Shape__Length": 229.69830443348954 }, "geometry": { "type": "Polygon", "coordinates": [ [ [ -75.129885238804903, 40.041629546464002 ], [ -75.129913447554799, 40.041494846003701 ], [ -75.129561656036103, 40.041447859644499 ], [ -75.129617509477498, 40.041181138916699 ], [ -75.129617691774598, 40.041179112392697 ], [ -75.129618314600194, 40.0411722427787 ], [ -75.129801133785506, 40.041231511991001 ], [ -75.1301307687703, 40.041334122686997 ], [ -75.130104817737902, 40.041470098951599 ], [ -75.1300824896515, 40.0415872329691 ], [ -75.130078914684503, 40.041604867807997 ], [ -75.130070706996705, 40.041645254826101 ], [ -75.130068846221207, 40.041654319481502 ], [ -75.130042693968804, 40.041651015401897 ], [ -75.129990599124994, 40.041644442416697 ], [ -75.129970814172495, 40.041641927786898 ], [ -75.129885238804903, 40.041629546464002 ] ] ] } },
{ "type": "Feature", "properties": { "aun": 126515001, "school_num": 7855, "location_id": "5550", "school_name": "KENSINGTON HEALTH SCIENCES", "school_name_label": "KENSINGTON HEALTH SCIENCES ACADEMY", "street_address": "2463 EMERALD ST", "zip_code": "19125", "phone_number": "(215) 400-3600", "active": null, "grade_level": "HIGH SCHOOL", "grade_org": "9-12", "enrollment": 457, "type": 1, "type_specific": "DISTRICT", "objectid": 379, "Shape__Area": 6650.51171875, "Shape__Length": 363.86847218680123 }, "geometry": { "type": "Polygon", "coordinates": [ [ [ -75.127883762821895, 39.9845022772422 ], [ -75.128190074505497, 39.984339821371499 ], [ -75.128379270597705, 39.984549641498901 ], [ -75.128514348015202, 39.9844775104063 ], [ -75.128753674114904, 39.984746442439601 ], [ -75.128919441969998, 39.984932449636297 ], [ -75.1289437044788, 39.984959681996401 ], [ -75.128620022572704, 39.985132914754402 ], [ -75.128566484302596, 39.9851615620518 ], [ -75.128500665249405, 39.985196795761702 ], [ -75.128309672225797, 39.984982986092803 ], [ -75.128072138421501, 39.984715399422498 ], [ -75.127883762821895, 39.9845022772422 ] ] ] } },
{ "type": "Feature", "properties": { "aun": 108515107, "school_num": 7960, "location_id": "3392", "school_name": "SOUTHWEST LEADERSHIP ACADEMY", "school_name_label": "SOUTHWEST LEADERSHIP ACADEMY CHARTER SCHOOL", "street_address": "7101 PASCHALL AVE", "zip_code": "19142", "phone_number": "(215) 729-1939", "active": null, "grade_level": "ELEMENTARY/MIDDLE", "grade_org": "K-8", "enrollment": 647, "type": 2, "type_specific": "CHARTER", "objectid": 380, "Shape__Area": 5042.85546875, "Shape__Length": 343.17868363371264 }, "geometry": { "type": "Polygon", "coordinates": [ [ [ -75.242210501426101, 39.918327095102697 ], [ -75.242669520538499, 39.918003782890899 ], [ -75.243145130334597, 39.918409544075303 ], [ -75.243286134001593, 39.918528477705202 ], [ -75.243089305451306, 39.918667670055797 ], [ -75.242891113005896, 39.9185015125219 ], [ -75.242818891132799, 39.918552563741997 ], [ -75.242802624779799, 39.918538925155701 ], [ -75.242767116188006, 39.918564020739502 ], [ -75.242728108724094, 39.918531299617101 ], [ -75.242711471766697, 39.918543057558999 ], [ -75.242547131612099, 39.918405269756903 ], [ -75.242415108314901, 39.918498648064002 ], [ -75.242210501426101, 39.918327095102697 ] ] ] } },
{ "type": "Feature", "properties": { "aun": 126515001, "school_num": 3776, "location_id": "2320", "school_name": "GIRARD, STEPHEN SCHOOL", "school_name_label": "STEPHEN GIRARD SCHOOL", "street_address": "1800 SNYDER AVE", "zip_code": "19145", "phone_number": "(215) 400-8180", "active": null, "grade_level": "ELEMENTARY SCHOOL", "grade_org": "K-4", "enrollment": 297, "type": 1, "type_specific": "DISTRICT", "objectid": 381, "Shape__Area": 12878.34765625, "Shape__Length": 467.08897721722894 }, "geometry": { "type": "Polygon", "coordinates": [ [ [ -75.176209517973902, 39.925114647729899 ], [ -75.176325885382795, 39.924576053621401 ], [ -75.176367417553607, 39.924383806306203 ], [ -75.176654967764506, 39.924329423388201 ], [ -75.176680927106702, 39.924324508652298 ], [ -75.176836427077106, 39.924295097712601 ], [ -75.176866602887003, 39.924289392308197 ], [ -75.177094749901201, 39.924246232028203 ], [ -75.177176823111594, 39.924230713286001 ], [ -75.1772541303758, 39.924216085426401 ], [ -75.177294048029594, 39.924208535164702 ], [ -75.1771341043207, 39.924985965945801 ], [ -75.177084097947997, 39.925229043213797 ], [ -75.177080839081995, 39.925244879728602 ], [ -75.176206241761193, 39.925129855378202 ], [ -75.176209517973902, 39.925114647729899 ] ] ] } },
{ "type": "Feature", "properties": { "aun": 126515001, "school_num": 5125, "location_id": "5320", "school_name": "HARTRANFT, JOHN F. SCHOOL", "school_name_label": "JOHN F. HARTRANFT SCHOOL", "street_address": "720 W CUMBERLAND ST", "zip_code": "19133", "phone_number": "(215) 400-7090", "active": null, "grade_level": "ELEMENTARY/MIDDLE", "grade_org": "K-8", "enrollment": 310, "type": 1, "type_specific": "DISTRICT", "objectid": 382, "Shape__Area": 16073.3828125, "Shape__Length": 507.16402404830274 }, "geometry": { "type": "Polygon", "coordinates": [ [ [ -75.144608233681694, 39.989423246316598 ], [ -75.144783186460003, 39.988553467948698 ], [ -75.145898297499997, 39.988694804947897 ], [ -75.145717090410201, 39.9895667955767 ], [ -75.144608233681694, 39.989423246316598 ] ] ] } },
{ "type": "Feature", "properties": { "aun": 126515001, "school_num": 3601, "location_id": "1230", "school_name": "BRYANT, WILLIAM C. SCHOOL", "school_name_label": "WILLIAM C. BRYANT SCHOOL", "street_address": "6001 CEDAR AVE", "zip_code": "19143", "phone_number": "(215) 400-7910", "active": null, "grade_level": "ELEMENTARY/MIDDLE", "grade_org": "K-8", "enrollment": 301, "type": 1, "type_specific": "DISTRICT", "objectid": 383, "Shape__Area": 17606.27734375, "Shape__Length": 573.04869146454712 }, "geometry": { "type": "Polygon", "coordinates": [ [ [ -75.242716023608693, 39.953175229817901 ], [ -75.242778018861898, 39.9528789867136 ], [ -75.242842149934106, 39.952572556107697 ], [ -75.242843775821697, 39.952572752694202 ], [ -75.243659952498803, 39.952673924773102 ], [ -75.243674650966, 39.9526757449309 ], [ -75.243742246237701, 39.952684121075301 ], [ -75.243843595310096, 39.952696684259003 ], [ -75.244590366145601, 39.952789240306103 ], [ -75.244549124245196, 39.952990348904599 ], [ -75.244544731670501, 39.953011804715601 ], [ -75.244466687511306, 39.953392420686903 ], [ -75.244466178477595, 39.9533948749106 ], [ -75.242714853464307, 39.953180845586999 ], [ -75.242716023608693, 39.953175229817901 ] ] ] } },
{ "type": "Feature", "properties": { "aun": 126515001, "school_num": 3655, "location_id": "5560", "school_name": "SPRING GARDEN SCHOOL", "school_name_label": "SPRING GARDEN SCHOOL", "street_address": "1146 MELON ST", "zip_code": "19123", "phone_number": "(215) 400-7610", "active": null, "grade_level": "ELEMENTARY/MIDDLE", "grade_org": "K-8", "enrollment": 236, "type": 1, "type_specific": "DISTRICT", "objectid": 384, "Shape__Area": 7470.51953125, "Shape__Length": 411.52464451147381 }, "geometry": { "type": "Polygon", "coordinates": [ [ [ -75.155503153325398, 39.965026699047002 ], [ -75.155563285728903, 39.964748394987097 ], [ -75.155565629431905, 39.964737501733097 ], [ -75.155643856718399, 39.964754971982302 ], [ -75.156378376975297, 39.964919059270699 ], [ -75.156926637899701, 39.965041533391599 ], [ -75.156926078868494, 39.965044099922103 ], [ -75.156854814148801, 39.965372721497801 ], [ -75.156853236377103, 39.965380004359702 ], [ -75.155498826357004, 39.965046750232403 ], [ -75.155503153325398, 39.965026699047002 ] ] ] } },
{ "type": "Feature", "properties": { "aun": 126512039, "school_num": null, "location_id": "3442", "school_name": "INDEPENDENCE CHARTER WEST", "school_name_label": "INDEPENDENCE CHARTER SCHOOL WEST", "street_address": "5600 CHESTER AVE", "zip_code": "19143", "phone_number": "(215) 724-5600", "active": null, "grade_level": "ELEMENTARY/MIDDLE", "grade_org": "K-8", "enrollment": 823, "type": 2, "type_specific": "CHARTER", "objectid": 385, "Shape__Area": 2565.30859375, "Shape__Length": 288.6265057448432 }, "geometry": { "type": "Polygon", "coordinates": [ [ [ -75.225372353454205, 39.937362442719902 ], [ -75.225271161967001, 39.937276382916302 ], [ -75.225008335318705, 39.9370528570768 ], [ -75.225183839974093, 39.936930573112001 ], [ -75.225332911037398, 39.9370573556997 ], [ -75.225370638169593, 39.937031069498303 ], [ -75.225368958946106, 39.937029641617798 ], [ -75.2253569420905, 39.937019421061002 ], [ -75.225382981146097, 39.937001278255003 ], [ -75.225386157768497, 39.9369990641488 ], [ -75.225359623589995, 39.936976499077502 ], [ -75.225577285102105, 39.936824839675602 ], [ -75.225579901471093, 39.936823016429699 ], [ -75.225727447091998, 39.9369484978887 ], [ -75.225507398947798, 39.937101820319498 ], [ -75.225505023386305, 39.937099799348303 ], [ -75.225470878792606, 39.937070760925103 ], [ -75.225469468477897, 39.937071743505101 ], [ -75.225404604352306, 39.937116937888199 ], [ -75.2254044661818, 39.937117033956604 ], [ -75.225547246697204, 39.937238464375802 ], [ -75.225551985135596, 39.937242493648 ], [ -75.225491315812704, 39.937284765447302 ], [ -75.225493846042596, 39.9372869159629 ], [ -75.2254802745245, 39.937296371669198 ], [ -75.225480274212501, 39.937306857032702 ], [ -75.225465981718997, 39.937316816068197 ], [ -75.225451560060705, 39.937317569685 ], [ -75.225441156102605, 39.9373248189629 ], [ -75.225438536052494, 39.937323314061899 ], [ -75.225376867770507, 39.937366282361197 ], [ -75.225372353454205, 39.937362442719902 ] ] ] } },
{ "type": "Feature", "properties": { "aun": 226519242, "school_num": null, "location_id": null, "school_name": "ST PIO REGIONAL CATHOLIC SCHOOL", "school_name_label": "ST PIO CATHOLIC REGIONAL SCHOOL", "street_address": "1826 POLLOCK ST", "zip_code": "19145", "phone_number": "(215) 467-5430", "active": "O", "grade_level": "ELEMENTARY/MIDDLE", "grade_org": "PREK-8", "enrollment": null, "type": 3, "type_specific": "ARCHDIOCESE", "objectid": 386, "Shape__Area": 2417.078125, "Shape__Length": 282.73564357597849 }, "geometry": { "type": "Polygon", "coordinates": [ [ [ -75.178944876286096, 39.913776224600198 ], [ -75.178763513814403, 39.913753076162699 ], [ -75.178770511886199, 39.913720563517003 ], [ -75.178755253315302, 39.913718615260301 ], [ -75.178752758638396, 39.913730203773802 ], [ -75.178708893963403, 39.913724605703798 ], [ -75.178696478075494, 39.913723020779599 ], [ -75.178697376097304, 39.913718844453697 ], [ -75.178288791651397, 39.9136666917803 ], [ -75.178279141350899, 39.9136654594219 ], [ -75.178311554345498, 39.913514879409902 ], [ -75.178319666119904, 39.913515915073397 ], [ -75.178738230383303, 39.913569342281697 ], [ -75.178738661237603, 39.9135693969952 ], [ -75.178733900833507, 39.913591509203599 ], [ -75.178788079414701, 39.913598425419501 ], [ -75.178833264638101, 39.913388502712699 ], [ -75.178835474179394, 39.913388784275398 ], [ -75.178953287818999, 39.913403822023298 ], [ -75.178953772217397, 39.9134015713446 ], [ -75.178960243031995, 39.913371511135502 ], [ -75.179008143698695, 39.9133776253489 ], [ -75.1790074055627, 39.913381055169197 ], [ -75.179001255784002, 39.913409626898897 ], [ -75.179030499239204, 39.913413359633999 ], [ -75.179033793137407, 39.913413780388197 ], [ -75.178987369974394, 39.913629458773798 ], [ -75.178987130733006, 39.9136305639068 ], [ -75.178998238099197, 39.9136319809257 ], [ -75.1789894341794, 39.913672877553601 ], [ -75.178989258525604, 39.913673693535998 ], [ -75.178977739252701, 39.913672223355 ], [ -75.178976095950802, 39.913672013059099 ], [ -75.178960574336003, 39.913744121034298 ], [ -75.178960311712999, 39.913745341648301 ], [ -75.178954605927601, 39.913744613395501 ], [ -75.178952594351003, 39.913744356547703 ], [ -75.178945910388293, 39.9137754109748 ], [ -75.178945711778496, 39.913776331184998 ], [ -75.178944876286096, 39.913776224600198 ] ] ] } },
{ "type": "Feature", "properties": { "aun": 226519382, "school_num": null, "location_id": null, "school_name": "ST THOMAS AQUINAS SCHOOL", "school_name_label": "ST THOMAS AQUINAS SCHOOL", "street_address": "1616 S 18TH ST", "zip_code": "19145", "phone_number": "(215) 334-0878", "active": "O", "grade_level": "ELEMENTARY/MIDDLE", "grade_org": "PREK-8", "enrollment": null, "type": 3, "type_specific": "PRIVATE", "objectid": 387, "Shape__Area": 1655.53515625, "Shape__Length": 192.99080268632312 }, "geometry": { "type": "Polygon", "coordinates": [ [ [ -75.174762226611804, 39.930618268415799 ], [ -75.174673632792206, 39.930606971431303 ], [ -75.174672248261004, 39.9306133961014 ], [ -75.174624782579997, 39.930607343045502 ], [ -75.174626171104904, 39.930600890308902 ], [ -75.174548984453693, 39.930591046623697 ], [ -75.174616991372901, 39.930274981247003 ], [ -75.174606278802102, 39.930273615527398 ], [ -75.174611456483703, 39.930249553105298 ], [ -75.174612892045502, 39.930249735138098 ], [ -75.174622087494299, 39.930250909108899 ], [ -75.174622238686197, 39.930250200703597 ], [ -75.174637921001406, 39.9301773162492 ], [ -75.174648018755406, 39.9301303907232 ], [ -75.174655111944801, 39.9301312944797 ], [ -75.174736544924897, 39.930141680590999 ], [ -75.1747366585127, 39.930141153796299 ], [ -75.174738907896497, 39.930130706375202 ], [ -75.174746116091995, 39.930131625097601 ], [ -75.1747663167708, 39.9301342006192 ], [ -75.174763971405, 39.930145096392202 ], [ -75.174861154443207, 39.9301574894616 ], [ -75.174820079224304, 39.930348397383099 ], [ -75.174827494152495, 39.930349343267601 ], [ -75.174828105635697, 39.930349421196098 ], [ -75.174812075468196, 39.930423923064502 ], [ -75.174811463984199, 39.930423845135898 ], [ -75.174804513454603, 39.930422959234797 ], [ -75.174762651598797, 39.930617515476598 ], [ -75.174762482848493, 39.930618301200298 ], [ -75.174762226611804, 39.930618268415799 ] ] ] } },
{ "type": "Feature", "properties": { "aun": 226519442, "school_num": null, "location_id": null, "school_name": "ST VERONICA SCHOOL", "school_name_label": "ST VERONICA SCHOOL", "street_address": "3501-25 N 6TH ST", "zip_code": "19140", "phone_number": "(215) 225-1575", "active": "O", "grade_level": "ELEMENTARY/MIDDLE", "grade_org": "K-8", "enrollment": null, "type": 3, "type_specific": "PRIVATE", "objectid": 388, "Shape__Area": 1023.32421875, "Shape__Length": 140.14497056962702 }, "geometry": { "type": "Polygon", "coordinates": [ [ [ -75.1393218624561, 40.005002467797297 ], [ -75.139256748883994, 40.004994554892598 ], [ -75.139256748737495, 40.004991321345202 ], [ -75.139256749201195, 40.004989709651902 ], [ -75.138976309193097, 40.0049556310043 ], [ -75.138962807467294, 40.004953990413902 ], [ -75.138964922904194, 40.004943692535797 ], [ -75.1389650149722, 40.004943240739699 ], [ -75.1389263465787, 40.004938542066 ], [ -75.138913276345903, 40.004936954082098 ], [ -75.138924676390005, 40.004881472733601 ], [ -75.138940546264294, 40.004804246628602 ], [ -75.138941501079998, 40.0048043629521 ], [ -75.138954587340805, 40.004805952424199 ], [ -75.138994784803401, 40.004810837913801 ], [ -75.138995111541206, 40.004806797501402 ], [ -75.139009183218803, 40.004808507365098 ], [ -75.139287593488902, 40.004842338184503 ], [ -75.139287592563605, 40.004840572159502 ], [ -75.139287592800102, 40.004840261312097 ], [ -75.139346182821299, 40.004847380497999 ], [ -75.139362183129506, 40.004849324516599 ], [ -75.139362056944506, 40.004849939973802 ], [ -75.139331086492604, 40.005000672780902 ], [ -75.139330501146802, 40.005003516837199 ], [ -75.1393218624561, 40.005002467797297 ] ] ] } },
{ "type": "Feature", "properties": { "aun": 126515001, "school_num": 3832, "location_id": "1130", "school_name": "TILDEN MIDDLE SCHOOL", "school_name_label": "WILLIAM T. TILDEN SCHOOL", "street_address": "6601 ELMWOOD AVE", "zip_code": "19142", "phone_number": "(215) 400-8170", "active": null, "grade_level": "MIDDLE SCHOOL", "grade_org": "5-8", "enrollment": 266, "type": 1, "type_specific": "DISTRICT", "objectid": 389, "Shape__Area": 7046.109375, "Shape__Length": 365.9462938189393 }, "geometry": { "type": "Polygon", "coordinates": [ [ [ -75.232529570188504, 39.9219355172485 ], [ -75.232467818643798, 39.921881586067101 ], [ -75.232471620802698, 39.921879004847803 ], [ -75.232468553601507, 39.921874300751497 ], [ -75.232458397056604, 39.921881194506398 ], [ -75.232390367279706, 39.921821781401299 ], [ -75.232380117660099, 39.921828739554201 ], [ -75.232351751311697, 39.921803965512197 ], [ -75.232357934320106, 39.921800804747903 ], [ -75.232254959772007, 39.921710872247303 ], [ -75.232264130488801, 39.921704648379297 ], [ -75.232258124286005, 39.921699402215701 ], [ -75.232175693605299, 39.921627410200898 ], [ -75.232172230683702, 39.921624386775598 ], [ -75.232172158654194, 39.921624435875103 ], [ -75.232172013091997, 39.921624535167197 ], [ -75.232160768678895, 39.921632168602699 ], [ -75.232160469714202, 39.921631907506402 ], [ -75.232094997950497, 39.921574727417898 ], [ -75.232102304360197, 39.9215689592993 ], [ -75.231884373919598, 39.921388708955803 ], [ -75.231950281672994, 39.921342694061003 ], [ -75.231955453040797, 39.921339083129503 ], [ -75.231946401513497, 39.921331112131703 ], [ -75.231994010127806, 39.921297942264303 ], [ -75.232004119568202, 39.921306772164499 ], [ -75.232006079091704, 39.921308484291799 ], [ -75.232183671872804, 39.921183190117397 ], [ -75.232190313605003, 39.921178503236497 ], [ -75.2321829389968, 39.921171304518097 ], [ -75.232225182741999, 39.921140448321403 ], [ -75.232231889052301, 39.921144562216099 ], [ -75.232237335477194, 39.921140751209201 ], [ -75.232308330938594, 39.9210910794149 ], [ -75.232313908288802, 39.921095857778397 ], [ -75.232314316580101, 39.921096207995902 ], [ -75.232482899585406, 39.921240669935599 ], [ -75.232507811341193, 39.921223760074703 ], [ -75.232800143930902, 39.921479071540602 ], [ -75.232779271328297, 39.921493239881102 ], [ -75.232954744025506, 39.921642369703299 ], [ -75.232943931169103, 39.921649806584099 ], [ -75.232605208225195, 39.9218827452681 ], [ -75.2326131627092, 39.921889693145701 ], [ -75.232536606595303, 39.921941661108001 ], [ -75.232529570188504, 39.9219355172485 ] ] ] } },
{ "type": "Feature", "properties": { "aun": 226519752, "school_num": null, "location_id": null, "school_name": "VISITATION SCHOOL", "school_name_label": "VISITATION B.V.M. SCHOOL", "street_address": "300-40 E LEHIGH AVE", "zip_code": "19125", "phone_number": "(215) 634-7280", "active": "O", "grade_level": "ELEMENTARY/MIDDLE", "grade_org": "PREK-8", "enrollment": null, "type": 3, "type_specific": "ARCHDIOCESE", "objectid": 390, "Shape__Area": 1949.84375, "Shape__Length": 201.0442017745905 }, "geometry": { "type": "Polygon", "coordinates": [ [ [ -75.126190213574105, 39.990121476056899 ], [ -75.126192072248401, 39.990112632168803 ], [ -75.126192436273598, 39.990110903761199 ], [ -75.126180708320106, 39.990109445178902 ], [ -75.126157500856806, 39.990083650987003 ], [ -75.126163841835293, 39.990053503420498 ], [ -75.126196670565605, 39.990036823522303 ], [ -75.126212064921603, 39.990038738716301 ], [ -75.126214355685704, 39.9900278447329 ], [ -75.126242869628797, 39.990031392225902 ], [ -75.126244455402897, 39.990023850840302 ], [ -75.126248699622707, 39.990003667999702 ], [ -75.126242475215307, 39.989996388454202 ], [ -75.126247957130701, 39.989993400720401 ], [ -75.126342661929399, 39.989941782166902 ], [ -75.126375412053207, 39.989945856701297 ], [ -75.1263767572989, 39.989939462004202 ], [ -75.126376814634597, 39.9899391907542 ], [ -75.126382108192004, 39.989914017681699 ], [ -75.126384212214205, 39.989904014822301 ], [ -75.126465740703097, 39.989854197754397 ], [ -75.126513456702497, 39.989860133689902 ], [ -75.126635095758402, 39.989790174067103 ], [ -75.126682278329298, 39.989796044805701 ], [ -75.126708463961904, 39.989824080683903 ], [ -75.126700096264003, 39.989863867989897 ], [ -75.126704392191897, 39.989864403173598 ], [ -75.1266834429466, 39.989964021673501 ], [ -75.126678075911599, 39.989963353885003 ], [ -75.126651481617998, 39.990089815592903 ], [ -75.126624417580203, 39.990086448884803 ], [ -75.126622138421297, 39.990086165903897 ], [ -75.126605233814502, 39.990166553193802 ], [ -75.126603653509306, 39.9901740676777 ], [ -75.126508968736005, 39.990162286160199 ], [ -75.126510505810799, 39.990154981304201 ], [ -75.126286926024093, 39.990127161440498 ], [ -75.126285623964094, 39.990133347635201 ], [ -75.126190213574105, 39.990121476056899 ] ] ] } },
{ "type": "Feature", "properties": { "aun": 226519902, "school_num": null, "location_id": null, "school_name": "WEST CATHOLIC PREPARATORY HIGH SCHOOL", "school_name_label": "WEST CATHOLIC HIGH SCHOOL", "street_address": "4501-17 CHESTNUT ST", "zip_code": "19139", "phone_number": "(215) 386-2244", "active": "O", "grade_level": "HIGH SCHOOL", "grade_org": "9-12", "enrollment": null, "type": 3, "type_specific": "ARCHDIOCESE", "objectid": 391, "Shape__Area": 7239.27734375, "Shape__Length": 562.63974719906662 }, "geometry": { "type": "Polygon", "coordinates": [ [ [ -75.211959334671903, 39.957559996580201 ], [ -75.211902302786797, 39.9575528366721 ], [ -75.211902741452406, 39.957550770693203 ], [ -75.211320433384699, 39.957477664733197 ], [ -75.211344862013405, 39.957362440019899 ], [ -75.211344920697002, 39.957362162007797 ], [ -75.211359188817099, 39.957363953127199 ], [ -75.211360362887604, 39.957364100742502 ], [ -75.211391976256905, 39.957214981625498 ], [ -75.211377693103202, 39.957201843179199 ], [ -75.211382163432702, 39.957180749399001 ], [ -75.211401066176407, 39.9571707183039 ], [ -75.211432698857394, 39.957021508379697 ], [ -75.211431555374503, 39.957021364820598 ], [ -75.211429035367502, 39.957021047768102 ], [ -75.211411459239201, 39.9570188410759 ], [ -75.211434272711301, 39.956911231245002 ], [ -75.211434315458604, 39.956911027212897 ], [ -75.2114463562677, 39.956912538156601 ], [ -75.211448169794195, 39.956912766369697 ], [ -75.211449985271003, 39.956904207601298 ], [ -75.211679066076897, 39.956932968216002 ], [ -75.211679822873194, 39.956929398971802 ], [ -75.211688197048801, 39.956926773127499 ], [ -75.211694896214198, 39.956927615121003 ], [ -75.211694942839301, 39.956927620657602 ], [ -75.211697531361395, 39.9569279448515 ], [ -75.211699845692294, 39.956930202385998 ], [ -75.211700802985902, 39.956931138083696 ], [ -75.211708216830004, 39.956926443462798 ], [ -75.211709065253601, 39.956925905865504 ], [ -75.211790650123206, 39.956936148807998 ], [ -75.2118161184423, 39.956939346585102 ], [ -75.211825608192498, 39.956946621522199 ], [ -75.211825060906506, 39.956949205426298 ], [ -75.212062530937999, 39.956979019214202 ], [ -75.212064695576998, 39.956979290098701 ], [ -75.212063704457293, 39.956983961267603 ], [ -75.212061840788493, 39.956992754364698 ], [ -75.212098355061499, 39.956997338458301 ], [ -75.212107230534897, 39.9569984526957 ], [ -75.212112659324603, 39.956972850306997 ], [ -75.212112748244195, 39.956972428803098 ], [ -75.212280774811404, 39.956993522666998 ], [ -75.212279829375703, 39.956997989869997 ], [ -75.212266750880701, 39.957059680498801 ], [ -75.212269436556298, 39.957091844861402 ], [ -75.212254034234107, 39.9571644999615 ], [ -75.212294570537296, 39.957169587420303 ], [ -75.212295727100994, 39.9571697335126 ], [ -75.212313165250293, 39.957087474834999 ], [ -75.212293826512294, 39.9570850468372 ], [ -75.212311023444997, 39.957003916960701 ], [ -75.212311083628705, 39.957003637855102 ], [ -75.212325463832897, 39.957005443723602 ], [ -75.212327845514395, 39.957005741929102 ], [ -75.212328635903106, 39.9570020168753 ], [ -75.212328851130593, 39.957000995620099 ], [ -75.212444933035499, 39.9570155679979 ], [ -75.212512519517006, 39.957024053559401 ], [ -75.212444214630395, 39.957346282900303 ], [ -75.212442773966004, 39.9573461023693 ], [ -75.212264833837594, 39.957323763456898 ], [ -75.212289181262094, 39.957208905067198 ], [ -75.212035943287304, 39.957177113258503 ], [ -75.212033131905798, 39.957176760490903 ], [ -75.211852268799802, 39.957154054427001 ], [ -75.211845034966501, 39.957153146554099 ], [ -75.211810759370195, 39.957314832166603 ], [ -75.211818788523203, 39.957315840979703 ], [ -75.211838393901203, 39.957318301985602 ], [ -75.211838035289901, 39.957319987935698 ], [ -75.211833032361, 39.957343589374702 ], [ -75.212022802067494, 39.957367413767997 ], [ -75.212022533633203, 39.957368683873902 ], [ -75.211981448477701, 39.957562499538597 ], [ -75.211981391679203, 39.957562766330199 ], [ -75.211959334671903, 39.957559996580201 ] ] ] } },
{ "type": "Feature", "properties": { "aun": null, "school_num": null, "location_id": null, "school_name": "LIGUORI ACADEMY-FORTIS", "school_name_label": "THE FORTIS PROGRAM", "street_address": "2343 E TUCKER ST ", "zip_code": "19125", "phone_number": "(267) 571-1952", "active": null, "grade_level": "HIGH SCHOOL", "grade_org": "9-12", "enrollment": 86, "type": 1, "type_specific": "CONTRACTED", "objectid": 392, "Shape__Area": 1854.58984375, "Shape__Length": 188.78268670845065 }, "geometry": { "type": "Polygon", "coordinates": [ [ [ -75.118859312208301, 39.981859154998801 ], [ -75.118833463005899, 39.981829927649102 ], [ -75.118837211724497, 39.981817136760199 ], [ -75.118751664974297, 39.981720411903403 ], [ -75.118736196622606, 39.981728508905199 ], [ -75.118716844473695, 39.981706628587702 ], [ -75.118732190259095, 39.981698596355599 ], [ -75.118651482851405, 39.981607343497203 ], [ -75.118643425191095, 39.981611560275198 ], [ -75.118578908512504, 39.981538613580703 ], [ -75.118592537189102, 39.981531481318903 ], [ -75.118631116025895, 39.981511288559403 ], [ -75.118628525374504, 39.9815083593803 ], [ -75.118765522104596, 39.981436655335202 ], [ -75.118768203872094, 39.981439689092099 ], [ -75.118821116613901, 39.981411993840602 ], [ -75.118827954485099, 39.981419723764603 ], [ -75.118885723169797, 39.9814850426962 ], [ -75.118878875973394, 39.981488626111499 ], [ -75.119064256700497, 39.981698231937898 ], [ -75.119082340493705, 39.9817001714976 ], [ -75.119107870015299, 39.981729035554999 ], [ -75.119100154486702, 39.981754165212401 ], [ -75.119053876648294, 39.981778387184299 ], [ -75.118939854068799, 39.9818380680763 ], [ -75.118890231748395, 39.981864039020003 ], [ -75.118859312208301, 39.981859154998801 ] ] ] } },
{ "type": "Feature", "properties": { "aun": 326510730, "school_num": null, "location_id": null, "school_name": "LIGUORI ACADEMY", "school_name_label": "LIGUORI ACADMY", "street_address": "2343 E TUCKER ST ", "zip_code": "19125", "phone_number": "(267) 571-1952", "active": null, "grade_level": "HIGH SCHOOL", "grade_org": "9-12", "enrollment": null, "type": 3, "type_specific": "PRIVATE", "objectid": 393, "Shape__Area": 1854.58984375, "Shape__Length": 188.78268670845065 }, "geometry": { "type": "Polygon", "coordinates": [ [ [ -75.118859312208301, 39.981859154998801 ], [ -75.118833463005899, 39.981829927649102 ], [ -75.118837211724497, 39.981817136760199 ], [ -75.118751664974297, 39.981720411903403 ], [ -75.118736196622606, 39.981728508905199 ], [ -75.118716844473695, 39.981706628587702 ], [ -75.118732190259095, 39.981698596355599 ], [ -75.118651482851405, 39.981607343497203 ], [ -75.118643425191095, 39.981611560275198 ], [ -75.118578908512504, 39.981538613580703 ], [ -75.118592537189102, 39.981531481318903 ], [ -75.118631116025895, 39.981511288559403 ], [ -75.118628525374504, 39.9815083593803 ], [ -75.118765522104596, 39.981436655335202 ], [ -75.118768203872094, 39.981439689092099 ], [ -75.118821116613901, 39.981411993840602 ], [ -75.118827954485099, 39.981419723764603 ], [ -75.118885723169797, 39.9814850426962 ], [ -75.118878875973394, 39.981488626111499 ], [ -75.119064256700497, 39.981698231937898 ], [ -75.119082340493705, 39.9817001714976 ], [ -75.119107870015299, 39.981729035554999 ], [ -75.119100154486702, 39.981754165212401 ], [ -75.119053876648294, 39.981778387184299 ], [ -75.118939854068799, 39.9818380680763 ], [ -75.118890231748395, 39.981864039020003 ], [ -75.118859312208301, 39.981859154998801 ] ] ] } },
{ "type": "Feature", "properties": { "aun": 126510014, "school_num": 7777, "location_id": "3366", "school_name": "MARITIME ACADEMY CHARTER", "school_name_label": "MARITIME ACADEMY CHARTER SCHOOL (MACS)", "street_address": "2275 BRIDGE ST", "zip_code": "19137", "phone_number": "(215) 535-4555", "active": null, "grade_level": "ELEMENTARY/MIDDLE/HIGH", "grade_org": "K-8", "enrollment": 836, "type": 2, "type_specific": "CHARTER", "objectid": 394, "Shape__Area": 1584.55859375, "Shape__Length": 214.58338612358668 }, "geometry": { "type": "Polygon", "coordinates": [ [ [ -75.065725321345298, 40.0077375237911 ], [ -75.065711097896198, 40.007688221699397 ], [ -75.065711040382197, 40.007688231617699 ], [ -75.065631253664606, 40.007701843785398 ], [ -75.065630406178201, 40.007698903458099 ], [ -75.065604273780096, 40.007608333241301 ], [ -75.065606739340595, 40.0076079122111 ], [ -75.065582996857202, 40.007525614271501 ], [ -75.065575320064795, 40.007526923746902 ], [ -75.065575148493096, 40.007526336308601 ], [ -75.065568854850298, 40.007504519019399 ], [ -75.065574204702102, 40.0075036067838 ], [ -75.065578253995994, 40.007502915304201 ], [ -75.065531347318, 40.007340330991802 ], [ -75.065529150179003, 40.0073407053602 ], [ -75.065527426364, 40.0073409995654 ], [ -75.065501134727896, 40.007249870325097 ], [ -75.065503898131894, 40.007249398820299 ], [ -75.065580724808896, 40.007236291955898 ], [ -75.065566138263506, 40.007185732276803 ], [ -75.065594499238898, 40.007180893419999 ], [ -75.065601195378903, 40.007179751359999 ], [ -75.065607188141499, 40.007178729136299 ], [ -75.065609005783898, 40.007185026014398 ], [ -75.065621444960499, 40.007228145783301 ], [ -75.065621955106593, 40.007229912496399 ], [ -75.065698275956294, 40.0072168917158 ], [ -75.065702811813495, 40.007216118125299 ], [ -75.065730961120593, 40.007313687039797 ], [ -75.065726798275506, 40.0073143983957 ], [ -75.065758612545395, 40.007424665366599 ], [ -75.065771117724793, 40.007468008541203 ], [ -75.065803939325406, 40.007581770322602 ], [ -75.0658074179171, 40.007581176995899 ], [ -75.0658325071294, 40.007668132107298 ], [ -75.065750625035605, 40.007682101963297 ], [ -75.065765518493706, 40.0077337218842 ], [ -75.065726161124303, 40.007740436906097 ], [ -75.065725321345298, 40.0077375237911 ] ] ] } },
{ "type": "Feature", "properties": { "aun": 126515001, "school_num": 3726, "location_id": "6450", "school_name": "DOBSON, JAMES SCHOOL", "school_name_label": "JAMES DOBSON SCHOOL", "street_address": "4667 UMBRIA ST", "zip_code": "19127", "phone_number": "(215) 400-3570", "active": null, "grade_level": "ELEMENTARY/MIDDLE", "grade_org": "K-8", "enrollment": 229, "type": 1, "type_specific": "DISTRICT", "objectid": 395, "Shape__Area": 6591.9765625, "Shape__Length": 328.19689163384766 }, "geometry": { "type": "Polygon", "coordinates": [ [ [ -75.230127295298203, 40.031645423003702 ], [ -75.230084830543305, 40.031601277354497 ], [ -75.230043407393794, 40.031558358496298 ], [ -75.230019949009005, 40.031571754017897 ], [ -75.229966230740303, 40.031515382682102 ], [ -75.229913474337707, 40.031460019013601 ], [ -75.229860011515299, 40.0314050587805 ], [ -75.229807282053301, 40.031349684387898 ], [ -75.230413137182097, 40.031005996518203 ], [ -75.230839314806005, 40.031447185058497 ], [ -75.230255192310295, 40.0317810198544 ], [ -75.230211155928203, 40.031734332758603 ], [ -75.230169225585698, 40.031689877888802 ], [ -75.230127295298203, 40.031645423003702 ] ] ] } },
{ "type": "Feature", "properties": { "aun": 126515001, "school_num": 3728, "location_id": "6400", "school_name": "WIDENER MEMORIAL SCHOOL", "school_name_label": "WIDENER MEMORIAL SCHOOL", "street_address": "1450 W OLNEY AVE", "zip_code": "19141", "phone_number": "(215) 400-3710", "active": null, "grade_level": "ELEMENTARY/MIDDLE/HIGH", "grade_org": "K-12", "enrollment": 143, "type": 1, "type_specific": "DISTRICT", "objectid": 396, "Shape__Area": 21581.2734375, "Shape__Length": 1633.6671130683735 }, "geometry": { "type": "Polygon", "coordinates": [ [ [ -75.146618366645598, 40.038053634178702 ], [ -75.146567137937396, 40.038046980191403 ], [ -75.146518056953198, 40.038040603496199 ], [ -75.146515240197203, 40.038040234429502 ], [ -75.146625246569698, 40.037539871460503 ], [ -75.146660597532204, 40.037493924477097 ], [ -75.146676095003897, 40.037483399311398 ], [ -75.146692684727, 40.037472131907599 ], [ -75.146702171874495, 40.037465688407103 ], [ -75.146755145448694, 40.037443614610801 ], [ -75.146807449394402, 40.037434374143302 ], [ -75.146854068558198, 40.037435396938903 ], [ -75.146856547964404, 40.037424123946302 ], [ -75.146632023465202, 40.037394961019402 ], [ -75.146622979829303, 40.037436097037599 ], [ -75.146619380180496, 40.037452469179698 ], [ -75.146594789260206, 40.037564322920701 ], [ -75.146590216890402, 40.037585119542697 ], [ -75.146569759850195, 40.037678170359499 ], [ -75.146565529981302, 40.037697410349899 ], [ -75.146541611641496, 40.0378062034737 ], [ -75.146538187757301, 40.037821774312299 ], [ -75.146527202108899, 40.037871743594899 ], [ -75.146269910474103, 40.037838324417201 ], [ -75.146259877883793, 40.037837022523803 ], [ -75.146378972622003, 40.037295318663404 ], [ -75.145971719967704, 40.0372417685304 ], [ -75.1459716587825, 40.037241759259302 ], [ -75.146026644470496, 40.037011759309898 ], [ -75.146103755510694, 40.037021712396701 ], [ -75.146295264016203, 40.037046430399599 ], [ -75.146354748933703, 40.037054108503298 ], [ -75.146376673427696, 40.0370569380079 ], [ -75.146376344871101, 40.037057977994699 ], [ -75.146373904083504, 40.037065722112203 ], [ -75.146371978959394, 40.037071826801402 ], [ -75.146377297367295, 40.037082685254497 ], [ -75.146381221621695, 40.037090697546098 ], [ -75.146382036934497, 40.0370923615138 ], [ -75.146389412947599, 40.037119059218902 ], [ -75.146387411393306, 40.037129791161 ], [ -75.146384229602702, 40.037146842901898 ], [ -75.146383377696097, 40.037151403019799 ], [ -75.146381368707907, 40.037154423197002 ], [ -75.146365272293195, 40.037178612213999 ], [ -75.146347008573898, 40.037193907471703 ], [ -75.146343815768105, 40.037196580951097 ], [ -75.146341134374595, 40.037210443164298 ], [ -75.146346498226507, 40.037216603834501 ], [ -75.146358496691505, 40.037217916497397 ], [ -75.146359699044098, 40.037218047369898 ], [ -75.146365272949595, 40.037218656892399 ], [ -75.146368986618498, 40.037221159184497 ], [ -75.1463778765538, 40.0372271497505 ], [ -75.146382037355707, 40.037229951630302 ], [ -75.146386060693999, 40.037246380558798 ], [ -75.146380695608002, 40.0372551080753 ], [ -75.146387401492007, 40.037260241593799 ], [ -75.146462503594194, 40.037270510427 ], [ -75.146496892593106, 40.0371150847782 ], [ -75.146504077245396, 40.037082608221503 ], [ -75.146503667549794, 40.037082555010201 ], [ -75.146423610996905, 40.037072340581197 ], [ -75.146423656961204, 40.037072135514997 ], [ -75.146425393096607, 40.037064349519497 ], [ -75.146479131468595, 40.036823316294999 ], [ -75.146479149389506, 40.0368232311044 ], [ -75.146559397419693, 40.036463280838099 ], [ -75.1465718737701, 40.0364625984203 ], [ -75.146845319052602, 40.036498117613 ], [ -75.1468432158252, 40.0365076826901 ], [ -75.146728628118396, 40.037028934595902 ], [ -75.146880186248097, 40.037048620589097 ], [ -75.146905069784097, 40.037051852685302 ], [ -75.146906701025003, 40.0370444314715 ], [ -75.146906761203297, 40.0370441614035 ], [ -75.146908078412693, 40.0370381656926 ], [ -75.147028052271295, 40.037053745588203 ], [ -75.147029141420802, 40.037053886277299 ], [ -75.147039798367004, 40.037005406324397 ], [ -75.147040845516102, 40.037000644519203 ], [ -75.146938287569299, 40.036987323322201 ], [ -75.146963499053797, 40.0368726408717 ], [ -75.146978856039397, 40.036874635520803 ], [ -75.146992817961902, 40.036811121512898 ], [ -75.146978893695703, 40.0368111213037 ], [ -75.147044549222102, 40.036512455091803 ], [ -75.147047494520706, 40.036499042598102 ], [ -75.147048016389803, 40.036496667851402 ], [ -75.147365582223998, 40.036537911516497 ], [ -75.147361023770202, 40.036558658922601 ], [ -75.147296435241103, 40.036852500855602 ], [ -75.147289291222606, 40.036851569725101 ], [ -75.147288566946003, 40.036854866809101 ], [ -75.147275036660005, 40.036916340810201 ], [ -75.147282371775901, 40.036917294292103 ], [ -75.147281562164693, 40.036920982511901 ], [ -75.147256833607102, 40.037033478604101 ], [ -75.147143512604899, 40.037018761516997 ], [ -75.147132444222507, 40.037069107399297 ], [ -75.147330153953703, 40.037094785248797 ], [ -75.147327642719105, 40.037106202817803 ], [ -75.147456768766403, 40.037122967253602 ], [ -75.147458423656602, 40.037123180450003 ], [ -75.147476746262996, 40.037039824531298 ], [ -75.147459622085293, 40.037037601819797 ], [ -75.147523171932505, 40.036748479011997 ], [ -75.147774852897399, 40.036781160160899 ], [ -75.147694614515501, 40.037146214495898 ], [ -75.147713583075102, 40.037148677182998 ], [ -75.147712056657298, 40.037156385728203 ], [ -75.147677815524702, 40.0373293488502 ], [ -75.147667485875502, 40.037381531570396 ], [ -75.147819031518097, 40.037402066354197 ], [ -75.147817760123601, 40.0374079009284 ], [ -75.147805621037307, 40.0374636737697 ], [ -75.147795332782593, 40.037462467582003 ], [ -75.147656757299004, 40.037446218147302 ], [ -75.147656411678, 40.037447627168397 ], [ -75.147626465026704, 40.037569541257298 ], [ -75.147602812624299, 40.037665828818803 ], [ -75.147575226097103, 40.037778120557697 ], [ -75.1475661949856, 40.037776952970802 ], [ -75.147324154123794, 40.037745512546799 ], [ -75.147348905788505, 40.037632914473299 ], [ -75.147324023439197, 40.037629683631899 ], [ -75.147348367175596, 40.037518933540099 ], [ -75.147354030941301, 40.037493169980102 ], [ -75.147354746045806, 40.037489921117597 ], [ -75.147130232654206, 40.037460763931001 ], [ -75.147127687427599, 40.037472340656997 ], [ -75.147155638810204, 40.037475969962799 ], [ -75.147215152960499, 40.0375003565388 ], [ -75.147243978201502, 40.037520628294203 ], [ -75.147258965163999, 40.037536553277 ], [ -75.147276833995207, 40.037555542827597 ], [ -75.1472794840234, 40.037561557485297 ], [ -75.147298293604393, 40.037604309066502 ], [ -75.147299703358101, 40.0376283351398 ], [ -75.147300920202298, 40.037649062492001 ], [ -75.1473009555028, 40.037649632059903 ], [ -75.147278099760996, 40.037753597402897 ], [ -75.147273744219206, 40.037773406714102 ], [ -75.147253124108701, 40.037867217549802 ], [ -75.147143021020497, 40.037852918052998 ], [ -75.147191463540494, 40.0376325499128 ], [ -75.147184297979194, 40.037604825370899 ], [ -75.1471708862382, 40.037582748328397 ], [ -75.147150770844803, 40.0375688864561 ], [ -75.147118493123102, 40.037556072334098 ], [ -75.1468416053265, 40.037520110959299 ], [ -75.1468094603634, 40.037520109993203 ], [ -75.146773920805501, 40.037531404065298 ], [ -75.146747768119894, 40.0375493723106 ], [ -75.146729624596404, 40.037574482449003 ], [ -75.146728502805601, 40.037579584947302 ], [ -75.1466241229204, 40.038054380720901 ], [ -75.146618366645598, 40.038053634178702 ] ] ] } },
{ "type": "Feature", "properties": { "aun": 326510179, "school_num": null, "location_id": null, "school_name": "YALE SCHOOL OF PHILADELPHIA", "school_name_label": "YALE SCHOOL OF PHILADELPHIA", "street_address": "135 RECTOR ST", "zip_code": "19127", "phone_number": "(215) 839-0525", "active": null, "grade_level": "ELEMENTARY/MIDDLE/HIGH", "grade_org": "K-12", "enrollment": null, "type": 3, "type_specific": "PRIVATE", "objectid": 397, "Shape__Area": 1406.20703125, "Shape__Length": 170.7736439517391 }, "geometry": { "type": "Polygon", "coordinates": [ [ [ -75.219617339736402, 40.025288821520299 ], [ -75.219415136948498, 40.025133361011498 ], [ -75.219410920103599, 40.025130117975898 ], [ -75.219372786988998, 40.025159432943902 ], [ -75.219261527628305, 40.025073891129303 ], [ -75.219297042455196, 40.025046590794197 ], [ -75.219286079431896, 40.025038162510498 ], [ -75.219284178264999, 40.025036699290197 ], [ -75.219438943886402, 40.024917726098202 ], [ -75.219528073510304, 40.024986253565203 ], [ -75.219528957325707, 40.0249855736405 ], [ -75.219540062003105, 40.0249770392331 ], [ -75.219627507040798, 40.0250442714811 ], [ -75.219629567793206, 40.025045855341503 ], [ -75.219617766218406, 40.025054928515601 ], [ -75.219770002930005, 40.025171975215798 ], [ -75.219772505164499, 40.025173898790896 ], [ -75.219772137141504, 40.025174182380397 ], [ -75.2197331581106, 40.025204146691898 ], [ -75.219738820547903, 40.025208499384497 ], [ -75.219664700680099, 40.025265478433198 ], [ -75.219658902961001, 40.025261021394002 ], [ -75.219620039938306, 40.025290896999202 ], [ -75.219617339736402, 40.025288821520299 ] ] ] } },
{ "type": "Feature", "properties": { "aun": 126515001, "school_num": 7233, "location_id": "7460", "school_name": "ZIEGLER, WILLIAM H. SCHOOL", "school_name_label": "WILLIAM H. ZIEGLER SCHOOL", "street_address": "5935 SAUL ST", "zip_code": "19149", "phone_number": "(215) 400-3260", "active": null, "grade_level": "ELEMENTARY/MIDDLE", "grade_org": "K-8", "enrollment": 522, "type": 1, "type_specific": "DISTRICT", "objectid": 398, "Shape__Area": 5696.1796875, "Shape__Length": 490.4616595715338 }, "geometry": { "type": "Polygon", "coordinates": [ [ [ -75.075133596750803, 40.030377422966801 ], [ -75.075051007949995, 40.0303314756069 ], [ -75.075021118010497, 40.0303148467505 ], [ -75.075087408818305, 40.030244433651397 ], [ -75.075036616943095, 40.030216175457099 ], [ -75.074962250571701, 40.030295166429603 ], [ -75.074753616666996, 40.030179092209998 ], [ -75.074747148364594, 40.030185960644097 ], [ -75.074734229853703, 40.030199684417198 ], [ -75.074724657228401, 40.030209852682297 ], [ -75.074445823101598, 40.0300547211937 ], [ -75.074551548494796, 40.029942422018401 ], [ -75.074599189702496, 40.0298918188698 ], [ -75.074613291514794, 40.029899664321 ], [ -75.074657091387294, 40.029853141230703 ], [ -75.074644256956304, 40.0298460010901 ], [ -75.074796321303594, 40.029684480568598 ], [ -75.074878537909797, 40.029597149850701 ], [ -75.075126393259595, 40.029735046072702 ], [ -75.075117752121997, 40.029744222392303 ], [ -75.075060075488196, 40.029805487839198 ], [ -75.075091165170704, 40.0298227855004 ], [ -75.075071267834204, 40.029843920009398 ], [ -75.074926672264098, 40.0299975066144 ], [ -75.074950987808705, 40.0300110344727 ], [ -75.075134052847403, 40.030112883438697 ], [ -75.075059041480998, 40.030192557752997 ], [ -75.075109606813101, 40.030220690146798 ], [ -75.075194319245, 40.030130708576202 ], [ -75.075235979568902, 40.030086457872898 ], [ -75.0752958306647, 40.030022884504902 ], [ -75.075318006425803, 40.029999329664001 ], [ -75.075363692823998, 40.029950802635298 ], [ -75.075364181733804, 40.0299510741972 ], [ -75.075446406062795, 40.029996820252997 ], [ -75.075469958979895, 40.030009923643902 ], [ -75.075554779888904, 40.030057114312697 ], [ -75.075345506236204, 40.030279403200502 ], [ -75.075293889440303, 40.0303342311731 ], [ -75.075259608769699, 40.030370642391901 ], [ -75.075245415054795, 40.030385719618998 ], [ -75.075166906510304, 40.030342042262298 ], [ -75.075133596750803, 40.030377422966801 ] ] ] } },
{ "type": "Feature", "properties": { "aun": 226512152, "school_num": null, "location_id": null, "school_name": "HOLY CROSS SCHOOL", "school_name_label": "HOLY CROSS SCHOOL", "street_address": "148-54 E MOUNT AIRY AVE", "zip_code": "19119", "phone_number": "(215) 242-0414", "active": "O", "grade_level": "ELEMENTARY/MIDDLE", "grade_org": "PREK-8", "enrollment": null, "type": 3, "type_specific": "PRIVATE", "objectid": 399, "Shape__Area": 1444.125, "Shape__Length": 210.20597271054035 }, "geometry": { "type": "Polygon", "coordinates": [ [ [ -75.188617881814807, 40.061786111815699 ], [ -75.188553709969199, 40.061744859091903 ], [ -75.188519014597404, 40.061722554986403 ], [ -75.188518540926296, 40.061722250473899 ], [ -75.188549507674296, 40.061693810184401 ], [ -75.188502518224098, 40.061663606120398 ], [ -75.188501984530205, 40.0616632608508 ], [ -75.188505007707604, 40.0616604844489 ], [ -75.188494163354505, 40.061653513310503 ], [ -75.188488676825699, 40.061649985197903 ], [ -75.188480573026595, 40.061657427042299 ], [ -75.188472788080603, 40.061664576410202 ], [ -75.1884111536082, 40.061624955801598 ], [ -75.188519773973795, 40.061525197696902 ], [ -75.188525795736496, 40.061529068859599 ], [ -75.188580568369005, 40.061564279190002 ], [ -75.188568536393404, 40.061575329845297 ], [ -75.188585856189704, 40.0615864626877 ], [ -75.188596770625907, 40.061576437915399 ], [ -75.188598372558403, 40.061574966694899 ], [ -75.188598594164702, 40.061575114669701 ], [ -75.188645882800699, 40.061605507817902 ], [ -75.188678393681201, 40.061575649046503 ], [ -75.188775958613604, 40.061638368059597 ], [ -75.188767944398904, 40.061645728577403 ], [ -75.188848983934804, 40.061697823466702 ], [ -75.188857320014293, 40.061690168280997 ], [ -75.188891302881203, 40.061712012655597 ], [ -75.188956953142593, 40.061754216038899 ], [ -75.188926086723399, 40.061782565191898 ], [ -75.188926562031199, 40.0617828652342 ], [ -75.188942572306203, 40.061793162432103 ], [ -75.188844974388203, 40.061882797179202 ], [ -75.188844945584805, 40.061882822441099 ], [ -75.188830705386593, 40.061873666163997 ], [ -75.188830286006095, 40.061873398903103 ], [ -75.188798628456198, 40.061902472592699 ], [ -75.188798552510093, 40.061902542980199 ], [ -75.188732673146006, 40.061860194745101 ], [ -75.188700157076994, 40.061839293036499 ], [ -75.188699706327, 40.061839002550798 ], [ -75.188706741147499, 40.061832542609302 ], [ -75.188650349741707, 40.061796291639602 ], [ -75.188626073671699, 40.061780685671501 ], [ -75.188619301561403, 40.061786903688002 ], [ -75.188619224108194, 40.061786975168197 ], [ -75.188617881814807, 40.061786111815699 ] ], [ [ -75.188549574111804, 40.061594187511901 ], [ -75.188508858946193, 40.0616317798072 ], [ -75.188518957591796, 40.061638236514803 ], [ -75.188561030444205, 40.061599391676097 ], [ -75.188549574111804, 40.061594187511901 ] ] ] } },
{ "type": "Feature", "properties": { "aun": 226512252, "school_num": null, "location_id": null, "school_name": "HOLY INNOCENTS SCHOOL", "school_name_label": "HOLY INNOCENTS CATHOLIC SCHOOL", "street_address": "1312 E BRISTOL ST", "zip_code": "19124", "phone_number": "(215) 743-5909", "active": "O", "grade_level": "ELEMENTARY/MIDDLE", "grade_org": "PREK-8", "enrollment": null, "type": 3, "type_specific": "ARCHDIOCESE", "objectid": 400, "Shape__Area": 1449.78125, "Shape__Length": 167.32020805714544 }, "geometry": { "type": "Polygon", "coordinates": [ [ [ -75.100589460313898, 40.012074212164599 ], [ -75.100627222416605, 40.011903941164697 ], [ -75.100644575677094, 40.011906216872902 ], [ -75.101127924709402, 40.011969596527599 ], [ -75.101112844575397, 40.0120375954018 ], [ -75.101130633605095, 40.0120399283933 ], [ -75.101109424621299, 40.012135564739097 ], [ -75.101107952925304, 40.012142199561502 ], [ -75.100589460313898, 40.012074212164599 ] ] ] } },
{ "type": "Feature", "properties": { "aun": 226512352, "school_num": null, "location_id": null, "school_name": "HOLY REDEEMER SCHOOL", "school_name_label": "HOLY REDEEMER CHINESE CATHOLIC SCHOOL", "street_address": "903-27 VINE ST", "zip_code": "19107", "phone_number": "(215) 922-0999", "active": "O", "grade_level": "ELEMENTARY/MIDDLE", "grade_org": "K-8", "enrollment": null, "type": 3, "type_specific": "ARCHDIOCESE", "objectid": 401, "Shape__Area": 1185.11328125, "Shape__Length": 185.17652077615716 }, "geometry": { "type": "Polygon", "coordinates": [ [ [ -75.155145571482095, 39.957653680963098 ], [ -75.155161436303104, 39.957580526788298 ], [ -75.155126845448805, 39.957576085136097 ], [ -75.155126914812399, 39.957575763464497 ], [ -75.155126973425297, 39.957575493358299 ], [ -75.155129165411097, 39.957565387327897 ], [ -75.155128645484993, 39.957565320380503 ], [ -75.155128294495199, 39.957565275274497 ], [ -75.155121117416599, 39.957564352704701 ], [ -75.155121271926006, 39.957563641015703 ], [ -75.155121702040802, 39.957561652734697 ], [ -75.155117806143707, 39.957561153525099 ], [ -75.155100348039397, 39.957570453609797 ], [ -75.155099822027296, 39.957572883473503 ], [ -75.155099308528904, 39.9575752539277 ], [ -75.1550251765958, 39.957565733760497 ], [ -75.155011448640806, 39.957563970348303 ], [ -75.155011097650998, 39.957563925241999 ], [ -75.155009515982002, 39.957563722776896 ], [ -75.155009777183494, 39.957562516814498 ], [ -75.155009835796903, 39.957562246708399 ], [ -75.155010530127001, 39.957559050281098 ], [ -75.154998005897099, 39.9575454285281 ], [ -75.154995066890706, 39.957545051197201 ], [ -75.154994715857995, 39.957545007216098 ], [ -75.154991781238394, 39.957544629984298 ], [ -75.155006823763799, 39.957475267411503 ], [ -75.155012269238, 39.957475966111701 ], [ -75.155023324769402, 39.957469989014903 ], [ -75.155029221688594, 39.957466799892401 ], [ -75.155029489726999, 39.957465568180403 ], [ -75.155029548340195, 39.957465298074197 ], [ -75.155030493763107, 39.957460930370402 ], [ -75.155122167783802, 39.957472704540898 ], [ -75.155121697074705, 39.957474874360003 ], [ -75.155120933086394, 39.957478400336697 ], [ -75.155132690186903, 39.957491722030099 ], [ -75.155136393790698, 39.9574921977432 ], [ -75.155136608933603, 39.957491201352099 ], [ -75.155137191578604, 39.957488514852599 ], [ -75.1551804697351, 39.957494073158699 ], [ -75.155215924498094, 39.957330581026902 ], [ -75.155204532653997, 39.957329117128403 ], [ -75.155209383979795, 39.957306745306397 ], [ -75.155287160932602, 39.957316735238798 ], [ -75.155362016456493, 39.957326348193902 ], [ -75.155380096057698, 39.9573286706296 ], [ -75.155380033705001, 39.957328962050603 ], [ -75.155347211931698, 39.957480313977698 ], [ -75.155305169222103, 39.957674178034097 ], [ -75.155149832911903, 39.957654227858903 ], [ -75.155145571482095, 39.957653680963098 ] ] ] } },
{ "type": "Feature", "properties": { "aun": 226512702, "school_num": null, "location_id": null, "school_name": "IMMACULATE HEART OF MARY SCHOOL", "school_name_label": "IMMACULATE HEART OF MARY SCHOOL", "street_address": "815-23 CATHEDRAL RD", "zip_code": "19128", "phone_number": "(215) 482-2029", "active": "O", "grade_level": "ELEMENTARY/MIDDLE", "grade_org": "PREK-8", "enrollment": null, "type": 3, "type_specific": "ARCHDIOCESE", "objectid": 402, "Shape__Area": 4548.703125, "Shape__Length": 499.43560736961979 }, "geometry": { "type": "Polygon", "coordinates": [ [ [ -75.234252499035307, 40.064546870321401 ], [ -75.234221458967397, 40.064549166256498 ], [ -75.234210189716407, 40.064549999589701 ], [ -75.234205030245505, 40.064508811540001 ], [ -75.234201732056405, 40.064482492312898 ], [ -75.234107552184497, 40.064489458210303 ], [ -75.234110847700407, 40.064515769498698 ], [ -75.234112709333402, 40.064530628195101 ], [ -75.233868989369398, 40.064548654393697 ], [ -75.233867905831403, 40.064540008175399 ], [ -75.233837111221305, 40.064542285730703 ], [ -75.233831207609299, 40.064495162974197 ], [ -75.233863012021303, 40.064492809550003 ], [ -75.233860614287806, 40.064473674039 ], [ -75.233859586239305, 40.064465468269098 ], [ -75.233857695265598, 40.064450374666997 ], [ -75.234101946948499, 40.064432309461203 ], [ -75.234115836897999, 40.064431282367899 ], [ -75.234171529049803, 40.064427162234701 ], [ -75.234184531197599, 40.064426201289301 ], [ -75.234199267809799, 40.064425110507699 ], [ -75.234193963454103, 40.064382770520197 ], [ -75.234130726678799, 40.064387448520499 ], [ -75.234123056351905, 40.064326222619002 ], [ -75.233784416658693, 40.064351268078902 ], [ -75.233758071314895, 40.064140974043198 ], [ -75.234280691529094, 40.064102319935799 ], [ -75.234289511183306, 40.0641727149277 ], [ -75.234301635820302, 40.0641718181 ], [ -75.234310305829297, 40.0642410317665 ], [ -75.234322104207706, 40.064240158201898 ], [ -75.234330971581201, 40.064310928145197 ], [ -75.234271868064695, 40.064315300275297 ], [ -75.234279700304597, 40.0643778158746 ], [ -75.234581122300199, 40.064355521029498 ], [ -75.234919551529799, 40.064330488893901 ], [ -75.234931255202795, 40.064423890695501 ], [ -75.234940463658802, 40.064497378900398 ], [ -75.234922543374694, 40.064498705303798 ], [ -75.234895204442793, 40.064500726538597 ], [ -75.234649294710707, 40.064518917061598 ], [ -75.234653578880597, 40.064553121259699 ], [ -75.234591297402005, 40.064557728076203 ], [ -75.234561202470303, 40.064559953567297 ], [ -75.234515502222493, 40.064563334199804 ], [ -75.234511043647899, 40.064527747659803 ], [ -75.234252499035307, 40.064546870321401 ] ] ] } },
{ "type": "Feature", "properties": { "aun": 126513734, "school_num": 8207, "location_id": "3416", "school_name": "MASTERY CHARTER @ GRATZ HIGH", "school_name_label": "MASTERY CHARTER SCHOOL AT GRATZ", "street_address": "1798 W HUNTING PARK AVE", "zip_code": "19140", "phone_number": "(215) 227-4408", "active": null, "grade_level": "MIDDLE/HIGH", "grade_org": "7-12", "enrollment": 1041, "type": 2, "type_specific": "CHARTER", "objectid": 403, "Shape__Area": 18727.78125, "Shape__Length": 883.4882849010877 }, "geometry": { "type": "Polygon", "coordinates": [ [ [ -75.155757356292298, 40.014432623330102 ], [ -75.155748259854803, 40.0144210548522 ], [ -75.1557527502043, 40.014405011207501 ], [ -75.155758114090801, 40.0143793329012 ], [ -75.155279346651994, 40.014327973321898 ], [ -75.155401392495307, 40.013812356927303 ], [ -75.155389321775203, 40.013807214161901 ], [ -75.155414803115207, 40.013706561813798 ], [ -75.155509358932207, 40.013720959071897 ], [ -75.155644486156504, 40.013741545057599 ], [ -75.155644837135995, 40.013741598038898 ], [ -75.155650835512205, 40.013742511827303 ], [ -75.155661668697405, 40.0136895076174 ], [ -75.155662906382304, 40.013683452591003 ], [ -75.155963129954401, 40.013721778146298 ], [ -75.156318697538097, 40.013767166922399 ], [ -75.156317831202401, 40.0137702130626 ], [ -75.156302602053898, 40.013823658630599 ], [ -75.156433156052799, 40.013845719403299 ], [ -75.156445421793094, 40.013847791742002 ], [ -75.156448778514601, 40.013836494478397 ], [ -75.156557400962896, 40.013851383176203 ], [ -75.156537957475706, 40.013950502986098 ], [ -75.156527900166196, 40.013949476164399 ], [ -75.156520079261796, 40.0139858762901 ], [ -75.156512258477903, 40.014022273039103 ], [ -75.156448503237996, 40.014318949026197 ], [ -75.156441200819103, 40.014352932618799 ], [ -75.156438726568993, 40.014364441281998 ], [ -75.156448784822899, 40.014365981711101 ], [ -75.156425986793096, 40.014470236990803 ], [ -75.155943857065296, 40.014402959874602 ], [ -75.155941105752007, 40.014427198145299 ], [ -75.155946816169006, 40.014434460960103 ], [ -75.155941044284802, 40.0144441392559 ], [ -75.155929775997805, 40.014452261883001 ], [ -75.155913011494405, 40.014451234396503 ], [ -75.155902301853203, 40.014445082890703 ], [ -75.155896235276401, 40.0144373660235 ], [ -75.155865401254204, 40.014433782757401 ], [ -75.155858028942504, 40.014472807057302 ], [ -75.155867250889798, 40.0144741923636 ], [ -75.155933129264994, 40.0144841041242 ], [ -75.155925080349903, 40.014519024776597 ], [ -75.155941176285495, 40.0145205676302 ], [ -75.155937557019499, 40.014537889006199 ], [ -75.155920120622397, 40.014621254744803 ], [ -75.155916363326398, 40.014639198082598 ], [ -75.155899601904594, 40.014636632178103 ], [ -75.155892221454806, 40.014671039710002 ], [ -75.155839908268604, 40.014664113812302 ], [ -75.155781388261403, 40.014691316713701 ], [ -75.155806568357406, 40.014723341256698 ], [ -75.155881654864402, 40.014818835829701 ], [ -75.155883680195501, 40.014821415698201 ], [ -75.155265163675296, 40.015108918100097 ], [ -75.155260485604401, 40.015102967034998 ], [ -75.155086440090798, 40.014881614943498 ], [ -75.155086412068101, 40.014881581648297 ], [ -75.1551881414467, 40.014402937920302 ], [ -75.155755434871395, 40.0144758873043 ], [ -75.155760798781998, 40.0144604805933 ], [ -75.155791646388494, 40.014464590163001 ], [ -75.155801032197402, 40.014427612742999 ], [ -75.155790303180495, 40.014438910110897 ], [ -75.155763818187495, 40.014440842443598 ], [ -75.155757356292298, 40.014432623330102 ] ], [ [ -75.156125668831606, 40.0139299652866 ], [ -75.156120966028396, 40.013952837231699 ], [ -75.156205231430206, 40.0139630820101 ], [ -75.156209934205705, 40.013940210061598 ], [ -75.156125668831606, 40.0139299652866 ] ], [ [ -75.155696980563405, 40.013870920006603 ], [ -75.155692152194504, 40.013895157519997 ], [ -75.155781396252294, 40.013905668276998 ], [ -75.155786224590202, 40.013881430759803 ], [ -75.155696980563405, 40.013870920006603 ] ], [ [ -75.155967540232794, 40.013854523264897 ], [ -75.155963872024202, 40.013872934892497 ], [ -75.155989695056704, 40.013875976945599 ], [ -75.155993364679006, 40.013857566475501 ], [ -75.155967540232794, 40.013854523264897 ] ] ] } },
{ "type": "Feature", "properties": { "aun": 126517643, "school_num": null, "location_id": null, "school_name": "MASTERY PREP ELEMENTARY CHARTER SCHOOL", "school_name_label": "MASTERY PREP ELEMENTARY CHARTER SCHOOL", "street_address": "1801 W PIKE ST", "zip_code": "19140", "phone_number": "(215) 866-0067", "active": "O", "grade_level": "ELEMENTARY SCHOOL", "grade_org": "K-3", "enrollment": 608, "type": 2, "type_specific": "CHARTER", "objectid": 404, "Shape__Area": 7012.8828125, "Shape__Length": 349.3243697374063 }, "geometry": { "type": "Polygon", "coordinates": [ [ [ -75.155528444848997, 40.013566003171 ], [ -75.155542011634395, 40.0135027193149 ], [ -75.155552663889793, 40.013453032400001 ], [ -75.155592798446605, 40.0132658305428 ], [ -75.1556072293738, 40.013198520639897 ], [ -75.155620940313895, 40.0131345653976 ], [ -75.156033780144099, 40.013186894093799 ], [ -75.156162842824202, 40.013203252988703 ], [ -75.156570069960907, 40.0132548684075 ], [ -75.156556406151907, 40.013318609690003 ], [ -75.156551436939907, 40.013341788734898 ], [ -75.156545802850005, 40.013368070280201 ], [ -75.156541854827395, 40.013386487991198 ], [ -75.1565054459207, 40.013556329462297 ], [ -75.156500699505102, 40.013578468358503 ], [ -75.156494803340294, 40.013605972744003 ], [ -75.156491416715298, 40.013621772165102 ], [ -75.156476986703595, 40.013689078802102 ], [ -75.156215248720699, 40.013655903832799 ], [ -75.156209992151204, 40.0136804278998 ], [ -75.155779533054698, 40.013625867121803 ], [ -75.155785386431802, 40.013598570159999 ], [ -75.155528444848997, 40.013566003171 ] ] ] } },
{ "type": "Feature", "properties": { "aun": 226514052, "school_num": null, "location_id": null, "school_name": "MATERNITY BVM SCHOOL", "school_name_label": "MATERNITY BVM SCHOOL", "street_address": "9322 OLD BUSTLETON AVE", "zip_code": "19115", "phone_number": "(215) 673-0235", "active": "O", "grade_level": "ELEMENTARY/MIDDLE", "grade_org": "PREK-8", "enrollment": null, "type": 3, "type_specific": "ARCHDIOCESE", "objectid": 405, "Shape__Area": 6541.046875, "Shape__Length": 662.93054770779827 }, "geometry": { "type": "Polygon", "coordinates": [ [ [ -75.038879818522602, 40.0826723747495 ], [ -75.038897116771196, 40.082655347480298 ], [ -75.038895319647395, 40.082654270007602 ], [ -75.0388427174979, 40.082622735887 ], [ -75.038840152817698, 40.082621198792999 ], [ -75.038844902819207, 40.082616524014497 ], [ -75.0389660523348, 40.082497286142299 ], [ -75.038964255214097, 40.082496208670698 ], [ -75.038933970435707, 40.082478053361001 ], [ -75.038938720420703, 40.082473378578598 ], [ -75.038948525696497, 40.082463727605401 ], [ -75.038946728576903, 40.0824626501335 ], [ -75.0387510916173, 40.082345365702203 ], [ -75.038755841560601, 40.082340692052497 ], [ -75.0387973124149, 40.082299876273197 ], [ -75.038778716941707, 40.082288727507503 ], [ -75.038775148455699, 40.082286588933897 ], [ -75.038779898483298, 40.082281913032801 ], [ -75.038795021532707, 40.0822670285241 ], [ -75.038793224375894, 40.082265952175 ], [ -75.038756279705595, 40.082243803490002 ], [ -75.038745200600403, 40.0822371615739 ], [ -75.038741065062894, 40.082234682991803 ], [ -75.038577953040502, 40.0823952225768 ], [ -75.038569514523701, 40.082390162334903 ], [ -75.0385052092834, 40.082351612102201 ], [ -75.038501955838399, 40.082349662288799 ], [ -75.038496167897605, 40.082355358910199 ], [ -75.038470913800495, 40.0823402190344 ], [ -75.038459224695501, 40.082333211289701 ], [ -75.038463744233695, 40.0823287631098 ], [ -75.038388113829498, 40.082283420890597 ], [ -75.038743656774002, 40.081933489378997 ], [ -75.038852103324601, 40.081998502750302 ], [ -75.038856670300206, 40.081995507491598 ], [ -75.038804028607103, 40.081963948754101 ], [ -75.038805158113703, 40.081962836697102 ], [ -75.038808780074902, 40.081959272886202 ], [ -75.0388408026798, 40.0819277549326 ], [ -75.038745651983604, 40.0818707118719 ], [ -75.038887837824205, 40.081730767526601 ], [ -75.039235990089296, 40.081939484542502 ], [ -75.039242240373198, 40.081933333624001 ], [ -75.039378446060397, 40.082014988081198 ], [ -75.039347850827895, 40.082045100417197 ], [ -75.039323389847098, 40.082069176222397 ], [ -75.039281635553905, 40.082110271579502 ], [ -75.039119569175696, 40.082122476470197 ], [ -75.039112415644794, 40.082123015064298 ], [ -75.039009904176794, 40.082061559177099 ], [ -75.038970752833706, 40.082038089155098 ], [ -75.038947288517903, 40.082061181469903 ], [ -75.038945148491706, 40.082063290130499 ], [ -75.038928546315304, 40.082053337245199 ], [ -75.038923730609596, 40.082050450668703 ], [ -75.038771809177803, 40.082199975588303 ], [ -75.038767059155404, 40.0822046514891 ], [ -75.038823674758405, 40.082238591521701 ], [ -75.038826164247794, 40.082236140823603 ], [ -75.038847791187706, 40.0822491068758 ], [ -75.038895271144099, 40.082202376632701 ], [ -75.039092377152201, 40.082320541334497 ], [ -75.039102679960607, 40.0823104008755 ], [ -75.039137239124202, 40.082331119078603 ], [ -75.039281871776694, 40.082188767587702 ], [ -75.039303085374499, 40.082187608860799 ], [ -75.039326425058306, 40.082201600739801 ], [ -75.039344947088495, 40.082183371212103 ], [ -75.039414974800096, 40.0822253515176 ], [ -75.039416771920799, 40.082226428982203 ], [ -75.039402586114093, 40.082240392950503 ], [ -75.039472529379907, 40.082282323921902 ], [ -75.039455298570104, 40.082299284157799 ], [ -75.039452654983805, 40.0823018855396 ], [ -75.039442954751607, 40.0822960713881 ], [ -75.039442810027793, 40.082296170469398 ], [ -75.039438069523897, 40.082299435352503 ], [ -75.039436347621702, 40.082300621296802 ], [ -75.039425864123402, 40.082294337020201 ], [ -75.038997923414698, 40.082715527669698 ], [ -75.038987030329196, 40.082708998293199 ], [ -75.038985234622501, 40.0827079219818 ], [ -75.038964250343099, 40.082728574642701 ], [ -75.038963027687899, 40.082729779114402 ], [ -75.038875068564593, 40.0826770484042 ], [ -75.038879818522602, 40.0826723747495 ] ] ] } },
{ "type": "Feature", "properties": { "aun": null, "school_num": null, "location_id": null, "school_name": "MATHEMATICS, SCIENCE AND TECHNOLOGY COMMUNITY CHARTER SCHOOL II", "school_name_label": "MAST COMMUNITY CHARTER SCHOOL II (LAWNCREST CAMPUS)", "street_address": "6238 RISING SUN AVE", "zip_code": "19111", "phone_number": "(215) 398-7960", "active": null, "grade_level": "ELEMENTARY SCHOOL", "grade_org": "K-2", "enrollment": null, "type": 2, "type_specific": "CHARTER", "objectid": 406, "Shape__Area": 3799.640625, "Shape__Length": 300.42573113596171 }, "geometry": { "type": "Polygon", "coordinates": [ [ [ -75.097265050953496, 40.048497016411098 ], [ -75.097246590793802, 40.048486455751203 ], [ -75.097236047706005, 40.048480423146401 ], [ -75.097227530613196, 40.048489217653 ], [ -75.097182746373605, 40.048463596514203 ], [ -75.097006651538507, 40.048362852323301 ], [ -75.097057263538503, 40.048310601146603 ], [ -75.097077151342404, 40.048321978707897 ], [ -75.097219012988504, 40.0481755210172 ], [ -75.097200656145802, 40.048165019047801 ], [ -75.097216139991602, 40.048149035244997 ], [ -75.097253946479398, 40.048110002648798 ], [ -75.097316499623801, 40.048145790022502 ], [ -75.0973985262833, 40.048061108346502 ], [ -75.097485707790298, 40.048110983201397 ], [ -75.097521505892601, 40.048074023827603 ], [ -75.097525198528203, 40.048070212121502 ], [ -75.097629607396797, 40.048129944367403 ], [ -75.097635316873394, 40.0481332106637 ], [ -75.097517826734503, 40.048254505959299 ], [ -75.097495539343697, 40.048277516194702 ], [ -75.097748726553107, 40.048422363344898 ], [ -75.097724528771096, 40.048447344452597 ], [ -75.0977754398711, 40.048476469937903 ], [ -75.097610652934804, 40.0486465984796 ], [ -75.097605616385394, 40.048651797160197 ], [ -75.097559607680495, 40.048625476632601 ], [ -75.097532138544096, 40.048653835378801 ], [ -75.097312319089497, 40.048528078548799 ], [ -75.097314228800201, 40.048525151489699 ], [ -75.097265050953496, 40.048497016411098 ] ] ] } },
{ "type": "Feature", "properties": { "aun": 300515921, "school_num": null, "location_id": null, "school_name": "METHODIST SERVICES FOR CHILDREN AND FAMILIES", "school_name_label": "METHODIST SERVICES FOR CHILDREN AND FAMILIES", "street_address": "4300 MONUMENT RD", "zip_code": "19131", "phone_number": "(215) 877-1925", "active": "O", "grade_level": "PRE-K/KINDERGARTEN", "grade_org": "PREK-K", "enrollment": null, "type": 3, "type_specific": "PRIVATE", "objectid": 407, "Shape__Area": 3367.078125, "Shape__Length": 358.70309346134161 }, "geometry": { "type": "Polygon", "coordinates": [ [ [ -75.214819018777007, 39.998072986194998 ], [ -75.214789565174001, 39.997964278765203 ], [ -75.214846350887598, 39.997955179246702 ], [ -75.214833054771404, 39.997906100953401 ], [ -75.214759368589299, 39.997917909760801 ], [ -75.214674876481794, 39.997931450800003 ], [ -75.214667724688994, 39.997905050087503 ], [ -75.214661839316904, 39.997905992292701 ], [ -75.214660967152597, 39.997906132957503 ], [ -75.214639798081294, 39.997894995316898 ], [ -75.214633295071806, 39.997891575426898 ], [ -75.214623901274393, 39.997856901313803 ], [ -75.214639505957095, 39.997836892370401 ], [ -75.214647990045506, 39.997835533411099 ], [ -75.214641109774007, 39.997810136551102 ], [ -75.214960743596805, 39.9977589099556 ], [ -75.214952440851107, 39.997728269417401 ], [ -75.214939367755804, 39.997730364986303 ], [ -75.214907458491794, 39.997735478512801 ], [ -75.214905669543796, 39.997728875219501 ], [ -75.2149023540873, 39.997716640751001 ], [ -75.214890827864394, 39.997718487786898 ], [ -75.214729071627701, 39.9977444119071 ], [ -75.214727202904697, 39.997737514023697 ], [ -75.214698028781598, 39.997629839875401 ], [ -75.214863837444597, 39.997603267606401 ], [ -75.214862631490902, 39.997598817062702 ], [ -75.214859924937102, 39.997588826015402 ], [ -75.214859833404603, 39.997588492876403 ], [ -75.2149138875169, 39.997579830807801 ], [ -75.2149056001454, 39.997549250295897 ], [ -75.214951650443894, 39.997541869946701 ], [ -75.214958637789493, 39.997540749338 ], [ -75.214961835896304, 39.997552557743298 ], [ -75.214966851572299, 39.997571065804301 ], [ -75.215084791810199, 39.997552164542597 ], [ -75.215094983861903, 39.997589781113199 ], [ -75.215101474720598, 39.997588740758403 ], [ -75.215102495410093, 39.997592505826802 ], [ -75.215139878899194, 39.997730477066497 ], [ -75.2152416187634, 39.9977141709279 ], [ -75.215246338326594, 39.997731591235997 ], [ -75.215239732573195, 39.9977326493348 ], [ -75.215250200006807, 39.997771286720898 ], [ -75.215255415080307, 39.9977704513201 ], [ -75.215259858002597, 39.997786848515098 ], [ -75.215254918388794, 39.997787640443597 ], [ -75.215265893057804, 39.997828146214403 ], [ -75.215273101373498, 39.997826991046601 ], [ -75.215276700110707, 39.997840269034 ], [ -75.215173095004801, 39.997856874147402 ], [ -75.215211155656903, 39.997997347069102 ], [ -75.215205173042605, 39.997998305174903 ], [ -75.215212662406202, 39.998025946546797 ], [ -75.215127566277999, 39.9980395838287 ], [ -75.215108722592106, 39.998042605035302 ], [ -75.2151119787776, 39.998054624200101 ], [ -75.215029697836997, 39.998067811132302 ], [ -75.2150262654513, 39.9980551382275 ], [ -75.214985914615795, 39.998061604948099 ], [ -75.214983509068006, 39.998052728782099 ], [ -75.214953231945501, 39.9980575810375 ], [ -75.214853583449894, 39.998073551321198 ], [ -75.214842147048898, 39.9980753834433 ], [ -75.214820603020897, 39.998078836012397 ], [ -75.214819018777007, 39.998072986194998 ] ] ] } },
{ "type": "Feature", "properties": { "aun": 226514252, "school_num": null, "location_id": null, "school_name": "MOTHER DIVINE GRACE SCHOOL", "school_name_label": "MOTHER OF DIVINE GRACE SCHOOL", "street_address": "2612 E MONMOUTH ST", "zip_code": "19134", "phone_number": "(215) 426-7325", "active": "O", "grade_level": "ELEMENTARY/MIDDLE", "grade_org": "PREK-8", "enrollment": null, "type": 3, "type_specific": "ARCHDIOCESE", "objectid": 408, "Shape__Area": 876.9375, "Shape__Length": 124.58131450252644 }, "geometry": { "type": "Polygon", "coordinates": [ [ [ -75.110141388981901, 39.981514526602702 ], [ -75.110264051621499, 39.981451371179098 ], [ -75.110354241159897, 39.981404934099302 ], [ -75.110367238686294, 39.981398242172602 ], [ -75.11039203704, 39.981385475027899 ], [ -75.110444426947694, 39.981444480085003 ], [ -75.110456863639001, 39.981438920685598 ], [ -75.110481641247802, 39.981466317666403 ], [ -75.110468560257999, 39.981472595464403 ], [ -75.110519095932901, 39.981530680457197 ], [ -75.110271644696994, 39.981658086002902 ], [ -75.110266396333202, 39.981660788890999 ], [ -75.110217050665099, 39.981604070315797 ], [ -75.110206630160604, 39.981609436167098 ], [ -75.110183082779997, 39.981582369269702 ], [ -75.110192382805096, 39.981577580211997 ], [ -75.110138719291896, 39.981515900085903 ], [ -75.110141388981901, 39.981514526602702 ] ] ] } },
{ "type": "Feature", "properties": { "aun": 126515001, "school_num": 7522, "location_id": "5680", "school_name": "MUNOZ-MARIN, HON LUIS SCHOOL", "school_name_label": "HONORABLE LUIS MUNOZ-MARIN SCHOOL", "street_address": "3300 N 3RD ST", "zip_code": "19140", "phone_number": "(215) 400-3920", "active": null, "grade_level": "ELEMENTARY/MIDDLE", "grade_org": "K-8", "enrollment": 499, "type": 1, "type_specific": "DISTRICT", "objectid": 409, "Shape__Area": 9316.3828125, "Shape__Length": 781.84841252058277 }, "geometry": { "type": "Polygon", "coordinates": [ [ [ -75.135267952195406, 40.001621656673201 ], [ -75.135269334610896, 40.0016154598339 ], [ -75.135281090457099, 40.001617010427701 ], [ -75.135383028817401, 40.001630457603397 ], [ -75.135437575209707, 40.001637652322401 ], [ -75.135434562398501, 40.001651162130898 ], [ -75.135667173335406, 40.001681844930701 ], [ -75.135677037878295, 40.001683146303002 ], [ -75.135708330041098, 40.0015428295874 ], [ -75.135698876453901, 40.001541581501101 ], [ -75.135727725358194, 40.001412228659603 ], [ -75.135715539710404, 40.001410621019303 ], [ -75.135738251377902, 40.001308792088999 ], [ -75.135681490459305, 40.001301304925001 ], [ -75.135686588005896, 40.001278455048102 ], [ -75.135642097215097, 40.001272587568401 ], [ -75.135650179433, 40.001236348877299 ], [ -75.135399478931404, 40.001203277381798 ], [ -75.135360516428406, 40.001198138262801 ], [ -75.135394874550997, 40.001044083263302 ], [ -75.135396256943196, 40.001037886422303 ], [ -75.135405799363198, 40.001039145568797 ], [ -75.135820150340706, 40.001093802165698 ], [ -75.135818468930097, 40.001101338105499 ], [ -75.135813420512804, 40.001123978491599 ], [ -75.135852637984996, 40.0011291514205 ], [ -75.135837466860494, 40.001197174484403 ], [ -75.136095705133002, 40.001231237711103 ], [ -75.136063929383099, 40.001373717220197 ], [ -75.136102909511806, 40.001378858751004 ], [ -75.136101514681997, 40.001385113882399 ], [ -75.136087149136898, 40.001449525318797 ], [ -75.136077286083307, 40.001448224015199 ], [ -75.136067937377106, 40.001446990736298 ], [ -75.136066556587707, 40.001453185368 ], [ -75.135902943763895, 40.002186810130702 ], [ -75.135893082069998, 40.002185508844597 ], [ -75.135871567830804, 40.002182671769297 ], [ -75.135870185545301, 40.002188866365202 ], [ -75.1358609102342, 40.002230455886 ], [ -75.135851048534704, 40.002229154596201 ], [ -75.135847762736006, 40.002228721616298 ], [ -75.135846380447404, 40.002234916211798 ], [ -75.135830553725796, 40.002305886463603 ], [ -75.135820691972597, 40.002304586296603 ], [ -75.135359411812502, 40.002243739833403 ], [ -75.135337131170004, 40.002240800731499 ], [ -75.135337934753295, 40.002237199171297 ], [ -75.135273906500501, 40.002228753400097 ], [ -75.135294526941095, 40.002136301615899 ], [ -75.135284271798994, 40.002134949643299 ], [ -75.135290040633095, 40.002109086503999 ], [ -75.135186449124404, 40.002095423655199 ], [ -75.135208123142107, 40.001998242981998 ], [ -75.135184652075097, 40.001995148337897 ], [ -75.135267952195406, 40.001621656673201 ] ], [ [ -75.135481960507605, 40.002028558667298 ], [ -75.135774078061203, 40.002065340351798 ], [ -75.135784016352801, 40.002066591583997 ], [ -75.135842429128601, 40.001792207432501 ], [ -75.135766186393496, 40.001782606408597 ], [ -75.135769811941302, 40.001765580786497 ], [ -75.135671360840405, 40.001753184230303 ], [ -75.135674744984101, 40.0017372940342 ], [ -75.135661300153302, 40.001735601399602 ], [ -75.135666996311699, 40.001708844576498 ], [ -75.135553080491903, 40.001694500919001 ], [ -75.135551771877999, 40.001700645380502 ], [ -75.135481960507605, 40.002028558667298 ] ] ] } },
{ "type": "Feature", "properties": { "aun": 226514402, "school_num": null, "location_id": null, "school_name": "NAZARETH ACADEMY HIGH SCHOOL", "school_name_label": "NAZARETH ACADEMY HIGH SCHOOL", "street_address": "4001 GRANT AVE", "zip_code": "19114", "phone_number": "(215) 637-7676", "active": "O", "grade_level": "HIGH SCHOOL", "grade_org": "9-12", "enrollment": null, "type": 3, "type_specific": "PRIVATE", "objectid": 410, "Shape__Area": 5975.8359375, "Shape__Length": 608.13679062951167 }, "geometry": { "type": "Polygon", "coordinates": [ [ [ -74.9869441985511, 40.059707336221997 ], [ -74.986802543571997, 40.059580859408001 ], [ -74.986804197579801, 40.059579766095297 ], [ -74.987109964240702, 40.059377565023503 ], [ -74.987218624635602, 40.059305708181597 ], [ -74.987219163961797, 40.059305350586698 ], [ -74.987270523152901, 40.059351206457897 ], [ -74.987330896168302, 40.059311281187199 ], [ -74.987321026577604, 40.0593024690817 ], [ -74.987344514212097, 40.059286935169602 ], [ -74.987252567794698, 40.059204842335397 ], [ -74.987356601656998, 40.059136044750403 ], [ -74.987408058418197, 40.059181987382601 ], [ -74.987532160072803, 40.0590999185128 ], [ -74.987484116271901, 40.059057021385001 ], [ -74.987541774395694, 40.059018891437397 ], [ -74.987572822318199, 40.058998359252399 ], [ -74.987633039658206, 40.058958537092799 ], [ -74.987643965830202, 40.058968291411503 ], [ -74.987659313260096, 40.058981996208303 ], [ -74.987682445613004, 40.059002648432497 ], [ -74.987807703548697, 40.058919813015201 ], [ -74.987752630237594, 40.058870638888003 ], [ -74.987859696902902, 40.058799834574302 ], [ -74.987864112575394, 40.058803778153397 ], [ -74.987951940441206, 40.058882194246202 ], [ -74.987952279887395, 40.058882497506197 ], [ -74.9879688017147, 40.058871571666003 ], [ -74.987974209545897, 40.0588679960345 ], [ -74.988042640597598, 40.058929094661998 ], [ -74.988022395484293, 40.058943299869703 ], [ -74.988146111461901, 40.059051590655699 ], [ -74.988035805850302, 40.059124468671598 ], [ -74.988031659307694, 40.059120754584001 ], [ -74.987984509605894, 40.059078534693803 ], [ -74.987982878236494, 40.0590796127983 ], [ -74.987969757855296, 40.059088286650102 ], [ -74.987959028130604, 40.059078278029901 ], [ -74.987863474738603, 40.0591424311583 ], [ -74.987830282579395, 40.059148846211997 ], [ -74.987931773607102, 40.059236516988499 ], [ -74.987934553212099, 40.059238918702199 ], [ -74.987952598688196, 40.059226898652803 ], [ -74.987952659004506, 40.0592268573021 ], [ -74.9879551322895, 40.059229042153198 ], [ -74.988015811038196, 40.0592826152265 ], [ -74.988008314071493, 40.0592876747045 ], [ -74.988057559204094, 40.059330671439199 ], [ -74.988031643651993, 40.059353638373203 ], [ -74.988045439702802, 40.059365956471403 ], [ -74.988045440407404, 40.059402373113798 ], [ -74.988037183897902, 40.059407834457303 ], [ -74.988000068235905, 40.059432379324399 ], [ -74.987926656542001, 40.059417812569301 ], [ -74.9879068958424, 40.059430880545399 ], [ -74.987902292394594, 40.059433923609298 ], [ -74.987788559217904, 40.059332378281503 ], [ -74.987752254531202, 40.059299963585097 ], [ -74.987695574138797, 40.059249356398702 ], [ -74.987578627735999, 40.059326693427202 ], [ -74.987644184894506, 40.059385224979899 ], [ -74.987583643312703, 40.059425261245302 ], [ -74.987537391342897, 40.059455845334597 ], [ -74.987529974253206, 40.0594492232403 ], [ -74.987414641937406, 40.059346249183498 ], [ -74.9873890800569, 40.059363153541199 ], [ -74.987387155080299, 40.059361434648203 ], [ -74.987381602177095, 40.059356477037298 ], [ -74.987380094438393, 40.059355130856503 ], [ -74.987316857789295, 40.0593969493682 ], [ -74.987367913041695, 40.059442533195302 ], [ -74.987368723494001, 40.059443256641899 ], [ -74.987290525266104, 40.059494969527002 ], [ -74.986954915347795, 40.059716905356602 ], [ -74.9869441985511, 40.059707336221997 ] ] ] } },
{ "type": "Feature", "properties": { "aun": 326512996, "school_num": null, "location_id": null, "school_name": "NEW OAKS ACADEMY", "school_name_label": "NEW OAKS ACADEMY", "street_address": "4200 MONUMENT ST", "zip_code": "19131", "phone_number": "(215) 581- 3879", "active": null, "grade_level": "UNGRADED", "grade_org": "5-12", "enrollment": null, "type": 3, "type_specific": "PRIVATE", "objectid": 411, "Shape__Area": 12447.35546875, "Shape__Length": 1675.6151754957061 }, "geometry": { "type": "Polygon", "coordinates": [ [ [ -75.213904976969104, 40.000473945303 ], [ -75.213911384267604, 40.000410183402103 ], [ -75.213792708066805, 40.000386308087897 ], [ -75.213818190841096, 40.000320045001601 ], [ -75.213904692533703, 40.000337512923899 ], [ -75.213913410951207, 40.000309775645597 ], [ -75.213938883017207, 40.000299744857301 ], [ -75.213949623056095, 40.0002650875049 ], [ -75.213759528128307, 40.0002257713574 ], [ -75.213779973502298, 40.000164402044199 ], [ -75.213781100604294, 40.000164611650497 ], [ -75.213799428209796, 40.000168014641297 ], [ -75.213810820641299, 40.000132555182297 ], [ -75.213853065890405, 40.000139234622097 ], [ -75.213860433836999, 40.000108132684801 ], [ -75.213994569346994, 40.000134130057901 ], [ -75.214050883681097, 39.9999851390507 ], [ -75.214137458968295, 40.0000032143545 ], [ -75.214131349964703, 40.000018530435099 ], [ -75.214182312180398, 40.0000277775749 ], [ -75.2141346932723, 40.000158237936901 ], [ -75.214250362979598, 40.000181870798698 ], [ -75.214312732636301, 40.000155684614803 ], [ -75.214314418204594, 40.000156037196497 ], [ -75.214400047267105, 40.000173968633803 ], [ -75.214411042806006, 40.000176265779899 ], [ -75.214422666184007, 40.000158652298801 ], [ -75.214433263850907, 40.000160505922203 ], [ -75.214458573892898, 40.000164927991001 ], [ -75.214435771527206, 40.000229392095001 ], [ -75.214454889508204, 40.000234023156402 ], [ -75.214431090806798, 40.000299010358702 ], [ -75.214452869046298, 40.000303619088101 ], [ -75.214516577397006, 40.000134365511499 ], [ -75.214490202113197, 40.000128744122101 ], [ -75.214475762128401, 40.000125665873298 ], [ -75.214478699380507, 40.000117087904002 ], [ -75.214482719689897, 40.0001053499468 ], [ -75.214444972119296, 40.000097717037299 ], [ -75.2144408123321, 40.0000968762022 ], [ -75.2144491925267, 40.000073758054199 ], [ -75.214453235858699, 40.000074501711801 ], [ -75.214456243556498, 40.000075056936197 ], [ -75.214472657716598, 40.000027777966501 ], [ -75.214508530940705, 40.000034779314298 ], [ -75.214513623327804, 40.000020175076699 ], [ -75.214510496945394, 40.000018954997302 ], [ -75.214516920178397, 39.999997221707297 ], [ -75.214585297719395, 40.000011047469499 ], [ -75.214626228315396, 40.000019323894499 ], [ -75.214625234957694, 40.000021729024702 ], [ -75.214622197418294, 40.000029071538201 ], [ -75.214637916918306, 40.000032355975499 ], [ -75.214642613917505, 40.0000252415742 ], [ -75.214681994465906, 39.999965569733298 ], [ -75.214704877559498, 39.999930898939397 ], [ -75.214773163762104, 39.999827429251297 ], [ -75.214773567264899, 39.999826819851101 ], [ -75.2147834601613, 39.999830682876301 ], [ -75.214798917393196, 39.999807260361898 ], [ -75.214827393863303, 39.999818376883603 ], [ -75.214838659861201, 39.999801309586601 ], [ -75.214846616582804, 39.999789254226101 ], [ -75.214851548101507, 39.999781780091197 ], [ -75.214826965021899, 39.999724709577997 ], [ -75.214821984257796, 39.999713146744398 ], [ -75.214782549358802, 39.999621594693203 ], [ -75.214774300750804, 39.999602443094702 ], [ -75.214763356868204, 39.999577036468999 ], [ -75.214682551423607, 39.999810248482198 ], [ -75.214640303859397, 39.999802536522303 ], [ -75.214624212554597, 39.999847487926402 ], [ -75.214520003958199, 39.999826989518802 ], [ -75.214501503626593, 39.999823350819099 ], [ -75.214517929417397, 39.999776855971596 ], [ -75.214525640207796, 39.999778133382001 ], [ -75.214530528957198, 39.999763844501501 ], [ -75.2145317731772, 39.9997602116689 ], [ -75.214533019196395, 39.999756569866001 ], [ -75.2145621881252, 39.999761964630302 ], [ -75.2146391493404, 39.999539864970302 ], [ -75.214639975002498, 39.999537479787698 ], [ -75.214603765824407, 39.999530030691702 ], [ -75.214597395313305, 39.999552118792302 ], [ -75.214414671349303, 39.999514870977897 ], [ -75.214404612088103, 39.999541581940399 ], [ -75.214444844942506, 39.999548260643699 ], [ -75.2144460784248, 39.999545033025001 ], [ -75.214462278752293, 39.9995482616605 ], [ -75.214460472817606, 39.999554113187301 ], [ -75.214453560474198, 39.999576513673503 ], [ -75.214439708959901, 39.999573797552799 ], [ -75.214431097098696, 39.999597317158702 ], [ -75.2143892676538, 39.999590138044397 ], [ -75.214388100378102, 39.999591906378299 ], [ -75.214374261351793, 39.999588816610498 ], [ -75.214362313261404, 39.999586148154698 ], [ -75.214355995710406, 39.999584738200802 ], [ -75.214357794862195, 39.999578990140598 ], [ -75.214364950767703, 39.999556107372896 ], [ -75.214370649870702, 39.9995378832594 ], [ -75.214371418240304, 39.999535424733097 ], [ -75.214290973250598, 39.999519121446802 ], [ -75.214272513461694, 39.999515379988601 ], [ -75.214365990783307, 39.999247443152399 ], [ -75.214367402808193, 39.999243395062898 ], [ -75.214374443492204, 39.999243909853099 ], [ -75.214377795933501, 39.9992320952041 ], [ -75.214560515144797, 39.999266272831697 ], [ -75.214559505438004, 39.999268959162499 ], [ -75.214555782700401, 39.999278847633398 ], [ -75.214493132956903, 39.999267538250898 ], [ -75.214438477497296, 39.999423952034398 ], [ -75.214456952204301, 39.999427646493302 ], [ -75.214577279312294, 39.9994517040288 ], [ -75.214615251900796, 39.999341764727298 ], [ -75.214616002438405, 39.999339587368297 ], [ -75.214616844621801, 39.999337151869597 ], [ -75.214612510597306, 39.999336272277702 ], [ -75.214601862776902, 39.999334117977803 ], [ -75.214594043398293, 39.999332534085603 ], [ -75.214597573173506, 39.999322558009297 ], [ -75.214591364915506, 39.9993209669029 ], [ -75.214598404231396, 39.999299909451899 ], [ -75.214603769013607, 39.999300166468501 ], [ -75.214606342064201, 39.999291693078099 ], [ -75.214607121940304, 39.999289122179498 ], [ -75.2148461717168, 39.999339724184502 ], [ -75.214845966800198, 39.999340309814201 ], [ -75.214777103776697, 39.999535685702597 ], [ -75.214795410714004, 39.9995398742033 ], [ -75.214799566269903, 39.999540827557801 ], [ -75.214798879985807, 39.999542813748199 ], [ -75.214788837609206, 39.9995719003755 ], [ -75.214872316563103, 39.999765814632198 ], [ -75.214880699290703, 39.999764274338403 ], [ -75.214847843696205, 39.999679003417903 ], [ -75.214849693247203, 39.999678532945701 ], [ -75.214924263974297, 39.999659517552203 ], [ -75.215012766460006, 39.999636950101497 ], [ -75.215106678727196, 39.999613001876199 ], [ -75.215161326825793, 39.999743220526597 ], [ -75.215055378636805, 39.999769671344602 ], [ -75.215061153148, 39.999774095501898 ], [ -75.215056449852895, 39.999781223294903 ], [ -75.215139098003405, 39.999813486342902 ], [ -75.215291815448396, 39.999873101122198 ], [ -75.215292454872696, 39.999873350626999 ], [ -75.215302112874497, 39.999858714269699 ], [ -75.215301344988802, 39.999858414626097 ], [ -75.215270366995895, 39.999846322843702 ], [ -75.215271554577001, 39.999844520035701 ], [ -75.215297988775703, 39.999804468606598 ], [ -75.215328894559804, 39.999816532883798 ], [ -75.215376946504193, 39.999743723113802 ], [ -75.215351694240894, 39.9997337546137 ], [ -75.215335412997007, 39.999750697708102 ], [ -75.215279375015001, 39.999732157815401 ], [ -75.215166782550796, 39.999473162626103 ], [ -75.2153188561592, 39.999434396497698 ], [ -75.215411153686304, 39.999660597538202 ], [ -75.215428951849404, 39.999664922241799 ], [ -75.215470040363599, 39.999602663697303 ], [ -75.2154634570648, 39.999600094657602 ], [ -75.215486082084098, 39.999565811082398 ], [ -75.215492558489203, 39.9995683405946 ], [ -75.215530498968505, 39.999510853149303 ], [ -75.215547915386097, 39.999507004095399 ], [ -75.215552581351403, 39.999499932898303 ], [ -75.215605458128294, 39.999489149655297 ], [ -75.215621873702403, 39.999495557776697 ], [ -75.215769240245805, 39.999553082857801 ], [ -75.215753598700402, 39.999576785240301 ], [ -75.215753226193996, 39.9995773491517 ], [ -75.215720383446893, 39.999564528184401 ], [ -75.215716133491298, 39.999570968862102 ], [ -75.215722917045497, 39.999586809531003 ], [ -75.215463746580397, 39.999979513242799 ], [ -75.215445000952997, 39.999984640515699 ], [ -75.215425179145498, 40.0000146746927 ], [ -75.215439182900099, 40.000049996735001 ], [ -75.215395540654001, 40.000116124997298 ], [ -75.215376138130594, 40.0001216657312 ], [ -75.215278906846606, 40.000083712035803 ], [ -75.215274889797101, 40.000070220964503 ], [ -75.215284670398503, 40.000055400357603 ], [ -75.215276591710904, 40.000052247553597 ], [ -75.215263358699403, 40.0000470820831 ], [ -75.215051851719096, 39.999964518063798 ], [ -75.215081190089506, 40.000048339477203 ], [ -75.215075154704294, 40.000049960902501 ], [ -75.215061076877603, 40.000053734946 ], [ -75.215054330211402, 40.000034751686698 ], [ -75.215026622588198, 39.999956792367698 ], [ -75.214961235740105, 39.9999312681039 ], [ -75.214943994507607, 39.999924537568504 ], [ -75.214911844690505, 39.999973249705199 ], [ -75.2149161661482, 39.999986233943297 ], [ -75.214964868932796, 40.000005244981502 ], [ -75.214938378464595, 40.000045384070802 ], [ -75.214938009043294, 40.000045943542901 ], [ -75.214907575226107, 40.000034063026497 ], [ -75.2148910440864, 40.0000276105811 ], [ -75.214871875806594, 40.000032603414297 ], [ -75.214854133727599, 40.000059486002499 ], [ -75.214863258239404, 40.000077615155099 ], [ -75.214837106175906, 40.0000871164304 ], [ -75.215065432777905, 40.000347042444503 ], [ -75.215060403753796, 40.000350381098102 ], [ -75.2150637518764, 40.000354488132203 ], [ -75.215057721123699, 40.000357828317 ], [ -75.215060402984903, 40.000361423962602 ], [ -75.215050344635799, 40.000366304893802 ], [ -75.215054698834507, 40.0003704116194 ], [ -75.215026869259901, 40.000384794230897 ], [ -75.215029552719898, 40.0003878763426 ], [ -75.215032904738706, 40.0003855638384 ], [ -75.215052024912097, 40.000409711633701 ], [ -75.215019493808299, 40.000427172081203 ], [ -75.215013128356404, 40.000419982318803 ], [ -75.215002063687905, 40.000425889562997 ], [ -75.215005079985701, 40.000430255066298 ], [ -75.214970459555701, 40.0004484881471 ], [ -75.214962165940705, 40.000452856178399 ], [ -75.214938198769602, 40.0004257598031 ], [ -75.214881365854595, 40.000361506827197 ], [ -75.214871975392199, 40.000350891776002 ], [ -75.214852022316904, 40.000361683232398 ], [ -75.214849178094994, 40.000363220822699 ], [ -75.214765693075194, 40.000270757920603 ], [ -75.214773161153801, 40.000266692653497 ], [ -75.214788829329393, 40.000258175086302 ], [ -75.214719452703505, 40.000178579155502 ], [ -75.2147167438943, 40.000175470572501 ], [ -75.214536700105896, 40.0001384826558 ], [ -75.214466286184702, 40.000333932255799 ], [ -75.214424378110706, 40.000325199454899 ], [ -75.214422022397699, 40.0003321256699 ], [ -75.214400572135801, 40.0003285378043 ], [ -75.214380789581199, 40.000386838183204 ], [ -75.214357065180906, 40.000382226998802 ], [ -75.214338552951403, 40.000378628558401 ], [ -75.214358653842794, 40.000320824009997 ], [ -75.2141480989456, 40.000277666578803 ], [ -75.214132012845297, 40.000322623669099 ], [ -75.2142409795308, 40.000345998091703 ], [ -75.214240200614697, 40.000348228881798 ], [ -75.214226885757995, 40.000386310622602 ], [ -75.214242979747397, 40.000389137116898 ], [ -75.214222872233705, 40.000447703972704 ], [ -75.214066629368702, 40.000415853064602 ], [ -75.214048860995504, 40.000465934588199 ], [ -75.2139912162651, 40.0004633918794 ], [ -75.213961683366193, 40.000547092237298 ], [ -75.213916838463703, 40.000537355081299 ], [ -75.213912674946798, 40.000536456706399 ], [ -75.213898998438594, 40.000533480847999 ], [ -75.213903455185005, 40.000489085656099 ], [ -75.213904976969104, 40.000473945303 ] ] ] } },
{ "type": "Feature", "properties": { "aun": null, "school_num": null, "location_id": null, "school_name": null, "school_name_label": "BOYS LATIN OF PHILADELPHIA CHARTER SCHOOL", "street_address": "344 N FELTON ST", "zip_code": "19139", "phone_number": "(2150 387-5149", "active": null, "grade_level": "MIDDLE SCHOOL", "grade_org": "6-8", "enrollment": null, "type": 2, "type_specific": "CHARTER", "objectid": 412, "Shape__Area": 8920.68359375, "Shape__Length": 378.56973481243557 }, "geometry": { "type": "Polygon", "coordinates": [ [ [ -75.245296357942195, 39.968737187795902 ], [ -75.244573697945697, 39.968650131154703 ], [ -75.244524204548199, 39.9686446986695 ], [ -75.244522828668593, 39.9686445391091 ], [ -75.244534383257701, 39.968589695723999 ], [ -75.244609397083593, 39.968233724152903 ], [ -75.244652812022693, 39.968028472117197 ], [ -75.244665143473597, 39.967970180243199 ], [ -75.244666820823397, 39.967962204792599 ], [ -75.245005503592694, 39.9680039179771 ], [ -75.245016554493205, 39.968005351920603 ], [ -75.245456859470593, 39.968059727003499 ], [ -75.245399120519096, 39.968330788188602 ], [ -75.245348580172006, 39.968572539537703 ], [ -75.245326757524296, 39.968676904884198 ], [ -75.245317091792998, 39.968723133284101 ], [ -75.245313711099698, 39.9687392762211 ], [ -75.245296357942195, 39.968737187795902 ] ] ] } },
{ "type": "Feature", "properties": { "aun": null, "school_num": null, "location_id": null, "school_name": null, "school_name_label": "ESPERANZA ACADEMY CHARTER SCHOOL", "street_address": "3150 N MASCHER ST", "zip_code": "19140", "phone_number": "(215) 999-0203", "active": null, "grade_level": "ELEMENTARY SCHOOL", "grade_org": "K-5", "enrollment": null, "type": 2, "type_specific": "CHARTER", "objectid": 413, "Shape__Area": 4581.68359375, "Shape__Length": 294.44397939893418 }, "geometry": { "type": "Polygon", "coordinates": [ [ [ -75.131449625647505, 39.998337668615697 ], [ -75.131486554676897, 39.9981725072941 ], [ -75.131506750991903, 39.998096624145397 ], [ -75.131542731993306, 39.9979680013994 ], [ -75.131544724227993, 39.9979609219886 ], [ -75.131655034523305, 39.997977784750297 ], [ -75.131821280622503, 39.998000742569701 ], [ -75.131830140037593, 39.998004169179303 ], [ -75.131836769978904, 39.998006738521099 ], [ -75.131921716218599, 39.998017687322502 ], [ -75.131889645933498, 39.998165033685503 ], [ -75.131885256206402, 39.998189210555097 ], [ -75.131858469778294, 39.998328344069897 ], [ -75.131833991080896, 39.998441350937497 ], [ -75.131815626880794, 39.998525707264001 ], [ -75.131774636266499, 39.9987168415607 ], [ -75.131376021915401, 39.998661952282902 ], [ -75.131439492631003, 39.998383024827099 ], [ -75.131449625647505, 39.998337668615697 ] ] ] } },
{ "type": "Feature", "properties": { "aun": null, "school_num": null, "location_id": null, "school_name": null, "school_name_label": "ESPERANZA ACADEMY CHARTER SCHOOL", "street_address": "4261 N 5TH ST", "zip_code": "19140", "phone_number": "(267) 270-4044", "active": null, "grade_level": "MIDDLE SCHOOL", "grade_org": "6-8", "enrollment": null, "type": 2, "type_specific": "CHARTER", "objectid": 414, "Shape__Area": 25634.72265625, "Shape__Length": 736.91689994080184 }, "geometry": { "type": "Polygon", "coordinates": [ [ [ -75.1340969327143, 40.0153157784681 ], [ -75.134430393317501, 40.0154173822174 ], [ -75.134464572920194, 40.0154339174575 ], [ -75.134510447051298, 40.0152286697273 ], [ -75.134458750579, 40.015106245898799 ], [ -75.134736279989497, 40.015142621164202 ], [ -75.134930012338998, 40.015577360137598 ], [ -75.134830990212706, 40.016022112668502 ], [ -75.134714343856302, 40.0165460161924 ], [ -75.133394843348597, 40.016371665870899 ], [ -75.133621606266203, 40.015357118745598 ], [ -75.133403085120705, 40.015328244020303 ], [ -75.133466575565905, 40.015304025196698 ], [ -75.133533558455596, 40.015286217867498 ], [ -75.133602945940893, 40.015275113722097 ], [ -75.133673606131097, 40.015270893073399 ], [ -75.133744390985299, 40.015273623241001 ], [ -75.133921669321595, 40.015289728332398 ], [ -75.1340969327143, 40.0153157784681 ] ] ] } },
{ "type": "Feature", "properties": { "aun": null, "school_num": null, "location_id": null, "school_name": null, "school_name_label": "AD PRIMA CHARTER SCHOOL", "street_address": "8034 THOURON AVE", "zip_code": "19150", "phone_number": "(215) 488-7095", "active": null, "grade_level": "ELEMENTARY/MIDDLE", "grade_org": "K-8", "enrollment": null, "type": 2, "type_specific": "CHARTER", "objectid": 415, "Shape__Area": 5044.33984375, "Shape__Length": 365.35620004753804 }, "geometry": { "type": "Polygon", "coordinates": [ [ [ -75.170970193933599, 40.072494111035198 ], [ -75.171178898990703, 40.072276309407002 ], [ -75.171255238548099, 40.072319757255002 ], [ -75.171423152310993, 40.072415455114999 ], [ -75.171590505759994, 40.0725109802178 ], [ -75.171754067953103, 40.072604130316698 ], [ -75.171966505154302, 40.072385815248303 ], [ -75.172134481506205, 40.072482094598001 ], [ -75.1717115817668, 40.072924218136599 ], [ -75.170970193933599, 40.072494111035198 ] ] ] } },
{ "type": "Feature", "properties": { "aun": null, "school_num": null, "location_id": null, "school_name": "ZHANG SAH MARTIAL ARTS & LEARNING CENTER", "school_name_label": "ZHANG SAH MARTIAL ARTS & LEARNING CENTER", "street_address": "530 BAINBRIDGE ST", "zip_code": "19147", "phone_number": "(215) 923-6676", "active": null, "grade_level": "PRE-K/KINDERGARTEN", "grade_org": "PREK-K", "enrollment": null, "type": 3, "type_specific": "PRIVATE", "objectid": 416, "Shape__Area": 420.9140625, "Shape__Length": 93.973022819495839 }, "geometry": { "type": "Polygon", "coordinates": [ [ [ -75.151911108296204, 39.941012580538803 ], [ -75.151963316940893, 39.940775382492703 ], [ -75.152068942194703, 39.940788704413002 ], [ -75.152019018919901, 39.941026374365997 ], [ -75.151911108296204, 39.941012580538803 ] ] ] } },
{ "type": "Feature", "properties": { "aun": null, "school_num": null, "location_id": null, "school_name": "KIPP PHILADELPHIA OCTAVIUS CATTO ELEMENTARY", "school_name_label": "KIPP OCTAVIUS CATTO ELEMENTARY", "street_address": "4601 MARKET ST", "zip_code": "19139", "phone_number": "(267) 417-3070", "active": null, "grade_level": "ELEMENTARY", "grade_org": "K-3", "enrollment": 398, "type": 2, "type_specific": "CHARTER", "objectid": 417, "Shape__Area": 91884.62109375, "Shape__Length": 1850.4839775717751 }, "geometry": { "type": "Polygon", "coordinates": [ [ [ -75.216527830288001, 39.960489362549097 ], [ -75.216526345969001, 39.960489173223301 ], [ -75.2164909273327, 39.960484665462602 ], [ -75.216507332916393, 39.960323385956599 ], [ -75.216011074997198, 39.960249304496401 ], [ -75.215966340580593, 39.960247709404698 ], [ -75.215921949072396, 39.960243159829098 ], [ -75.215672119014897, 39.960207358809498 ], [ -75.215586832515797, 39.960246949032403 ], [ -75.215547709651304, 39.9604086343763 ], [ -75.215389132794201, 39.960386757537997 ], [ -75.215356215691102, 39.9603887964007 ], [ -75.215324466112307, 39.960399162646098 ], [ -75.215244797135895, 39.960434377355703 ], [ -75.2151980996384, 39.960477862982998 ], [ -75.214750712153602, 39.960412167409501 ], [ -75.214371758569598, 39.960597692811803 ], [ -75.214335182620204, 39.960633253365899 ], [ -75.214292502000802, 39.960806611030797 ], [ -75.214371018332898, 39.960867872108302 ], [ -75.215216183146595, 39.9609826541788 ], [ -75.214890113807499, 39.962348795127099 ], [ -75.213786262545696, 39.962427773541002 ], [ -75.213799864262796, 39.9623727977716 ], [ -75.213811849850302, 39.962324337683 ], [ -75.213823836883094, 39.962275877625402 ], [ -75.213835822478401, 39.962227416408901 ], [ -75.213847808014506, 39.9621789563164 ], [ -75.213859793533601, 39.9621304962225 ], [ -75.213871779077607, 39.962082035002098 ], [ -75.213888521859204, 39.962014347951701 ], [ -75.213905264565497, 39.961946662024097 ], [ -75.213917250044702, 39.961898200798601 ], [ -75.2139292369271, 39.961849740729498 ], [ -75.2139412223721, 39.961801279501401 ], [ -75.213953207757996, 39.961752819397397 ], [ -75.213965193126697, 39.961704359292099 ], [ -75.213977179982805, 39.961655898092403 ], [ -75.2139938623814, 39.961588450713698 ], [ -75.214010544746998, 39.9615210033325 ], [ -75.214022530034001, 39.9614725432209 ], [ -75.214034515303894, 39.9614240831079 ], [ -75.214046500598698, 39.961375621868399 ], [ -75.214058487296796, 39.9613271617851 ], [ -75.214070472557395, 39.961278700542898 ], [ -75.214082457758906, 39.961230240424698 ], [ -75.214099174446801, 39.961162653011101 ], [ -75.214115889639004, 39.961095065562603 ], [ -75.214127876280102, 39.9610466043464 ], [ -75.214139861399801, 39.960998144221897 ], [ -75.214151846544397, 39.960949682970799 ], [ -75.214163831629804, 39.960901222843802 ], [ -75.214175818160598, 39.960852762747699 ], [ -75.214205760726301, 39.960731698136598 ], [ -75.213680098931505, 39.960654709839098 ], [ -75.214134367765197, 39.958818001448499 ], [ -75.216844198552806, 39.959163682664098 ], [ -75.216527830288001, 39.960489362549097 ] ] ] } },
{ "type": "Feature", "properties": { "aun": null, "school_num": null, "location_id": null, "school_name": "MARITIME ACADEMY CHARTER SCHOOL (MACS)", "school_name_label": "MARITIME ACADEMY CHARTER SCHOOL (MACS)", "street_address": "2700 E HUNTINGDON ST", "zip_code": "19125", "phone_number": "(215) 427-3090", "active": null, "grade_level": "HIGH SCHOOL", "grade_org": "9-12", "enrollment": null, "type": 2, "type_specific": "CHARTER", "objectid": 418, "Shape__Area": 5637.265625, "Shape__Length": 364.96437608673267 }, "geometry": { "type": "Polygon", "coordinates": [ [ [ -75.116573936217804, 39.9764252867975 ], [ -75.117627056111402, 39.975871769859303 ], [ -75.117635462063305, 39.975867351666203 ], [ -75.117829802707206, 39.976094395437201 ], [ -75.117828218583696, 39.976095229721203 ], [ -75.117461753321393, 39.976287615569603 ], [ -75.116771038190194, 39.976650235550103 ], [ -75.116716973927495, 39.976588721663902 ], [ -75.116713542768395, 39.9765848225612 ], [ -75.116573936217804, 39.9764252867975 ] ] ] } },
{ "type": "Feature", "properties": { "aun": null, "school_num": null, "location_id": null, "school_name": "MASTERY CHARTER SCHOOL THOMAS CAMPUS", "school_name_label": "MASTERY CHARTER SCHOOL THOMAS CAMPUS", "street_address": "814 BIGLER ST", "zip_code": "19148", "phone_number": "(267) 296-7000", "active": null, "grade_level": "ELEMENTARY SCHOOL", "grade_org": "K-6", "enrollment": null, "type": 2, "type_specific": "CHARTER", "objectid": 419, "Shape__Area": 4297.64453125, "Shape__Length": 439.68511387609851 }, "geometry": { "type": "Polygon", "coordinates": [ [ [ -75.163052369427106, 39.912974989395501 ], [ -75.163051538011302, 39.912978812347703 ], [ -75.163046237294495, 39.912978129605101 ], [ -75.163045512183899, 39.912981465027897 ], [ -75.163029359799793, 39.912979381869398 ], [ -75.163011920748502, 39.912977134522997 ], [ -75.163013119446504, 39.912971615809703 ], [ -75.162999780406196, 39.912969895716998 ], [ -75.162913433872902, 39.912958763683598 ], [ -75.162964379278307, 39.912724433531302 ], [ -75.162948034792294, 39.912722326878502 ], [ -75.162952137248297, 39.912703456415699 ], [ -75.1629490881284, 39.912703063245402 ], [ -75.162947413340206, 39.912686616801999 ], [ -75.162956656866498, 39.912669087731899 ], [ -75.162960132394005, 39.912669536701003 ], [ -75.163029100389295, 39.9123523040249 ], [ -75.163029855474505, 39.912348834126099 ], [ -75.163032801254502, 39.912349213700097 ], [ -75.163294107733904, 39.912382900426799 ], [ -75.163228505296701, 39.9126846688768 ], [ -75.163244172832805, 39.9126872309973 ], [ -75.163244286480406, 39.912686704213897 ], [ -75.163265630707897, 39.912587964651898 ], [ -75.163276692426194, 39.912589531968798 ], [ -75.163309215812703, 39.912594136764703 ], [ -75.1632937925839, 39.912667685709501 ], [ -75.163284045829698, 39.912666806931902 ], [ -75.1632828316813, 39.912666697320098 ], [ -75.163270994799205, 39.912665629472997 ], [ -75.163262947866897, 39.912708833019799 ], [ -75.163253564651896, 39.912709585399398 ], [ -75.163242780653803, 39.912759185230797 ], [ -75.163197657987197, 39.912753366966598 ], [ -75.163192559595799, 39.912752710194802 ], [ -75.163183656165302, 39.9127936677733 ], [ -75.163290644889898, 39.912807461571397 ], [ -75.163377713194294, 39.912818686194399 ], [ -75.163378699125303, 39.912814145912698 ], [ -75.163410934036705, 39.912818301544 ], [ -75.163410012103597, 39.9128225436815 ], [ -75.163735113632299, 39.912864455540102 ], [ -75.163746589675299, 39.912865936423898 ], [ -75.163750680967397, 39.912847123125403 ], [ -75.163806489672197, 39.912854315251103 ], [ -75.1638136808903, 39.912855244458797 ], [ -75.163811004026002, 39.912867557291797 ], [ -75.163846835394196, 39.912872175732801 ], [ -75.163812907771302, 39.913028245944403 ], [ -75.1631489146219, 39.912942645345801 ], [ -75.163139562598403, 39.912985666266003 ], [ -75.163052488317007, 39.912974440204998 ], [ -75.163052369427106, 39.912974989395501 ] ] ] } },
{ "type": "Feature", "properties": { "aun": 226510682, "school_num": null, "location_id": null, "school_name": "BLAIR CHRISTIAN ACADEMY & PRESCHOOL", "school_name_label": "BLAIR CHRISTIAN ACADEMY & PRESCHOOL", "street_address": "212-20 W UPSAL ST", "zip_code": "19119", "phone_number": "(215) 438-6557", "active": "O", "grade_level": "ELEMENTARY/MIDDLE", "grade_org": "PREK-8", "enrollment": null, "type": 3, "type_specific": "PRIVATE", "objectid": 420, "Shape__Area": 14140.90234375, "Shape__Length": 512.73732120621389 }, "geometry": { "type": "Polygon", "coordinates": [ [ [ -75.187067766762794, 40.044483272500798 ], [ -75.186632511521296, 40.044218301991897 ], [ -75.186564730416507, 40.044281048094803 ], [ -75.1863174073316, 40.044123230325198 ], [ -75.186271777826605, 40.044165472673001 ], [ -75.185860518050902, 40.0439030450312 ], [ -75.186404099020393, 40.043375480144597 ], [ -75.187513434628997, 40.0440508130377 ], [ -75.187067766762794, 40.044483272500798 ] ] ] } },
{ "type": "Feature", "properties": { "aun": 126515001, "school_num": 7256, "location_id": "5200", "school_name": "ADAIRE, ALEXANDER SCHOOL", "school_name_label": "ALEXANDER ADAIRE SCHOOL", "street_address": "1300 E PALMER ST", "zip_code": "19125", "phone_number": "(215) 400-7480", "active": null, "grade_level": "ELEMENTARY/MIDDLE", "grade_org": "K-8", "enrollment": 450, "type": 1, "type_specific": "DISTRICT", "objectid": 421, "Shape__Area": 11936.6484375, "Shape__Length": 445.76509913376208 }, "geometry": { "type": "Polygon", "coordinates": [ [ [ -75.129324942807301, 39.9724050088791 ], [ -75.130203186666506, 39.972100432645199 ], [ -75.130600771368606, 39.972835403916697 ], [ -75.130386088472704, 39.972909856449199 ], [ -75.1303763299954, 39.972913241154103 ], [ -75.130329978409506, 39.972929315984302 ], [ -75.130285524496799, 39.972944732446201 ], [ -75.130240257431097, 39.972960432170503 ], [ -75.130194174373003, 39.972976412838797 ], [ -75.130166753666103, 39.9729257246616 ], [ -75.130121485166399, 39.972941423180401 ], [ -75.130075946591006, 39.972957215754498 ], [ -75.130030407950898, 39.972973009435997 ], [ -75.1299848693332, 39.972988801973997 ], [ -75.129939059132795, 39.9730046896589 ], [ -75.129695099370295, 39.973089294896802 ], [ -75.129324942807301, 39.9724050088791 ] ] ] } },
{ "type": "Feature", "properties": { "aun": 126515001, "school_num": 8029, "location_id": "1200", "school_name": "BARRY, JOHN ELEMENTARY SCHOOL", "school_name_label": "JOHN BARRY SCHOOL", "street_address": "5900 RACE ST", "zip_code": "19139", "phone_number": "(215) 400-7640", "active": null, "grade_level": "ELEMENTARY/MIDDLE", "grade_org": "K-8", "enrollment": 446, "type": 1, "type_specific": "DISTRICT", "objectid": 422, "Shape__Area": 6964.12890625, "Shape__Length": 352.77604540213395 }, "geometry": { "type": "Polygon", "coordinates": [ [ [ -75.238426659596797, 39.963960979947998 ], [ -75.238684737903696, 39.963993451580897 ], [ -75.238696860351595, 39.9639947812123 ], [ -75.238956163807003, 39.964026425352898 ], [ -75.238787267606, 39.964820077140899 ], [ -75.2382581677644, 39.964753190467597 ], [ -75.238426659596797, 39.963960979947998 ] ] ] } },
{ "type": "Feature", "properties": { "aun": 126515001, "school_num": null, "location_id": "8780", "school_name": "PHILADELPHIA VIRTUAL ACADEMY", "school_name_label": "PHILADELPHIA VIRTUAL ACADEMY", "street_address": "440 N BROAD ST", "zip_code": "19130", "phone_number": "(215) 400-3110", "active": null, "grade_level": "ELEMENTARY/MIDDLE/HIGH", "grade_org": "K-12", "enrollment": 921, "type": 1, "type_specific": "DISTRICT", "objectid": 423, "Shape__Area": 33046.55078125, "Shape__Length": 742.73940522837256 }, "geometry": { "type": "Polygon", "coordinates": [ [ [ -75.162125410029901, 39.9602016989001 ], [ -75.1627629181787, 39.960279138178002 ], [ -75.162753638120705, 39.960329738356002 ], [ -75.163498938439503, 39.9604244507765 ], [ -75.163189281384604, 39.961834113813303 ], [ -75.161796711645493, 39.961657919588703 ], [ -75.162125410029901, 39.9602016989001 ] ] ] } },
{ "type": "Feature", "properties": { "aun": 226518002, "school_num": null, "location_id": null, "school_name": "ST HUBERTS CATHOLIC HIGH SCHOOL", "school_name_label": "ST HUBERT CATHOLIC HIGH SCHOOL FOR GIRLS", "street_address": "7320 TORRESDALE AVE", "zip_code": "19136", "phone_number": "(215) 624-6840", "active": "O", "grade_level": "HIGH SCHOOL", "grade_org": "9-12", "enrollment": null, "type": 3, "type_specific": "ARCHDIOCESE", "objectid": 424, "Shape__Area": 26272.55859375, "Shape__Length": 848.57214530725025 }, "geometry": { "type": "Polygon", "coordinates": [ [ [ -75.035091051997497, 40.030302502710299 ], [ -75.035547844771202, 40.030846276855002 ], [ -75.033151494800705, 40.032152957344998 ], [ -75.032851191911405, 40.031811996559099 ], [ -75.032813681142699, 40.031769404917597 ], [ -75.0328105325232, 40.031765816311903 ], [ -75.032862022695795, 40.031739243767298 ], [ -75.032910990868501, 40.031714253704799 ], [ -75.032960455780199, 40.031688969015804 ], [ -75.033007566207502, 40.031664888953898 ], [ -75.033055249995002, 40.031639771583301 ], [ -75.0331003281091, 40.031616497154502 ], [ -75.0331507531656, 40.031590319404799 ], [ -75.033196351498006, 40.031566748635299 ], [ -75.033247317977597, 40.031540403442001 ], [ -75.033357958118899, 40.0314686882123 ], [ -75.0334075178788, 40.031442891981499 ], [ -75.033454656510699, 40.0314183551261 ], [ -75.033501842986098, 40.0313937934785 ], [ -75.033547908626403, 40.031369815764997 ], [ -75.033595127913699, 40.031345237961901 ], [ -75.033641329891694, 40.031321037047398 ], [ -75.033688601177303, 40.031296329784603 ], [ -75.033735515215895, 40.031271615179897 ], [ -75.033781026879296, 40.0312479295063 ], [ -75.033896502752, 40.031180052883599 ], [ -75.033943635057398, 40.031155628317897 ], [ -75.033991250583597, 40.031130953855801 ], [ -75.034040374322402, 40.031105496209904 ], [ -75.034088326472897, 40.031080646080298 ], [ -75.034127866880098, 40.031060155214803 ], [ -75.033982637160094, 40.0308775247467 ], [ -75.035091051997497, 40.030302502710299 ] ] ] } },
{ "type": "Feature", "properties": { "aun": 126515001, "school_num": 5294, "location_id": "6470", "school_name": "KELLY, JOHN B. SCHOOL", "school_name_label": "JOHN B. KELLY SCHOOL", "street_address": "5116 PULASKI AVE", "zip_code": "19144", "phone_number": "(215) 400-3580", "active": null, "grade_level": "ELEMENTARY SCHOOL", "grade_org": "K-5", "enrollment": 369, "type": 1, "type_specific": "DISTRICT", "objectid": 425, "Shape__Area": 33548.37109375, "Shape__Length": 775.83291239026778 }, "geometry": { "type": "Polygon", "coordinates": [ [ [ -75.171244098115196, 40.024701107274502 ], [ -75.171268731790903, 40.024674692020803 ], [ -75.171306320760905, 40.024695267131598 ], [ -75.171401482724704, 40.024590149749798 ], [ -75.171494313986102, 40.024487606412698 ], [ -75.1715657707161, 40.024408672767798 ], [ -75.171639712138401, 40.024326993848199 ], [ -75.171712546287793, 40.024246537925997 ], [ -75.171786644190703, 40.0241659751822 ], [ -75.171793205308603, 40.024158852446703 ], [ -75.171900682698606, 40.024217393918299 ], [ -75.172001332143296, 40.024272461774402 ], [ -75.172106696988195, 40.024329779799501 ], [ -75.172210515327606, 40.024386433426798 ], [ -75.172499759212002, 40.024070708272397 ], [ -75.1735496970593, 40.024637553264803 ], [ -75.172516739852, 40.025661497799298 ], [ -75.171085474229002, 40.024871155547999 ], [ -75.171244098115196, 40.024701107274502 ] ] ] } },
{ "type": "Feature", "properties": { "aun": 126510011, "school_num": 7775, "location_id": "3372", "school_name": "DISCOVERY CHARTER SCHOOL", "school_name_label": "DISCOVERY CHARTER SCHOOL", "street_address": "4700 PARKSIDE AVE", "zip_code": "19131", "phone_number": "(215) 879-8182", "active": null, "grade_level": "ELEMENTARY/MIDDLE", "grade_org": "K-8", "enrollment": 621, "type": 2, "type_specific": "CHARTER", "objectid": 426, "Shape__Area": 25756.58984375, "Shape__Length": 702.0402319040777 }, "geometry": { "type": "Polygon", "coordinates": [ [ [ -75.213539391547499, 39.977478754799797 ], [ -75.2131897273362, 39.9761139669397 ], [ -75.214823971235106, 39.976712284006602 ], [ -75.214906763303702, 39.976743466468697 ], [ -75.214176475103102, 39.977914957685002 ], [ -75.214042523033896, 39.977879613453098 ], [ -75.213971223332294, 39.977785817011501 ], [ -75.213895907032907, 39.977705892767702 ], [ -75.213803812969303, 39.977610670343701 ], [ -75.213654830519303, 39.977538498414901 ], [ -75.213565521218499, 39.977509572181397 ], [ -75.213560304061005, 39.9775078778653 ], [ -75.213545625662505, 39.977503120510796 ], [ -75.213539391547499, 39.977478754799797 ] ] ] } },
{ "type": "Feature", "properties": { "aun": 126513070, "school_num": 7557, "location_id": "3308", "school_name": "BELMONT ACADEMY CHARTER SCHOOL", "school_name_label": "BELMONT ACADEMY CHARTER SCHOOL", "street_address": "907 N 41ST ST", "zip_code": "19104", "phone_number": "(215) 386-5768", "active": "O", "grade_level": "ELEMENTARY SCHOOL", "grade_org": "PREK-K", "enrollment": 240, "type": 2, "type_specific": "CHARTER", "objectid": 427, "Shape__Area": 6561.3125, "Shape__Length": 413.18264162445291 }, "geometry": { "type": "Polygon", "coordinates": [ [ [ -75.204347714129099, 39.970515298841697 ], [ -75.2057616899789, 39.970335315276401 ], [ -75.205795223131304, 39.970905000900402 ], [ -75.204347714129099, 39.970515298841697 ] ] ] } },
{ "type": "Feature", "properties": { "aun": 226514502, "school_num": null, "location_id": null, "school_name": "NORWOOD FONTBONNE ACADEMY", "school_name_label": "NORWOOD FONTBONNE ACADEMY", "street_address": "8891 GERMANTOWN AVE", "zip_code": "19118", "phone_number": "(215) 247-3811", "active": "O", "grade_level": "ELEMENTARY/MIDDLE", "grade_org": "PREK-8", "enrollment": null, "type": 3, "type_specific": "PRIVATE", "objectid": 428, "Shape__Area": 41474.234375, "Shape__Length": 980.12083523983915 }, "geometry": { "type": "Polygon", "coordinates": [ [ [ -75.214872602676294, 40.0797343365236 ], [ -75.215103810389607, 40.079824016103501 ], [ -75.216343307999594, 40.080271642794997 ], [ -75.216363120989101, 40.080278880957898 ], [ -75.216391596821495, 40.080289080646203 ], [ -75.217502943002202, 40.0806871617784 ], [ -75.217559510984401, 40.080724489707201 ], [ -75.217136587196606, 40.081113206580298 ], [ -75.2159894880417, 40.080791131299598 ], [ -75.215692526423297, 40.081193712529299 ], [ -75.215093101517894, 40.081014435492797 ], [ -75.214493343487106, 40.080835483531402 ], [ -75.214129623428605, 40.0807269551525 ], [ -75.214169051650202, 40.0806234355993 ], [ -75.214239245307496, 40.080531376364704 ], [ -75.214420743636296, 40.080369282985799 ], [ -75.214290649516499, 40.080282005235802 ], [ -75.214872602676294, 40.0797343365236 ] ] ] } },
{ "type": "Feature", "properties": { "aun": null, "school_num": null, "location_id": "8070", "school_name": "OIC CADI", "school_name_label": "OIC CADI", "street_address": "444 N 3RD ST", "zip_code": "19123", "phone_number": "(215) 567-2410", "active": null, "grade_level": "HIGH SCHOOL", "grade_org": "9-12", "enrollment": 147, "type": 1, "type_specific": "CONTRACTED", "objectid": 429, "Shape__Area": 17939.78515625, "Shape__Length": 593.57452551328061 }, "geometry": { "type": "Polygon", "coordinates": [ [ [ -75.145377292388702, 39.958693686448299 ], [ -75.143983475088405, 39.958516930996801 ], [ -75.144093509747506, 39.958002277436897 ], [ -75.144649624762806, 39.9580728020725 ], [ -75.144742282732196, 39.957639408517302 ], [ -75.145579971013106, 39.957745637356901 ], [ -75.145377292388702, 39.958693686448299 ] ] ] } },
{ "type": "Feature", "properties": { "aun": 126515001, "school_num": 4963, "location_id": "7290", "school_name": "STEARNE, ALLEN M. SCHOOL", "school_name_label": "ALLEN M. STEARNE SCHOOL", "street_address": "1655 UNITY ST", "zip_code": "19124", "phone_number": "(215) 400-3980", "active": null, "grade_level": "ELEMENTARY/MIDDLE", "grade_org": "K-8", "enrollment": 374, "type": 1, "type_specific": "DISTRICT", "objectid": 430, "Shape__Area": 12140.58203125, "Shape__Length": 446.33860325710367 }, "geometry": { "type": "Polygon", "coordinates": [ [ [ -75.085371119427904, 40.012385453823597 ], [ -75.085339307692294, 40.012432141692997 ], [ -75.085231149239505, 40.012391119939601 ], [ -75.085191927382098, 40.012375488899899 ], [ -75.085113182284303, 40.012344107153801 ], [ -75.084726691996494, 40.012190077671598 ], [ -75.084725495033098, 40.012189599366103 ], [ -75.085054422803395, 40.0116807580753 ], [ -75.085137897459504, 40.011551637261498 ], [ -75.085138543952695, 40.011550653240199 ], [ -75.085743872703205, 40.011777971779402 ], [ -75.086096246931703, 40.011910290933898 ], [ -75.085746755198599, 40.012459844333698 ], [ -75.085714267058506, 40.0125109339468 ], [ -75.085371119427904, 40.012385453823597 ] ] ] } },
{ "type": "Feature", "properties": { "aun": null, "school_num": null, "location_id": null, "school_name": "PHILADELPHIA CONTINUATION ACADEMY", "school_name_label": "PHILADELPHIA CONTINUATION ACADEMY", "street_address": "100 W DUNCANNON AVE", "zip_code": "19120", "phone_number": null, "active": null, "grade_level": "HIGH SCHOOL", "grade_org": "9-12", "enrollment": 25, "type": 1, "type_specific": "CONTRACTED", "objectid": 431, "Shape__Area": 44830.48828125, "Shape__Length": 860.80725381833122 }, "geometry": { "type": "Polygon", "coordinates": [ [ [ -75.123131437476701, 40.027793855574402 ], [ -75.1249642471371, 40.027535770061199 ], [ -75.124610376720199, 40.029322999733701 ], [ -75.122855365355903, 40.029101435241401 ], [ -75.123131437476701, 40.027793855574402 ] ] ] } },
{ "type": "Feature", "properties": { "aun": 126511624, "school_num": 3445, "location_id": null, "school_name": "MAST III CHARTER SCHOOL", "school_name_label": "MAST III CHARTER SCHOOL", "street_address": "1 CROWN WAY", "zip_code": "19154", "phone_number": "(267) 574-9855", "active": null, "grade_level": "ELEMENTARY SCHOOL", "grade_org": "K-8", "enrollment": 1292, "type": 2, "type_specific": "CHARTER", "objectid": 432, "Shape__Area": 282432.3671875, "Shape__Length": 2450.3378024186618 }, "geometry": { "type": "Polygon", "coordinates": [ [ [ -74.989543102108499, 40.109459391559398 ], [ -74.989535970619798, 40.109469715480898 ], [ -74.9895266606907, 40.1094789610136 ], [ -74.989515444400794, 40.109486858738499 ], [ -74.989502644891601, 40.109493182136902 ], [ -74.989488632061295, 40.109497745234101 ], [ -74.989473816107903, 40.109500417087098 ], [ -74.9893846857113, 40.109509243030999 ], [ -74.989295212894902, 40.109515706655301 ], [ -74.989295213033401, 40.109515667237098 ], [ -74.989287339828394, 40.1087827093953 ], [ -74.989280969920102, 40.108189727343898 ], [ -74.989274068725706, 40.107547410518301 ], [ -74.989724836921198, 40.107526884270897 ], [ -74.990592435434607, 40.107487372764901 ], [ -74.991097126541504, 40.107445309127897 ], [ -74.991257862685799, 40.1073407917726 ], [ -74.991451972539394, 40.107324613244103 ], [ -74.992933136023197, 40.107191511790603 ], [ -74.993779997246605, 40.107009369143199 ], [ -74.994576821737496, 40.106778243495803 ], [ -74.994605397361894, 40.106834175845002 ], [ -74.994626900132204, 40.1068919435453 ], [ -74.9946411371659, 40.1069510227412 ], [ -74.994647976300897, 40.107010875262901 ], [ -74.994647356125498, 40.1070709544978 ], [ -74.994639282636797, 40.107130715447099 ], [ -74.994623829241704, 40.107189614726501 ], [ -74.994601136620204, 40.1072471139409 ], [ -74.994409645093896, 40.1076601838692 ], [ -74.994409628472695, 40.107660231902997 ], [ -74.994382619195406, 40.107724823731999 ], [ -74.994360920783194, 40.107790584697199 ], [ -74.994430572444998, 40.1078023673494 ], [ -74.994412868155095, 40.107877081492603 ], [ -74.994402382093796, 40.107952593745601 ], [ -74.9943991734783, 40.108028494419301 ], [ -74.994403256188903, 40.108104370484199 ], [ -74.994458735280304, 40.108648127240002 ], [ -74.994461270359693, 40.108715744012997 ], [ -74.994455108019196, 40.108783223299397 ], [ -74.994440305812006, 40.108849906449599 ], [ -74.994417010410501, 40.108915143706099 ], [ -74.994385448632798, 40.108978298493497 ], [ -74.994345927168396, 40.109038754170498 ], [ -74.9942988322139, 40.109095923031497 ], [ -74.994244623657394, 40.109149245041998 ], [ -74.994183828622496, 40.109198202326297 ], [ -74.992465150006396, 40.110451929545903 ], [ -74.9925510140651, 40.110521325214201 ], [ -74.990251290787498, 40.112105286487797 ], [ -74.990036429542698, 40.111921377405601 ], [ -74.989837250277205, 40.111750890619398 ], [ -74.990082950828594, 40.111404374700399 ], [ -74.989302247503602, 40.110175575929297 ], [ -74.989297228055406, 40.1097082684581 ], [ -74.989451741417696, 40.109696637743703 ], [ -74.989605204772005, 40.109678586314303 ], [ -74.989757167029893, 40.109654167546701 ], [ -74.9897871218418, 40.109646586741697 ], [ -74.989814975877195, 40.109635227346097 ], [ -74.989839929574202, 40.109620415950197 ], [ -74.989861262918694, 40.109602579045102 ], [ -74.989878362372494, 40.109582230152903 ], [ -74.989890734704403, 40.109559954389702 ], [ -74.989898026682098, 40.109536393169499 ], [ -74.989900025850503, 40.1095122250752 ], [ -74.989896674591193, 40.109488144795101 ], [ -74.989888072273601, 40.109464846280801 ], [ -74.989874462982002, 40.109442999924703 ], [ -74.989856239224594, 40.109423233502497 ], [ -74.989833927873207, 40.109406117193501 ], [ -74.989808168961005, 40.109392143923898 ], [ -74.989779704553698, 40.109381714458202 ], [ -74.989749352692201, 40.109375128889297 ], [ -74.989717988663102, 40.1093725783048 ], [ -74.989686514545298, 40.1093741361721 ], [ -74.989655835854407, 40.1093797555246 ], [ -74.989626834845396, 40.109389276205199 ], [ -74.989600348530502, 40.109402424338398 ], [ -74.989577137539001, 40.109418820593497 ], [ -74.989557870912606, 40.109437993334197 ], [ -74.989543102108499, 40.109459391559398 ] ] ] } },
{ "type": "Feature", "properties": { "aun": 126515001, "school_num": 7852, "location_id": "5520", "school_name": "KENSINGTON CAPA", "school_name_label": "KENSINGTON HIGH SCHOOL FOR CREATIVE AND PERFORMING ARTS", "street_address": "1901 N FRONT ST", "zip_code": "19122", "phone_number": "(215) 400-7400", "active": null, "grade_level": "HIGH SCHOOL", "grade_org": "9-12", "enrollment": 509, "type": 1, "type_specific": "DISTRICT", "objectid": 433, "Shape__Area": 49665.51953125, "Shape__Length": 1268.2098871741096 }, "geometry": { "type": "Polygon", "coordinates": [ [ [ -75.133871240291896, 39.976527099030598 ], [ -75.133435926782795, 39.978549827971001 ], [ -75.133349676798105, 39.978538842122099 ], [ -75.133337918504097, 39.9785934723431 ], [ -75.133314533467995, 39.978702128716698 ], [ -75.1334007821916, 39.978713114558701 ], [ -75.133232009008793, 39.979497294854603 ], [ -75.132930872448199, 39.979458935954703 ], [ -75.132545539482706, 39.979409850656701 ], [ -75.132379633812306, 39.979422121682603 ], [ -75.132177539692705, 39.979521773970397 ], [ -75.131858658447101, 39.979335212264203 ], [ -75.132225484305494, 39.978980742101001 ], [ -75.132395046060196, 39.978812572597398 ], [ -75.132465157134106, 39.9787367162739 ], [ -75.132879501107297, 39.976811574058701 ], [ -75.132882922301604, 39.976678901788397 ], [ -75.133069214985994, 39.976702590991501 ], [ -75.133221594569804, 39.975994552208199 ], [ -75.133871187527006, 39.976527176667403 ], [ -75.133871240291896, 39.976527099030598 ] ] ] } },
{ "type": "Feature", "properties": { "aun": 126515001, "school_num": 7905, "location_id": "2670", "school_name": "CONSTITUTION HIGH SCHOOL", "school_name_label": "CONSTITUTION HIGH SCHOOL", "street_address": "18 S 7TH ST", "zip_code": "19106", "phone_number": "(215) 400-7850", "active": null, "grade_level": "HIGH SCHOOL", "grade_org": "9-12", "enrollment": 421, "type": 1, "type_specific": "DISTRICT", "objectid": 434, "Shape__Area": 2653.296875, "Shape__Length": 211.7468071814672 }, "geometry": { "type": "Polygon", "coordinates": [ [ [ -75.152301633482296, 39.950045069759803 ], [ -75.152669006870397, 39.950092200020698 ], [ -75.152643202898901, 39.950211342144598 ], [ -75.152640213263695, 39.950210957968103 ], [ -75.152608544988894, 39.950357176976297 ], [ -75.152596006288206, 39.950415070789496 ], [ -75.152594526797003, 39.950414879610904 ], [ -75.152569850530995, 39.950528823595199 ], [ -75.1523819060547, 39.950504711554103 ], [ -75.152205996062406, 39.950482144430701 ], [ -75.152301633482296, 39.950045069759803 ] ] ] } },
{ "type": "Feature", "properties": { "aun": 126510009, "school_num": 7737, "location_id": "3358", "school_name": "PHILADELPHIA ELECTRICAL AND TECHNOLOGY CHARTER SCHOOL", "school_name_label": "PHILADELPHIA ELECTRICAL AND TECHNOLOGY CHARTER SCHOOL", "street_address": "1709 BENJAMIN FRANKLIN PKWY", "zip_code": "19103", "phone_number": "(267) 514-1823", "active": null, "grade_level": "HIGH SCHOOL", "grade_org": "9-12", "enrollment": 643, "type": 2, "type_specific": "CHARTER", "objectid": 435, "Shape__Area": 1317.546875, "Shape__Length": 164.08500439964001 }, "geometry": { "type": "Polygon", "coordinates": [ [ [ -75.168047065610594, 39.956842274868002 ], [ -75.168100743339394, 39.956591706651302 ], [ -75.168131864440198, 39.956447990097899 ], [ -75.168140739550907, 39.956406809591797 ], [ -75.168325144097494, 39.956545431532398 ], [ -75.168256673515799, 39.956868882289903 ], [ -75.168047065610594, 39.956842274868002 ] ] ] } },
{ "type": "Feature", "properties": { "aun": 300511820, "school_num": null, "location_id": null, "school_name": "BEGINNINGS LEARNING CENTER", "school_name_label": "BEGINNINGS LEARNING CENTER", "street_address": "620 S 10TH ST", "zip_code": "19147", "phone_number": "(215) 627-3668", "active": "O", "grade_level": "PRE-K/KINDERGARTEN", "grade_org": "PREK-K", "enrollment": null, "type": 3, "type_specific": "PRIVATE", "objectid": 436, "Shape__Area": 309.57421875, "Shape__Length": 95.755716151532695 }, "geometry": { "type": "Polygon", "coordinates": [ [ [ -75.158848340519498, 39.942228903429402 ], [ -75.158860442800204, 39.942177516958502 ], [ -75.159216521961596, 39.9422214357798 ], [ -75.1592052433882, 39.942274136101702 ], [ -75.159197220529805, 39.942273562937899 ], [ -75.158848340519498, 39.942228903429402 ] ] ] } },
{ "type": "Feature", "properties": { "aun": 126515001, "school_num": 3662, "location_id": "4220", "school_name": "BLAINE, JAMES G. SCHOOL", "school_name_label": "JAMES G. BLAINE SCHOOL", "street_address": "3001 W BERKS ST", "zip_code": "19121", "phone_number": "(215) 400-7330", "active": null, "grade_level": "ELEMENTARY/MIDDLE", "grade_org": "K-8", "enrollment": 314, "type": 1, "type_specific": "DISTRICT", "objectid": 437, "Shape__Area": 18632.609375, "Shape__Length": 601.35223108112802 }, "geometry": { "type": "Polygon", "coordinates": [ [ [ -75.183317460568603, 39.986555647840902 ], [ -75.183256742540806, 39.986547584215799 ], [ -75.182922537907999, 39.986503259518997 ], [ -75.182916512277203, 39.986502463630103 ], [ -75.182647866216996, 39.986466827150899 ], [ -75.182847173669799, 39.985533890278298 ], [ -75.182858399849493, 39.985481348952597 ], [ -75.182933404845002, 39.985130278946897 ], [ -75.182939616016995, 39.985101256683997 ], [ -75.183820783501801, 39.985216682151297 ], [ -75.1838196860636, 39.9852218958587 ], [ -75.183663727769201, 39.985956322114497 ], [ -75.183636555086295, 39.986084252570798 ], [ -75.183636299029303, 39.986085487986202 ], [ -75.183466981991202, 39.9860637447266 ], [ -75.183458722662607, 39.9861015218261 ], [ -75.183450785528905, 39.986139645135196 ], [ -75.183442613862198, 39.986177891593002 ], [ -75.183434695780804, 39.9862149679034 ], [ -75.183425959957006, 39.986254233400899 ], [ -75.183420460185701, 39.9862816745554 ], [ -75.1834183815659, 39.986291735149997 ], [ -75.183410365485102, 39.9863291955756 ], [ -75.183401918786302, 39.9863685970574 ], [ -75.183393844442307, 39.986406475148897 ], [ -75.183385566785205, 39.986445316152597 ], [ -75.183377138752206, 39.986484765353403 ], [ -75.183369107954604, 39.986522032857003 ], [ -75.183360747928205, 39.986561386719202 ], [ -75.183317460568603, 39.986555647840902 ] ] ] } },
{ "type": "Feature", "properties": { "aun": 126515001, "school_num": 6528, "location_id": "1300", "school_name": "HARRINGTON, AVERY D. SCHOOL", "school_name_label": "AVERY D. HARRINGTON SCHOOL", "street_address": "5300 BALTIMORE AVE", "zip_code": "19143", "phone_number": "(215) 400-7920", "active": null, "grade_level": "ELEMENTARY/MIDDLE", "grade_org": "K-8", "enrollment": 272, "type": 1, "type_specific": "DISTRICT", "objectid": 438, "Shape__Area": 11530.0625, "Shape__Length": 442.40288416645319 }, "geometry": { "type": "Polygon", "coordinates": [ [ [ -75.229917672681196, 39.947676748315502 ], [ -75.229856156178798, 39.947652636503101 ], [ -75.229844609801404, 39.947645483443601 ], [ -75.229809230889899, 39.947623573273397 ], [ -75.229771018348302, 39.947583257660199 ], [ -75.229755030939003, 39.947523038524899 ], [ -75.229766858504703, 39.9474723447481 ], [ -75.229767830273303, 39.947470446974798 ], [ -75.229768505883897, 39.947469156498997 ], [ -75.229870169374095, 39.947272540029502 ], [ -75.229933213505404, 39.947143630780303 ], [ -75.230014433802495, 39.946977562750199 ], [ -75.2306904939839, 39.946952936955697 ], [ -75.230703118781094, 39.9469524720365 ], [ -75.230707921922701, 39.947110999800699 ], [ -75.230717276701796, 39.947267097980998 ], [ -75.230717623413099, 39.947273020639898 ], [ -75.230776683936895, 39.947273544016298 ], [ -75.230845632144195, 39.947274059261701 ], [ -75.230920479216394, 39.947274722029803 ], [ -75.230967335647506, 39.947275136096103 ], [ -75.230964893656704, 39.947283932509599 ], [ -75.230960749101996, 39.947687279683599 ], [ -75.230951682218304, 39.947687210089597 ], [ -75.230734918553395, 39.947685496157803 ], [ -75.229970626106905, 39.947689534522503 ], [ -75.229917672681196, 39.947676748315502 ] ] ] } },
{ "type": "Feature", "properties": { "aun": 126515001, "school_num": 3769, "location_id": "8300", "school_name": "MAYFAIR SCHOOL", "school_name_label": "MAYFAIR SCHOOL", "street_address": "3001 PRINCETON AVE", "zip_code": "19149", "phone_number": "(215) 400-3280", "active": null, "grade_level": "ELEMENTARY/MIDDLE", "grade_org": "K-8", "enrollment": 1766, "type": 1, "type_specific": "DISTRICT", "objectid": 439, "Shape__Area": 78229.32421875, "Shape__Length": 1225.0220017099539 }, "geometry": { "type": "Polygon", "coordinates": [ [ [ -75.050784778730403, 40.0397341416638 ], [ -75.051831955816098, 40.038622348542503 ], [ -75.054855112234804, 40.040304511229301 ], [ -75.054799488467907, 40.040363570547498 ], [ -75.054641120142705, 40.040274246998599 ], [ -75.054577993604099, 40.040337066600102 ], [ -75.054538891914206, 40.040375977530402 ], [ -75.054498229382204, 40.040416442167299 ], [ -75.054461312346106, 40.040453179881702 ], [ -75.054421205106195, 40.040493090991497 ], [ -75.054382257359904, 40.040531847802001 ], [ -75.054340821095295, 40.040573082645103 ], [ -75.0543027139027, 40.040611003162702 ], [ -75.054262592718999, 40.040650928536003 ], [ -75.054220947289807, 40.040692371302399 ], [ -75.054180896171005, 40.040732227336299 ], [ -75.054141104393906, 40.0407718247614 ], [ -75.054100081305194, 40.040812647982001 ], [ -75.054060597594102, 40.040851939497998 ], [ -75.054021769922002, 40.040890577372203 ], [ -75.053982315143699, 40.040929839131998 ], [ -75.053942893869504, 40.040969067876503 ], [ -75.053902708180303, 40.0410090569452 ], [ -75.0538637400049, 40.041047833386898 ], [ -75.053825229457601, 40.041086155392598 ], [ -75.053785498285606, 40.0411256921793 ], [ -75.053746578747706, 40.041164421294503 ], [ -75.053705053264807, 40.041205742809296 ], [ -75.053664462963098, 40.041246134532003 ], [ -75.053606220029806, 40.041304091119201 ], [ -75.050784778730403, 40.0397341416638 ] ] ] } },
{ "type": "Feature", "properties": { "aun": 326513292, "school_num": null, "location_id": null, "school_name": "REVOLUTION SCHOOL", "school_name_label": "REVOLUTION SCHOOL", "street_address": "230 S BROAD ST", "zip_code": "19102", "phone_number": "(215) 631-3697", "active": null, "grade_level": "HIGH SCHOOL", "grade_org": "9-12", "enrollment": null, "type": 3, "type_specific": "PRIVATE", "objectid": 440, "Shape__Area": 1773.9921875, "Shape__Length": 214.87281814991809 }, "geometry": { "type": "Polygon", "coordinates": [ [ [ -75.165475893671896, 39.9484062144817 ], [ -75.1654477563374, 39.9485448775892 ], [ -75.1646753559274, 39.948450890885198 ], [ -75.164703493208293, 39.948312231309799 ], [ -75.165475893671896, 39.9484062144817 ] ] ] } },
{ "type": "Feature", "properties": { "aun": 226515602, "school_num": null, "location_id": null, "school_name": "ROMAN CATHOLIC HIGH SCHOOL", "school_name_label": "ROMAN CATHOLIC HIGH SCHOOL", "street_address": "301 N BROAD ST", "zip_code": "19107", "phone_number": "(215) 627-1270", "active": "O", "grade_level": "HIGH SCHOOL", "grade_org": "9-12", "enrollment": null, "type": 3, "type_specific": "ARCHDIOCESE", "objectid": 441, "Shape__Area": 4314.71484375, "Shape__Length": 265.99383404356252 }, "geometry": { "type": "Polygon", "coordinates": [ [ [ -75.161460703035502, 39.958051772869098 ], [ -75.162142344583401, 39.9581391904809 ], [ -75.1620624981053, 39.958519640117601 ], [ -75.161381114092407, 39.9584341617348 ], [ -75.161409240060394, 39.958297890193698 ], [ -75.161414843602699, 39.9582707428427 ], [ -75.161460703035502, 39.958051772869098 ] ] ] } },
{ "type": "Feature", "properties": { "aun": 226511622, "school_num": null, "location_id": null, "school_name": "FRANKFORD FRIENDS SCHOOL", "school_name_label": "FRANKFORD FRIENDS SCHOOL", "street_address": "1500 ORTHODOX ST", "zip_code": "19124", "phone_number": "(215) 533-5368", "active": "O", "grade_level": "ELEMENTARY/MIDDLE", "grade_org": "PREK-8", "enrollment": null, "type": 3, "type_specific": "PRIVATE", "objectid": 442, "Shape__Area": 3356.79296875, "Shape__Length": 242.78245487063083 }, "geometry": { "type": "Polygon", "coordinates": [ [ [ -75.086885145515893, 40.0154594393682 ], [ -75.087106269491102, 40.015214091730002 ], [ -75.087129240683595, 40.015187542656001 ], [ -75.087289158627101, 40.015011284793303 ], [ -75.0876028689501, 40.015183211739398 ], [ -75.087196687791106, 40.015624675335403 ], [ -75.086885145515893, 40.0154594393682 ] ] ] } },
{ "type": "Feature", "properties": { "aun": null, "school_num": null, "location_id": "3322", "school_name": "PHILADELPHIA ACADEMY CHARTER SCHOOL (ANNEX)", "school_name_label": "PHILADELPHIA ACADEMY CHARTER SCHOOL", "street_address": "1700 TOMLINSON RD", "zip_code": "19116", "phone_number": "(215) 673-3990", "active": "O", "grade_level": "HIGH SCHOOL", "grade_org": "9-12", "enrollment": null, "type": 2, "type_specific": "CHARTER", "objectid": 443, "Shape__Area": 33499.375, "Shape__Length": 752.01654996464379 }, "geometry": { "type": "Polygon", "coordinates": [ [ [ -75.015986532352599, 40.104721115253 ], [ -75.016973299101593, 40.103968281415597 ], [ -75.0170713911902, 40.1040440909089 ], [ -75.017121909446999, 40.104083136099803 ], [ -75.017172331093306, 40.104122177844303 ], [ -75.017222869273397, 40.104161168271901 ], [ -75.017273261097102, 40.104200115775797 ], [ -75.017339622967, 40.104251404354102 ], [ -75.017405984891894, 40.104302694019097 ], [ -75.017456201992104, 40.104341505505303 ], [ -75.017506558628696, 40.104380422779499 ], [ -75.017556800075099, 40.104419251692299 ], [ -75.017566041760503, 40.104426395946298 ], [ -75.017464602761507, 40.104503788112602 ], [ -75.017522130089304, 40.104548249474099 ], [ -75.017588900624105, 40.104599856218798 ], [ -75.0176391308745, 40.1046386769398 ], [ -75.0176892346188, 40.1046773988936 ], [ -75.017739805005604, 40.104716481072899 ], [ -75.017806553287201, 40.104768065753902 ], [ -75.017873297183499, 40.104819652542098 ], [ -75.017923502198997, 40.104858452256998 ], [ -75.017973806764999, 40.104897330903903 ], [ -75.018024315043505, 40.104936360789502 ], [ -75.018131687034298, 40.105019342591099 ], [ -75.017076763883196, 40.105824186952503 ], [ -75.015884933718596, 40.104798626176702 ], [ -75.015986532352599, 40.104721115253 ] ] ] } },
{ "type": "Feature", "properties": { "aun": 126515001, "school_num": 3744, "location_id": "7330", "school_name": "LAWTON, HENRY W. SCHOOL", "school_name_label": "HENRY W. LAWTON SCHOOL", "street_address": "6101 JACKSON ST", "zip_code": "19135", "phone_number": "(215) 400-3340", "active": null, "grade_level": "ELEMENTARY SCHOOL", "grade_org": "K-5", "enrollment": 541, "type": 1, "type_specific": "DISTRICT", "objectid": 444, "Shape__Area": 14273.9609375, "Shape__Length": 497.91231367090649 }, "geometry": { "type": "Polygon", "coordinates": [ [ [ -75.058532740098499, 40.019674271460701 ], [ -75.059330085393597, 40.0205852575099 ], [ -75.058663588122798, 40.020930090428799 ], [ -75.057866246257106, 40.020019099732203 ], [ -75.058532740098499, 40.019674271460701 ] ] ] } },
{ "type": "Feature", "properties": { "aun": 300514330, "school_num": null, "location_id": null, "school_name": "POLITZ HEBREW ACADEMY", "school_name_label": "POLITZ HEBREW ACADEMY", "street_address": "9229 OLD BUSTLETON AVE", "zip_code": "19115", "phone_number": "(215) 969-5960", "active": "O", "grade_level": "ELEMENTARY/MIDDLE", "grade_org": "K-8", "enrollment": null, "type": 3, "type_specific": "PRIVATE", "objectid": 445, "Shape__Area": 23194.8046875, "Shape__Length": 609.76395338713985 }, "geometry": { "type": "Polygon", "coordinates": [ [ [ -75.038403163706306, 40.079694062500799 ], [ -75.038624446297106, 40.079504449182402 ], [ -75.038628637259293, 40.079506307356198 ], [ -75.038691308431794, 40.079542315245803 ], [ -75.038781986470198, 40.0795953311045 ], [ -75.0388678465536, 40.0796455244515 ], [ -75.038954568470402, 40.0796962054809 ], [ -75.039042314089698, 40.079747506408303 ], [ -75.039130984654605, 40.079799330291799 ], [ -75.039217835716201, 40.079850311505503 ], [ -75.039303631574001, 40.079900366712401 ], [ -75.039389549417606, 40.079950491181599 ], [ -75.039467830384396, 40.079996161116298 ], [ -75.0395518714231, 40.080045191471598 ], [ -75.039636233560799, 40.080094408418603 ], [ -75.039720368035006, 40.080143491532198 ], [ -75.039808311013203, 40.080194798753197 ], [ -75.039894404403597, 40.080245024955403 ], [ -75.039072868455705, 40.081075198714899 ], [ -75.038487053199205, 40.080732985896603 ], [ -75.038285028536293, 40.080018420549003 ], [ -75.038232117540105, 40.079840625977397 ], [ -75.038403163706306, 40.079694062500799 ] ] ] } },
{ "type": "Feature", "properties": { "aun": 126518118, "school_num": 3731, "location_id": "3427", "school_name": "MASTERY CHARTER @ WISTER", "school_name_label": "MASTERY CHARTER SCHOOL AT WISTER", "street_address": "67 E BRINGHURST ST", "zip_code": "19144", "phone_number": "(215) 951-4003", "active": null, "grade_level": "ELEMENTARY SCHOOL", "grade_org": "K-5", "enrollment": 516, "type": 2, "type_specific": "CHARTER", "objectid": 446, "Shape__Area": 24405.03515625, "Shape__Length": 737.85297067564954 }, "geometry": { "type": "Polygon", "coordinates": [ [ [ -75.165748962016096, 40.033542588841698 ], [ -75.166551765659094, 40.032760455364901 ], [ -75.166934326456797, 40.032992487594001 ], [ -75.167011748886594, 40.032917060452299 ], [ -75.167059307268602, 40.032870726603598 ], [ -75.1671003488742, 40.032830929444202 ], [ -75.167155691275894, 40.032776824805602 ], [ -75.167210840856995, 40.032722856589402 ], [ -75.167269459893703, 40.032666114662597 ], [ -75.1673189410822, 40.032617447531699 ], [ -75.167401258836605, 40.032537178035703 ], [ -75.167460298303098, 40.032479659338598 ], [ -75.167638833874705, 40.032580886293097 ], [ -75.1677233560887, 40.032628808183098 ], [ -75.167514189364894, 40.032832347233096 ], [ -75.167781141885996, 40.033007287125997 ], [ -75.167730191152501, 40.033056725567199 ], [ -75.167161616560904, 40.033609836404402 ], [ -75.167109238784803, 40.033660828280198 ], [ -75.167056684851005, 40.033711711429397 ], [ -75.167004135187298, 40.033762595778498 ], [ -75.166951581138704, 40.033813477754101 ], [ -75.166899029896399, 40.033864360896601 ], [ -75.166846331003498, 40.033915156226001 ], [ -75.166675729314306, 40.034093771994897 ], [ -75.165748962016096, 40.033542588841698 ] ] ] } },
{ "type": "Feature", "properties": { "aun": 126515001, "school_num": 3860, "location_id": "1020", "school_name": "WEST PHILADELPHIA HIGH SCHOOL", "school_name_label": "WEST PHILADELPHIA HIGH SCHOOL", "street_address": "4901 CHESTNUT ST", "zip_code": "19139", "phone_number": "(215) 400-7900", "active": null, "grade_level": "HIGH SCHOOL", "grade_org": "9-12", "enrollment": 719, "type": 1, "type_specific": "DISTRICT", "objectid": 447, "Shape__Area": 31639.375, "Shape__Length": 771.05847169150411 }, "geometry": { "type": "Polygon", "coordinates": [ [ [ -75.219353102805698, 39.9578723693783 ], [ -75.220439618792895, 39.958006822737701 ], [ -75.220376475300299, 39.9583090223081 ], [ -75.220374774891098, 39.958317153503202 ], [ -75.220675903707601, 39.958354414360699 ], [ -75.220663162002793, 39.958415394659902 ], [ -75.220641074736207, 39.958521097260203 ], [ -75.220619272108095, 39.958625442245001 ], [ -75.220613607460606, 39.958652548941402 ], [ -75.220607944396605, 39.958679652293803 ], [ -75.2209812734949, 39.9587258472381 ], [ -75.220848474042896, 39.9593614152813 ], [ -75.219087472837003, 39.959143501526498 ], [ -75.219353102805698, 39.9578723693783 ] ] ] } },
{ "type": "Feature", "properties": { "aun": 126514864, "school_num": null, "location_id": "3353", "school_name": "KIPP DUBOIS CHARTER SCHOOL", "school_name_label": "KIPP DUBOIS COLLEGIATE ACADEMY", "street_address": "5070 PARKSIDE AVE", "zip_code": "19131", "phone_number": "(215) 307-3465", "active": null, "grade_level": "HIGH SCHOOL", "grade_org": "9-12", "enrollment": 523, "type": 2, "type_specific": "CHARTER", "objectid": 448, "Shape__Area": 26202.359375, "Shape__Length": 859.56222546576907 }, "geometry": { "type": "Polygon", "coordinates": [ [ [ -75.220704377936002, 39.9799746321806 ], [ -75.220835171592199, 39.979765375630897 ], [ -75.220647309753801, 39.979695883621297 ], [ -75.220740863026506, 39.979546208248401 ], [ -75.220417671159794, 39.979426652625897 ], [ -75.220634029865394, 39.979080502548697 ], [ -75.220097792507602, 39.978882134001203 ], [ -75.220206035223697, 39.978708955963199 ], [ -75.221764699993599, 39.979285535838201 ], [ -75.2221676971851, 39.979434606402599 ], [ -75.221812704649693, 39.980002573108301 ], [ -75.221588571172205, 39.979919664004797 ], [ -75.221216797241894, 39.980514471719196 ], [ -75.220527617910093, 39.980259535848603 ], [ -75.220705446528299, 39.979975028520002 ], [ -75.220704377936002, 39.9799746321806 ] ] ] } },
{ "type": "Feature", "properties": { "aun": 226514852, "school_num": null, "location_id": null, "school_name": "OUR LADY OF CALVARY SCHOOL", "school_name_label": "OUR LADY OF CALVARY SCHOOL", "street_address": "11023 KIPLING LN", "zip_code": "19154", "phone_number": "(215) 637-1648", "active": "O", "grade_level": "ELEMENTARY/MIDDLE", "grade_org": "PREK-8", "enrollment": null, "type": 3, "type_specific": "ARCHDIOCESE", "objectid": 449, "Shape__Area": 2929.09765625, "Shape__Length": 344.0045216553309 }, "geometry": { "type": "Polygon", "coordinates": [ [ [ -74.9790532595065, 40.079519635621601 ], [ -74.978993199875106, 40.0794923696429 ], [ -74.978965916070706, 40.079479982125903 ], [ -74.978964092152395, 40.079479154218397 ], [ -74.978959397806804, 40.079485311343603 ], [ -74.978919166284697, 40.079466840277298 ], [ -74.978923524822704, 40.079460684067399 ], [ -74.978814183543307, 40.079411157080401 ], [ -74.978699792336698, 40.079359341140702 ], [ -74.978697547965297, 40.079358325128801 ], [ -74.978772888565899, 40.079261336269902 ], [ -74.978810136247603, 40.0792133863537 ], [ -74.979059942720298, 40.079325388891903 ], [ -74.979115637541895, 40.079254426579503 ], [ -74.979113204787097, 40.0792537506927 ], [ -74.979025113440997, 40.079229286992202 ], [ -74.979026537270698, 40.079226306120503 ], [ -74.979212112637597, 40.078837845670698 ], [ -74.979212867656898, 40.078836268982002 ], [ -74.979213079310895, 40.078836328149102 ], [ -74.979432524383796, 40.078897524372302 ], [ -74.979435490521695, 40.078898351650601 ], [ -74.979434113747004, 40.078901222153902 ], [ -74.979247870492699, 40.079289548566599 ], [ -74.979247735863495, 40.079289829157403 ], [ -74.9791558700786, 40.079264688865997 ], [ -74.979100772696896, 40.079334164195501 ], [ -74.979095232248795, 40.079341149056901 ], [ -74.979206903679497, 40.079391245562803 ], [ -74.979100375363799, 40.079531822096598 ], [ -74.979095186480805, 40.079538671263698 ], [ -74.9790532595065, 40.079519635621601 ] ] ] } },
{ "type": "Feature", "properties": { "aun": 226514552, "school_num": null, "location_id": null, "school_name": "OUR LADY OF PORT RICHMOND SCHOOL", "school_name_label": "OUR LADY OF PORT RICHMOND SCHOOL", "street_address": "3233 E THOMPSON ST", "zip_code": "19134", "phone_number": "(215) 739-1920", "active": "O", "grade_level": "ELEMENTARY/MIDDLE", "grade_org": "PREK-8", "enrollment": null, "type": 3, "type_specific": "ARCHDIOCESE", "objectid": 450, "Shape__Area": 4114.0859375, "Shape__Length": 364.7408675530915 }, "geometry": { "type": "Polygon", "coordinates": [ [ [ -75.101630457192002, 39.984750071811703 ], [ -75.101673034898397, 39.984798275284902 ], [ -75.101687057340399, 39.984790946823402 ], [ -75.101695047314806, 39.984799992868503 ], [ -75.1016822220097, 39.984806696831697 ], [ -75.101699748639604, 39.984826539956302 ], [ -75.101697049362997, 39.984827950861202 ], [ -75.101658794751302, 39.984847943962201 ], [ -75.101659616472702, 39.984848874095 ], [ -75.101807952893793, 39.985016820200599 ], [ -75.101809090335806, 39.985016224732497 ], [ -75.1018626334277, 39.984988240765396 ], [ -75.101717620275394, 39.984824056647597 ], [ -75.101933678165807, 39.984711133763099 ], [ -75.102228549243705, 39.985044982050603 ], [ -75.102236284051301, 39.985053740595603 ], [ -75.1020246721272, 39.985164338353002 ], [ -75.102025192377397, 39.985164927018403 ], [ -75.102030031535605, 39.985170406580799 ], [ -75.101955433706905, 39.985209394150502 ], [ -75.101950594508097, 39.985203915710301 ], [ -75.101949985960303, 39.9852032258935 ], [ -75.101744450219201, 39.985310647543599 ], [ -75.101744231992399, 39.9853107618952 ], [ -75.101607648729697, 39.985156122651901 ], [ -75.101607866956201, 39.985156008300599 ], [ -75.101628516626903, 39.9851452162466 ], [ -75.1016051958253, 39.985118813904698 ], [ -75.101614316000493, 39.9851140472719 ], [ -75.101611013715498, 39.985110308363602 ], [ -75.101473814192403, 39.984954969936801 ], [ -75.101469318307295, 39.984957321503501 ], [ -75.101398377758002, 39.984877001530897 ], [ -75.101407015149903, 39.984872487325902 ], [ -75.101410544310596, 39.984855766729403 ], [ -75.101431655767797, 39.984844733079399 ], [ -75.101453612722494, 39.984848774098197 ], [ -75.101480581566506, 39.984834679192502 ], [ -75.101477496606705, 39.984831187448101 ], [ -75.101498406262095, 39.984820259505902 ], [ -75.101501629943201, 39.984823911005797 ], [ -75.101590309888394, 39.984777562872601 ], [ -75.101591335202201, 39.9847770267653 ], [ -75.101575154792101, 39.984758707027297 ], [ -75.101618210112406, 39.984736203851703 ], [ -75.101630457192002, 39.984750071811703 ] ] ] } },
{ "type": "Feature", "properties": { "aun": 226515302, "school_num": null, "location_id": null, "school_name": "OUR MOTHER OF CONSOLATION", "school_name_label": "OUR MOTHER OF CONSOLATION SCHOOL", "street_address": "7-29 E CHESTNUT HILL AVE", "zip_code": "19118", "phone_number": "(215) 247-1060", "active": "O", "grade_level": "ELEMENTARY/MIDDLE", "grade_org": "PREK-8", "enrollment": null, "type": 3, "type_specific": "ARCHDIOCESE", "objectid": 451, "Shape__Area": 1380.3984375, "Shape__Length": 166.27877867646578 }, "geometry": { "type": "Polygon", "coordinates": [ [ [ -75.210202470785603, 40.079365624326002 ], [ -75.210122166431006, 40.079316675698003 ], [ -75.210122067542599, 40.0793166149477 ], [ -75.210133185127901, 40.079305852693103 ], [ -75.210144664847505, 40.0792947380409 ], [ -75.210109230801805, 40.079273139674903 ], [ -75.210107309562702, 40.0792744475877 ], [ -75.210103710892298, 40.079276895359101 ], [ -75.210103432590302, 40.0792770840496 ], [ -75.210062988822799, 40.079252430946397 ], [ -75.210021994565395, 40.079227444681898 ], [ -75.210050526364498, 40.079199824438597 ], [ -75.210079290997299, 40.079171976200897 ], [ -75.210082103855299, 40.079173677053802 ], [ -75.210084697469, 40.079175242416802 ], [ -75.210103616264504, 40.079156926509803 ], [ -75.210113833257196, 40.0791470352167 ], [ -75.210113872735903, 40.079146998922901 ], [ -75.210142772713397, 40.079119019637901 ], [ -75.2101425146748, 40.079118863018401 ], [ -75.210141064076794, 40.079117978392297 ], [ -75.210136252115703, 40.079115045171299 ], [ -75.210136080118005, 40.079114940008097 ], [ -75.210142889415906, 40.0791083476431 ], [ -75.210191205513397, 40.079061572377398 ], [ -75.210262870466195, 40.079105254053403 ], [ -75.210275606720899, 40.079092922652698 ], [ -75.210292039343202, 40.079102939970198 ], [ -75.210280824437405, 40.079113796945798 ], [ -75.210300340433903, 40.079125691151198 ], [ -75.210474186715501, 40.079231656215903 ], [ -75.210474219692401, 40.079231676090799 ], [ -75.210470611232097, 40.079235168814598 ], [ -75.210469841369104, 40.079235916525597 ], [ -75.210469619273297, 40.0792361312363 ], [ -75.210466900829203, 40.079238760648003 ], [ -75.210466933763897, 40.079238781648201 ], [ -75.210477741761196, 40.0792453691191 ], [ -75.210488562691907, 40.079251963632103 ], [ -75.210488822112595, 40.079252122533902 ], [ -75.210459592112301, 40.079280421223302 ], [ -75.210430190272604, 40.079308883919502 ], [ -75.2104304526231, 40.079309042886202 ], [ -75.210438376573606, 40.079313872757297 ], [ -75.210438405239998, 40.079313890284503 ], [ -75.210446228838094, 40.079318659372802 ], [ -75.210446385101804, 40.079318754051599 ], [ -75.210428948182397, 40.079335633005201 ], [ -75.210411459424193, 40.079352564870703 ], [ -75.210411387918001, 40.079352634244202 ], [ -75.2103975882615, 40.0793442259682 ], [ -75.210397308711094, 40.079344056485198 ], [ -75.210386066525402, 40.079337200375903 ], [ -75.210385995103394, 40.079337267498701 ], [ -75.210358913059807, 40.079363487271998 ], [ -75.2103318569104, 40.0793896805815 ], [ -75.210331817347395, 40.079389719125899 ], [ -75.210322889901704, 40.079384280298001 ], [ -75.210322605914399, 40.079384111842998 ], [ -75.210317484581907, 40.079380982584397 ], [ -75.210317444976795, 40.079381022254204 ], [ -75.210300394302294, 40.079397530178902 ], [ -75.210283235606198, 40.079414142707599 ], [ -75.210282785341903, 40.079414577625599 ], [ -75.210202516651805, 40.079365652369503 ], [ -75.210202470785603, 40.079365624326002 ] ] ] } },
{ "type": "Feature", "properties": { "aun": 126515001, "school_num": 7706, "location_id": "1280", "school_name": "PENN ALEXANDER SCHOOL", "school_name_label": "SADIE ALEXANDER SCHOOL", "street_address": "4209 SPRUCE ST", "zip_code": "19104", "phone_number": "(215) 400-7760", "active": null, "grade_level": "ELEMENTARY/MIDDLE", "grade_org": "K-8", "enrollment": 595, "type": 1, "type_specific": "DISTRICT", "objectid": 452, "Shape__Area": 5135.78125, "Shape__Length": 370.41597040390803 }, "geometry": { "type": "Polygon", "coordinates": [ [ [ -75.2078444799414, 39.953312291513697 ], [ -75.207863866463597, 39.953221139756302 ], [ -75.207844645792704, 39.953218718102001 ], [ -75.207824108383093, 39.953216130988402 ], [ -75.207824994606696, 39.953211962087799 ], [ -75.207858725844204, 39.953053369380001 ], [ -75.207858750525304, 39.953053257301498 ], [ -75.207859863311697, 39.953053397965199 ], [ -75.207931007051798, 39.953062360470099 ], [ -75.207949121840699, 39.9529771890872 ], [ -75.207942752347705, 39.952976386832098 ], [ -75.207949244655893, 39.952945860542599 ], [ -75.207990156229897, 39.9529510130874 ], [ -75.207994696922398, 39.952929663066897 ], [ -75.208049750096805, 39.952936597588298 ], [ -75.208048748471398, 39.952941309040099 ], [ -75.208135503408599, 39.9529522380194 ], [ -75.208136684157793, 39.952946689223999 ], [ -75.208191635385305, 39.952953611281501 ], [ -75.208187011421799, 39.952975350273597 ], [ -75.208229482903405, 39.952980701728698 ], [ -75.208219881207498, 39.953025852247997 ], [ -75.208247363414898, 39.9530293139685 ], [ -75.208252025056893, 39.953007388850999 ], [ -75.208306195677693, 39.953014211340097 ], [ -75.208305119775304, 39.953019265781798 ], [ -75.208392431267896, 39.953030264333798 ], [ -75.208393620781706, 39.9530246763116 ], [ -75.208449684885693, 39.953031738903903 ], [ -75.208445028997303, 39.953053629241701 ], [ -75.208479070105099, 39.9530579164758 ], [ -75.208503278395995, 39.952944091841402 ], [ -75.208830978928006, 39.952985372170801 ], [ -75.208831909697693, 39.952985488520397 ], [ -75.208800665275504, 39.953132391975402 ], [ -75.208769202019695, 39.953280330109102 ], [ -75.208769128979796, 39.953280678756101 ], [ -75.208752326139901, 39.953278561969498 ], [ -75.208690479268398, 39.953270771132701 ], [ -75.2086904030933, 39.953271125341502 ], [ -75.208688668107001, 39.953279286035396 ], [ -75.2086869348351, 39.953287440009703 ], [ -75.208686823270796, 39.953287957867602 ], [ -75.208568055575796, 39.953272997666403 ], [ -75.208447837214905, 39.953257854283599 ], [ -75.208424328711502, 39.9533683798483 ], [ -75.208337220689003, 39.953357407237199 ], [ -75.208333709755706, 39.9533739214245 ], [ -75.2078444799414, 39.953312291513697 ] ] ] } },
{ "type": "Feature", "properties": { "aun": 226518092, "school_num": null, "location_id": null, "school_name": "ST JEROME SCHOOL", "school_name_label": "ST JEROME SCHOOL", "street_address": "3031 STAMFORD ST", "zip_code": "19136", "phone_number": "(215) 624-0637", "active": "O", "grade_level": "ELEMENTARY/MIDDLE", "grade_org": "PREK-8", "enrollment": null, "type": 3, "type_specific": "ARCHDIOCESE", "objectid": 453, "Shape__Area": 4161.05078125, "Shape__Length": 417.77733011659393 }, "geometry": { "type": "Polygon", "coordinates": [ [ [ -75.030589211566095, 40.055944058927501 ], [ -75.030583865018201, 40.0559439391307 ], [ -75.030603991590993, 40.055413798484601 ], [ -75.030494835659496, 40.055411350952497 ], [ -75.030499202653502, 40.055296305278901 ], [ -75.030502226606103, 40.055296373480999 ], [ -75.030664062404895, 40.055300001497898 ], [ -75.030697515956803, 40.055284308557397 ], [ -75.030700875555894, 40.055282731265201 ], [ -75.030725754612405, 40.055314906579 ], [ -75.030726161896595, 40.055304197058497 ], [ -75.030735512049404, 40.0550578720432 ], [ -75.030739919812703, 40.055057971866901 ], [ -75.030740621206803, 40.055039449287399 ], [ -75.030734472241406, 40.0550393116295 ], [ -75.030738358587897, 40.054936941415001 ], [ -75.030742908426603, 40.054937043475199 ], [ -75.030743830925005, 40.054912712079698 ], [ -75.030803343466502, 40.054914046350902 ], [ -75.030803573678298, 40.054908010234399 ], [ -75.030803594404105, 40.054907456576899 ], [ -75.030811015888204, 40.054907623224103 ], [ -75.030816798764405, 40.054907752213303 ], [ -75.030816929543903, 40.054904306525501 ], [ -75.030816969440806, 40.054903201426299 ], [ -75.030828616467204, 40.054899712944 ], [ -75.030841400386606, 40.0548967120329 ], [ -75.0308577707181, 40.054897079219401 ], [ -75.030877567018706, 40.054900868146802 ], [ -75.030888960992101, 40.054905741079203 ], [ -75.030888951632306, 40.054906011173799 ], [ -75.030888803808494, 40.054909882205997 ], [ -75.030897453939502, 40.054910075674698 ], [ -75.030897245609694, 40.054915566045302 ], [ -75.030960676876802, 40.054916987351703 ], [ -75.030941491006203, 40.055422414092902 ], [ -75.030864529727495, 40.055420689452603 ], [ -75.030862916911303, 40.055463122446298 ], [ -75.030862746260496, 40.055467636065302 ], [ -75.030816597312395, 40.055466601238997 ], [ -75.030798394229294, 40.055946088495602 ], [ -75.030709103559602, 40.055944086588198 ], [ -75.0307080572628, 40.055971652087997 ], [ -75.030682900224207, 40.055971088172697 ], [ -75.030609467552395, 40.055969442391302 ], [ -75.030604848821, 40.055969338696599 ], [ -75.030605795986602, 40.055944430085198 ], [ -75.030589211566095, 40.055944058927501 ] ] ] } },
{ "type": "Feature", "properties": { "aun": 226516202, "school_num": null, "location_id": null, "school_name": "ST ANSELM ELEMENTARY SCHOOL", "school_name_label": "ST ANSELM ELEMENTARY SCHOOL", "street_address": "12650 DUNKS FERRY RD", "zip_code": "19154", "phone_number": "(215) 632-1133", "active": "O", "grade_level": "ELEMENTARY/MIDDLE", "grade_org": "PREK-8", "enrollment": null, "type": 3, "type_specific": "ARCHDIOCESE", "objectid": 454, "Shape__Area": 1938.29296875, "Shape__Length": 187.38655245385749 }, "geometry": { "type": "Polygon", "coordinates": [ [ [ -74.973653083650504, 40.102420521658203 ], [ -74.973560580281898, 40.102229011327204 ], [ -74.973547612291, 40.102202161650702 ], [ -74.973516469328203, 40.102137683646802 ], [ -74.973794559889896, 40.102058474614097 ], [ -74.973973422582205, 40.102428772014399 ], [ -74.973740164465596, 40.102495210229598 ], [ -74.973696144022, 40.102507748819001 ], [ -74.973694288958299, 40.102503907139898 ], [ -74.973666468595098, 40.102511831496898 ], [ -74.973627166836394, 40.102430459685003 ], [ -74.9736541679992, 40.1024227678543 ], [ -74.973653083650504, 40.102420521658203 ] ] ] } },
{ "type": "Feature", "properties": { "aun": 226516302, "school_num": null, "location_id": null, "school_name": "ST ATHANASIUS IMMACULATE CONCEPTION SCHOOL", "school_name_label": "ST ATHANASIUS IMMACULATE CONCEPTION SCHOOL", "street_address": "7105 LIMEKILN PIKE", "zip_code": "19138", "phone_number": "(215) 424-5045", "active": "O", "grade_level": "ELEMENTARY/MIDDLE", "grade_org": "PREK-8", "enrollment": null, "type": 3, "type_specific": "ARCHDIOCESE", "objectid": 455, "Shape__Area": 2019.75390625, "Shape__Length": 263.87812981526355 }, "geometry": { "type": "Polygon", "coordinates": [ [ [ -75.154028684034799, 40.0614588475907 ], [ -75.154078317962103, 40.061438783851798 ], [ -75.154078888613796, 40.061439614416201 ], [ -75.154118976264996, 40.061423409823803 ], [ -75.154133645277, 40.0614448351349 ], [ -75.154177873083398, 40.061509433650997 ], [ -75.154196792868603, 40.061501785735601 ], [ -75.154201174412606, 40.061500015115897 ], [ -75.154202064250001, 40.061501314661001 ], [ -75.154228366460003, 40.061539729000998 ], [ -75.154228510803506, 40.061539940621799 ], [ -75.154228357461093, 40.061540002481102 ], [ -75.154228149027304, 40.061540086747499 ], [ -75.154128453791799, 40.061580387135002 ], [ -75.154236287621202, 40.061737884710602 ], [ -75.154338098593698, 40.061696729880303 ], [ -75.154363202868097, 40.061733396183797 ], [ -75.1543569617304, 40.061735919946997 ], [ -75.154363430778702, 40.061745367943999 ], [ -75.154344493068706, 40.061753023366798 ], [ -75.154397786258201, 40.061830862020699 ], [ -75.154362074050695, 40.0618452982024 ], [ -75.154363175149498, 40.061847818889397 ], [ -75.154311190205206, 40.061868832023997 ], [ -75.154293587723004, 40.061843123717097 ], [ -75.154198106953601, 40.061881719603903 ], [ -75.154214590451005, 40.061905795459801 ], [ -75.154174532301695, 40.061921988368603 ], [ -75.154157748866794, 40.061928772269397 ], [ -75.154155244575904, 40.061925113882502 ], [ -75.154125408638706, 40.061937174548397 ], [ -75.154065635546303, 40.061849871736499 ], [ -75.154036624449901, 40.0618615984922 ], [ -75.154017403496596, 40.0618335244489 ], [ -75.1540446503613, 40.061822510186602 ], [ -75.153929235977401, 40.061653938859898 ], [ -75.153901482957295, 40.061665157901203 ], [ -75.153880687828703, 40.061634786715302 ], [ -75.153909128643306, 40.061623290389399 ], [ -75.153848507884405, 40.061534749674301 ], [ -75.153935249040003, 40.0614996868239 ], [ -75.153950471948505, 40.061521919820301 ], [ -75.154045551895805, 40.061483485157503 ], [ -75.154028684034799, 40.0614588475907 ] ] ] } },
{ "type": "Feature", "properties": { "aun": null, "school_num": null, "location_id": "8540", "school_name": "PENNYPACK HOUSE SCHOOL", "school_name_label": "PENNYPACK HOUSE SCHOOL", "street_address": "7901 STATE RD", "zip_code": "19136", "phone_number": "(215) 685-7752", "active": null, "grade_level": "HIGH SCHOOL", "grade_org": "9-12", "enrollment": 77, "type": 1, "type_specific": "DISTRICT", "objectid": 456, "Shape__Area": 62396.39453125, "Shape__Length": 2915.3651310533673 }, "geometry": { "type": "Polygon", "coordinates": [ [ [ -75.019818106002802, 40.030874367332601 ], [ -75.020024973214802, 40.030759874505698 ], [ -75.020111474761407, 40.030791708439502 ], [ -75.020116169054702, 40.030781695509702 ], [ -75.019963283928604, 40.030619190057003 ], [ -75.0199488676312, 40.030620729440301 ], [ -75.019963619793401, 40.030692354959697 ], [ -75.019755408706402, 40.030808132396899 ], [ -75.019604535695194, 40.030647165534603 ], [ -75.019658854110304, 40.030564246277102 ], [ -75.019616609102897, 40.030547044266697 ], [ -75.019552237172604, 40.030477214717699 ], [ -75.019544526350799, 40.0304394764024 ], [ -75.019540839659001, 40.030435368902602 ], [ -75.019419804791994, 40.030449741933502 ], [ -75.019274751830906, 40.030294339603202 ], [ -75.019270275317496, 40.030289543151703 ], [ -75.019476805968495, 40.030175820489298 ], [ -75.019590464954007, 40.030217669291297 ], [ -75.019606221761293, 40.030211251057302 ], [ -75.019544532041394, 40.030144501557899 ], [ -75.019672944770207, 40.030073391842002 ], [ -75.019734298196596, 40.030137831072203 ], [ -75.019753072803397, 40.030127562707399 ], [ -75.019733965548397, 40.030033344323201 ], [ -75.019942506562103, 40.029918849816902 ], [ -75.020091030540797, 40.030078020253001 ], [ -75.0200353739056, 40.030165819777402 ], [ -75.020070577787294, 40.0301809665457 ], [ -75.020076612596995, 40.030187127941801 ], [ -75.020220111539999, 40.0301057493839 ], [ -75.019745036969795, 40.029601535415303 ], [ -75.019596509571201, 40.0296847108186 ], [ -75.019601202749499, 40.029689074269697 ], [ -75.019606566413003, 40.029721165712203 ], [ -75.0197272638691, 40.029708845665297 ], [ -75.019878133903504, 40.029868530589901 ], [ -75.019672274344302, 40.029982256376201 ], [ -75.019558282176106, 40.0299386099977 ], [ -75.019546884144702, 40.029945541838202 ], [ -75.019607901409302, 40.030011520717103 ], [ -75.019479491171097, 40.030084426903798 ], [ -75.0194174661261, 40.030017678367798 ], [ -75.019394667885393, 40.0300289728264 ], [ -75.019413105991703, 40.030125244423601 ], [ -75.019205902574996, 40.030239993948399 ], [ -75.019056038624797, 40.030079537992499 ], [ -75.019112703705602, 40.0299943072581 ], [ -75.019099291250697, 40.029980187478998 ], [ -75.019072470257896, 40.029968891288597 ], [ -75.019008769832894, 40.029901626244602 ], [ -75.019004076654596, 40.029877237868298 ], [ -75.018995695377498, 40.029869022515399 ], [ -75.018870638293805, 40.029882624628797 ], [ -75.018721782255, 40.029723193467802 ], [ -75.018928983604894, 40.029607931178901 ], [ -75.019014811655595, 40.0296410520004 ], [ -75.019024535802302, 40.029626418030197 ], [ -75.018871320398901, 40.029464420119801 ], [ -75.018850199748101, 40.0294659598568 ], [ -75.018864591664197, 40.029539402757599 ], [ -75.018657411485094, 40.029655415563099 ], [ -75.018506209607807, 40.029494956287799 ], [ -75.018564884154799, 40.0294079286938 ], [ -75.018553820909403, 40.0293976593032 ], [ -75.018528004778005, 40.0293884153864 ], [ -75.018464642531299, 40.0293206376952 ], [ -75.0184586078433, 40.029295221712303 ], [ -75.018447543647198, 40.0292834114775 ], [ -75.018321818159606, 40.029296243562001 ], [ -75.018171958078497, 40.029137322743999 ], [ -75.018379157075202, 40.029022317083502 ], [ -75.018494154591707, 40.029066993281397 ], [ -75.018515946477905, 40.029054670388597 ], [ -75.018451913251795, 40.028987918571701 ], [ -75.018506833650207, 40.028957791434202 ], [ -75.018541935599302, 40.028938533846798 ], [ -75.018581999660199, 40.028916553682599 ], [ -75.018645028408599, 40.028981253026998 ], [ -75.018655086890107, 40.028975603837303 ], [ -75.018637656408202, 40.028880614148903 ], [ -75.018844184380598, 40.028765095017498 ], [ -75.018992704620402, 40.0289240146179 ], [ -75.018939728901898, 40.029011299577903 ], [ -75.018978284426197, 40.029025421485002 ], [ -75.018981637189597, 40.029028758543703 ], [ -75.019130163520401, 40.028946867932198 ], [ -75.018858605590395, 40.028655729585999 ], [ -75.019289867961902, 40.028417283933997 ], [ -75.019364218941604, 40.028376174989603 ], [ -75.019687392479398, 40.028197489595897 ], [ -75.019691381929803, 40.028201752966702 ], [ -75.020319698183897, 40.028873210623502 ], [ -75.020100096722402, 40.0289961808218 ], [ -75.020281751071096, 40.029189759332397 ], [ -75.0202819604349, 40.0291899816891 ], [ -75.0202841563096, 40.029192322571802 ], [ -75.020417117563895, 40.029119272543802 ], [ -75.020418265225203, 40.029118642049298 ], [ -75.020591932953806, 40.0293014326408 ], [ -75.020602328281598, 40.029295528855997 ], [ -75.020616072617202, 40.029312985753101 ], [ -75.020606351390995, 40.029318376188797 ], [ -75.0206750811668, 40.029391544644596 ], [ -75.0206848041922, 40.029385125913301 ], [ -75.020701566895397, 40.0294020699721 ], [ -75.0206901691421, 40.029408745126297 ], [ -75.020847244992396, 40.029574822813203 ], [ -75.020986674028507, 40.029722237877898 ], [ -75.021001808881195, 40.029738239895401 ], [ -75.021052932079698, 40.029792292764498 ], [ -75.0208789893682, 40.029888448184202 ], [ -75.020790077338503, 40.029937597554799 ], [ -75.020764596767805, 40.0300587722543 ], [ -75.020607688402094, 40.030039260060398 ], [ -75.020529905586599, 40.030082903588401 ], [ -75.020491444653899, 40.030258028073298 ], [ -75.020479612252103, 40.030311899313503 ], [ -75.020877247947496, 40.030732410905301 ], [ -75.020816180322896, 40.0307671033788 ], [ -75.020690164337196, 40.030838692577198 ], [ -75.0206941875377, 40.030844854563 ], [ -75.020697540304795, 40.030871039019303 ], [ -75.0208201713329, 40.030858520447097 ], [ -75.020828298376102, 40.030857690879103 ], [ -75.020971008081105, 40.031013438671501 ], [ -75.020976491903696, 40.031019423606402 ], [ -75.020969846556895, 40.031023085053299 ], [ -75.020932235357904, 40.031043812181601 ], [ -75.020768282888497, 40.031135460837497 ], [ -75.020654957717596, 40.031091304344201 ], [ -75.020637189627294, 40.031101316325298 ], [ -75.020700222258796, 40.031167037233999 ], [ -75.020646587834193, 40.031196719564001 ], [ -75.020612623248496, 40.031215517138797 ], [ -75.020570803280606, 40.031238661459199 ], [ -75.020542682592094, 40.031209425086601 ], [ -75.020533731080903, 40.031200115032597 ], [ -75.020507099755804, 40.031172427825098 ], [ -75.020493689538796, 40.031180898926898 ], [ -75.020510117510497, 40.031278452710701 ], [ -75.020303583799603, 40.0313919215155 ], [ -75.020153380119694, 40.031233009993201 ], [ -75.020210042133002, 40.031146496903801 ], [ -75.020160421522903, 40.031126728608399 ], [ -75.020096383714105, 40.0310579266567 ], [ -75.020089008923705, 40.031022242903703 ], [ -75.019967972135603, 40.0310348200032 ], [ -75.019818106002802, 40.030874367332601 ] ], [ [ -75.0202921895999, 40.030179173351101 ], [ -75.020141986505394, 40.0302582436167 ], [ -75.020146008744803, 40.030262351188298 ], [ -75.020151374205696, 40.030289050933199 ], [ -75.020278779027095, 40.030275701450797 ], [ -75.020428311474404, 40.030433843395997 ], [ -75.020219433838307, 40.030549367015098 ], [ -75.020133937725703, 40.030517276601302 ], [ -75.0201258908656, 40.030528315888397 ], [ -75.020278441725296, 40.030692360743302 ], [ -75.020295876536906, 40.030690050575799 ], [ -75.020280454325103, 40.030618682877197 ], [ -75.020491344072596, 40.0305021313292 ], [ -75.020640878522499, 40.030662069504501 ], [ -75.020584215810203, 40.030749097498401 ], [ -75.020615396140499, 40.030760906908 ], [ -75.020620425873403, 40.030767324840397 ], [ -75.020769624084394, 40.030683890336299 ], [ -75.0202921895999, 40.030179173351101 ] ], [ [ -75.019197860975495, 40.029019536336897 ], [ -75.019051344672206, 40.029101174108199 ], [ -75.019057379060996, 40.029108105957697 ], [ -75.019061066348598, 40.029135062082901 ], [ -75.019186459163606, 40.029121200840201 ], [ -75.019335340400701, 40.029280618492201 ], [ -75.019120764676302, 40.029397422632996 ], [ -75.019038289008805, 40.029364815239298 ], [ -75.019032923886598, 40.029373801862697 ], [ -75.0191854682826, 40.029536312969903 ], [ -75.019199550159698, 40.029535287222799 ], [ -75.019185135664301, 40.0294652002788 ], [ -75.019393676315502, 40.029349165966799 ], [ -75.019542534318504, 40.029509622368799 ], [ -75.019487211607995, 40.0295917743071 ], [ -75.019522415675397, 40.029604866844998 ], [ -75.0195281148211, 40.029611029302202 ], [ -75.019676641811998, 40.0295291368611 ], [ -75.019197860975495, 40.029019536336897 ] ] ] } },
{ "type": "Feature", "properties": { "aun": 126513280, "school_num": 7587, "location_id": "3322", "school_name": "PHILADELPHIA ACADEMY", "school_name_label": "PHILADELPHIA ACADEMY CHARTER SCHOOL", "street_address": "11000 ROOSEVELT BLVD", "zip_code": "19116", "phone_number": "(215) 676-8320", "active": null, "grade_level": "ELEMENTARY/MIDDLE/HIGH", "grade_org": "K-8", "enrollment": 1155, "type": 2, "type_specific": "CHARTER", "objectid": 457, "Shape__Area": 86823.3203125, "Shape__Length": 1881.7769686141048 }, "geometry": { "type": "Polygon", "coordinates": [ [ [ -75.010514763533905, 40.104414977830103 ], [ -75.010464401562402, 40.1043714607532 ], [ -75.010468122756606, 40.104368920588598 ], [ -75.010514737425694, 40.104337113456602 ], [ -75.010489375100803, 40.104315196856398 ], [ -75.010521067475693, 40.104293570888501 ], [ -75.010499880487998, 40.1042752622728 ], [ -75.010474651415805, 40.104292479515998 ], [ -75.010273730107798, 40.104429578964101 ], [ -75.010245632068205, 40.104448751791999 ], [ -75.010203774629602, 40.104477312369902 ], [ -75.009824855673699, 40.104149873945701 ], [ -75.009809326898605, 40.104160470826997 ], [ -75.009761666989803, 40.104119285114599 ], [ -75.009744400582605, 40.104131067136002 ], [ -75.009719666452199, 40.104109692449697 ], [ -75.009673425336402, 40.104069732164298 ], [ -75.009644746971702, 40.1040449498079 ], [ -75.009662174807303, 40.104033056764401 ], [ -75.009612743511298, 40.103990339765502 ], [ -75.009627275247297, 40.103980423096701 ], [ -75.009622698847096, 40.103976469876102 ], [ -75.009615956975907, 40.103970642649799 ], [ -75.009605486244794, 40.1039615942395 ], [ -75.009427636032697, 40.103807898630599 ], [ -75.009248695336495, 40.103653259903098 ], [ -75.009438758968102, 40.103523575929103 ], [ -75.009556931884305, 40.103442942506 ], [ -75.009258436464094, 40.103184980320002 ], [ -75.009254360436302, 40.103181459129601 ], [ -75.009219069241496, 40.103205539935601 ], [ -75.009213068969899, 40.103209634114997 ], [ -75.009179702967003, 40.103180798873701 ], [ -75.009220519245204, 40.103152949342302 ], [ -75.009208807271605, 40.103142826072897 ], [ -75.009195577455699, 40.1031518523926 ], [ -75.009158003742201, 40.103119380179699 ], [ -75.009170298387303, 40.103110991594598 ], [ -75.009074503438001, 40.103028202755503 ], [ -75.009078654469803, 40.1030253699032 ], [ -75.009412631861196, 40.102797484406203 ], [ -75.009888717083498, 40.103208918975 ], [ -75.010109575404201, 40.103181037285999 ], [ -75.010113747799807, 40.1031846429632 ], [ -75.010127706354396, 40.103196705140299 ], [ -75.010128502748103, 40.103196162085197 ], [ -75.010199134314007, 40.103147963923803 ], [ -75.010179781710704, 40.103131239761403 ], [ -75.010269928074393, 40.1030697272002 ], [ -75.010289157426897, 40.103086343662397 ], [ -75.010440820026403, 40.102982850177803 ], [ -75.010421312918197, 40.102965992847302 ], [ -75.010511679147996, 40.102904327660703 ], [ -75.010514785764201, 40.102907012501298 ], [ -75.010816478356105, 40.103167718030903 ], [ -75.010820461896799, 40.103164999390501 ], [ -75.012122320568807, 40.102276537544903 ], [ -75.012137531790103, 40.102266156944303 ], [ -75.012407627277398, 40.102499534709999 ], [ -75.012472740301504, 40.102555795105097 ], [ -75.012566990058005, 40.102637232076901 ], [ -75.012616835080493, 40.102603212373801 ], [ -75.013080960395001, 40.103004219529403 ], [ -75.013239954619095, 40.103141589501803 ], [ -75.013221376740702, 40.103154270021001 ], [ -75.013077633046393, 40.103252379184099 ], [ -75.013273706495099, 40.103421782454497 ], [ -75.012137904312894, 40.104196959732803 ], [ -75.012136679819307, 40.104195899988802 ], [ -75.012135606893693, 40.104194973381198 ], [ -75.012132219160506, 40.104197285011601 ], [ -75.012056106357605, 40.104249229487301 ], [ -75.012068856556795, 40.104260245569797 ], [ -75.012035595945406, 40.104282944031198 ], [ -75.012022872680404, 40.1042719511128 ], [ -75.011850591695605, 40.104389522343297 ], [ -75.011858109178604, 40.1043960166662 ], [ -75.011707525376295, 40.104498779713801 ], [ -75.011699684836501, 40.104492003990501 ], [ -75.0115712750234, 40.104579634629303 ], [ -75.011569211575903, 40.104581042940303 ], [ -75.011595349772605, 40.104603625406199 ], [ -75.011597487057102, 40.104605472795903 ], [ -75.011530280423401, 40.104651335190901 ], [ -75.011528457725106, 40.104649761105001 ], [ -75.011502902164906, 40.104627679072699 ], [ -75.011501976015893, 40.104628311405101 ], [ -75.011452382492394, 40.104662154195601 ], [ -75.011471463767407, 40.104678641891802 ], [ -75.011433217543299, 40.1047047434392 ], [ -75.011413885353903, 40.104688040264101 ], [ -75.011336881694305, 40.104740587050003 ], [ -75.011332925276704, 40.104743286081998 ], [ -75.010736173211896, 40.104227651247903 ], [ -75.0107153969671, 40.104241828819603 ], [ -75.010930321081801, 40.104427542769102 ], [ -75.010897319507094, 40.104450062366702 ], [ -75.011018419374494, 40.104554700493502 ], [ -75.0108273508813, 40.104685082844199 ], [ -75.010514763533905, 40.104414977830103 ] ], [ [ -75.010557180908705, 40.104271975919097 ], [ -75.010578833788401, 40.104257122070003 ], [ -75.0106442598195, 40.104212245002699 ], [ -75.010662207602707, 40.104199931692101 ], [ -75.010685893946302, 40.104183684583099 ], [ -75.010663096892301, 40.104165219371303 ], [ -75.010534901181998, 40.1042530499534 ], [ -75.010534346058293, 40.104253429812204 ], [ -75.010537283300394, 40.104256097098798 ], [ -75.010541597143799, 40.104260015866899 ], [ -75.010555802095993, 40.104272920712397 ], [ -75.010557180908705, 40.104271975919097 ] ], [ [ -75.010399880863304, 40.103813019092797 ], [ -75.010361372682098, 40.103779547381798 ], [ -75.010325659146503, 40.103805443101699 ], [ -75.010258106266306, 40.103854426555003 ], [ -75.010492792241294, 40.1040575375565 ], [ -75.010597401463997, 40.103984710789497 ], [ -75.010399880863304, 40.103813019092797 ] ], [ [ -75.010184766651705, 40.103625740703301 ], [ -75.010168249586897, 40.103611328876603 ], [ -75.010062303732298, 40.103685184392802 ], [ -75.010140944771905, 40.103753183798503 ], [ -75.010154837997604, 40.103765195980301 ], [ -75.010263468290404, 40.103694419514198 ], [ -75.010184766651705, 40.103625740703301 ] ] ] } },
{ "type": "Feature", "properties": { "aun": 226515552, "school_num": null, "location_id": null, "school_name": "RESURRECTION REGIONAL CATHOLIC SCHOOL", "school_name_label": "RESURRECTION REGIONAL CATHOLIC SCHOOL", "street_address": "2020 SHELMIRE AVE.", "zip_code": "19152", "phone_number": "(215) 742-1127", "active": "O", "grade_level": "ELEMENTARY/MIDDLE", "grade_org": "PREK-8", "enrollment": null, "type": 3, "type_specific": "ARCHDIOCESE", "objectid": 458, "Shape__Area": 3352.921875, "Shape__Length": 340.17753270725063 }, "geometry": { "type": "Polygon", "coordinates": [ [ [ -75.062299273233194, 40.053599179944499 ], [ -75.062240580476896, 40.053567009130802 ], [ -75.062229136014693, 40.053560735923199 ], [ -75.062238427616606, 40.053550726456201 ], [ -75.062189391959606, 40.0535238499196 ], [ -75.062184523291904, 40.053521180426301 ], [ -75.062190100775297, 40.053515170302099 ], [ -75.062143885432604, 40.053489838567501 ], [ -75.062094985218806, 40.053542521714 ], [ -75.062092850927698, 40.053541345473498 ], [ -75.061694445156803, 40.053322968731102 ], [ -75.061664431274096, 40.0533065172664 ], [ -75.0616556091896, 40.053301680583203 ], [ -75.061729379341102, 40.053222201352803 ], [ -75.061781949485194, 40.053165563051699 ], [ -75.061786047840101, 40.053167809068199 ], [ -75.062177789776001, 40.0533825324246 ], [ -75.062223266282501, 40.053407459412597 ], [ -75.062268127479001, 40.053432047610698 ], [ -75.062291701819902, 40.0534066479443 ], [ -75.062257407150895, 40.053387851763397 ], [ -75.062474662674404, 40.053153780387099 ], [ -75.062513804422196, 40.053175234216603 ], [ -75.062694446799298, 40.053274248574297 ], [ -75.062370003470804, 40.053623803390998 ], [ -75.062314812302802, 40.053593551537197 ], [ -75.062306110093601, 40.053602927173799 ], [ -75.062299273233194, 40.053599179944499 ] ] ] } },
{ "type": "Feature", "properties": { "aun": 226510502, "school_num": null, "location_id": null, "school_name": "SAINT LUCY SCHOOL FOR THE VISUALLY IMPAIRED", "school_name_label": "SAINT LUCY SCHOOL FOR THE VISUALLY IMPAIRED", "street_address": "3031 STAMFORD ST", "zip_code": "19136", "phone_number": "(215) 333-2496", "active": "O", "grade_level": "ELEMENTARY/MIDDLE", "grade_org": "K-8", "enrollment": null, "type": 3, "type_specific": "ARCHDIOCESE", "objectid": 459, "Shape__Area": 4161.05078125, "Shape__Length": 417.77733011659393 }, "geometry": { "type": "Polygon", "coordinates": [ [ [ -75.030589211566095, 40.055944058927501 ], [ -75.030583865018201, 40.0559439391307 ], [ -75.030603991590993, 40.055413798484601 ], [ -75.030494835659496, 40.055411350952497 ], [ -75.030499202653502, 40.055296305278901 ], [ -75.030502226606103, 40.055296373480999 ], [ -75.030664062404895, 40.055300001497898 ], [ -75.030697515956803, 40.055284308557397 ], [ -75.030700875555894, 40.055282731265201 ], [ -75.030725754612405, 40.055314906579 ], [ -75.030726161896595, 40.055304197058497 ], [ -75.030735512049404, 40.0550578720432 ], [ -75.030739919812703, 40.055057971866901 ], [ -75.030740621206803, 40.055039449287399 ], [ -75.030734472241406, 40.0550393116295 ], [ -75.030738358587897, 40.054936941415001 ], [ -75.030742908426603, 40.054937043475199 ], [ -75.030743830925005, 40.054912712079698 ], [ -75.030803343466502, 40.054914046350902 ], [ -75.030803573678298, 40.054908010234399 ], [ -75.030803594404105, 40.054907456576899 ], [ -75.030811015888204, 40.054907623224103 ], [ -75.030816798764405, 40.054907752213303 ], [ -75.030816929543903, 40.054904306525501 ], [ -75.030816969440806, 40.054903201426299 ], [ -75.030828616467204, 40.054899712944 ], [ -75.030841400386606, 40.0548967120329 ], [ -75.0308577707181, 40.054897079219401 ], [ -75.030877567018706, 40.054900868146802 ], [ -75.030888960992101, 40.054905741079203 ], [ -75.030888951632306, 40.054906011173799 ], [ -75.030888803808494, 40.054909882205997 ], [ -75.030897453939502, 40.054910075674698 ], [ -75.030897245609694, 40.054915566045302 ], [ -75.030960676876802, 40.054916987351703 ], [ -75.030941491006203, 40.055422414092902 ], [ -75.030864529727495, 40.055420689452603 ], [ -75.030862916911303, 40.055463122446298 ], [ -75.030862746260496, 40.055467636065302 ], [ -75.030816597312395, 40.055466601238997 ], [ -75.030798394229294, 40.055946088495602 ], [ -75.030709103559602, 40.055944086588198 ], [ -75.0307080572628, 40.055971652087997 ], [ -75.030682900224207, 40.055971088172697 ], [ -75.030609467552395, 40.055969442391302 ], [ -75.030604848821, 40.055969338696599 ], [ -75.030605795986602, 40.055944430085198 ], [ -75.030589211566095, 40.055944058927501 ] ] ] } },
{ "type": "Feature", "properties": { "aun": 226518332, "school_num": null, "location_id": null, "school_name": "ST KATHERINE SIENA SCHOOL", "school_name_label": "ST KATHERINE OF SIENA SCHOOL", "street_address": "9720-88 FRANKFORD AVE", "zip_code": "19114", "phone_number": "(215) 637-2181", "active": "O", "grade_level": "ELEMENTARY/MIDDLE", "grade_org": "PREK-8", "enrollment": null, "type": 3, "type_specific": "ARCHDIOCESE", "objectid": 460, "Shape__Area": 5277.046875, "Shape__Length": 461.42885381009199 }, "geometry": { "type": "Polygon", "coordinates": [ [ [ -74.992919610098994, 40.0606355364461 ], [ -74.992865263501002, 40.060627217495501 ], [ -74.992839079330196, 40.060623210148897 ], [ -74.992827683401103, 40.060594983370898 ], [ -74.992751232395605, 40.060578034457997 ], [ -74.992730449353999, 40.060573426840499 ], [ -74.992756602799304, 40.060511327930499 ], [ -74.992780075571105, 40.060517487976398 ], [ -74.9927874934004, 40.060494246170798 ], [ -74.992811520657597, 40.060484492057903 ], [ -74.992756408500995, 40.060404347643903 ], [ -74.992734118726204, 40.060371933027298 ], [ -74.992729890519499, 40.060365784280698 ], [ -74.992980941641605, 40.060263855589703 ], [ -74.993056509934604, 40.0603737494745 ], [ -74.993091371083494, 40.060359595636598 ], [ -74.992745398414797, 40.059856478864802 ], [ -74.992734434201694, 40.0598405349456 ], [ -74.992874745344906, 40.059783566794302 ], [ -74.993079862480499, 40.059700286985397 ], [ -74.993092708354595, 40.059695071699302 ], [ -74.993134814677404, 40.059756301386898 ], [ -74.993172888792301, 40.059740843744798 ], [ -74.993173225690299, 40.059740705405503 ], [ -74.993236161772501, 40.059832226333199 ], [ -74.993234194426606, 40.059833025003201 ], [ -74.993036450193699, 40.059913311388499 ], [ -74.993034020785103, 40.059914298328302 ], [ -74.993033788314506, 40.059914391867103 ], [ -74.993301329401405, 40.060303452262701 ], [ -74.993286492227, 40.060309475807699 ], [ -74.993293490027995, 40.060319650041301 ], [ -74.993328860697801, 40.060371085640803 ], [ -74.993330020219105, 40.060370615623 ], [ -74.993344028787902, 40.060364926985798 ], [ -74.993361556418293, 40.060390414038899 ], [ -74.993348121702994, 40.060395868653799 ], [ -74.993346236302202, 40.060396634375998 ], [ -74.993348508895295, 40.060399939495802 ], [ -74.993319049088896, 40.060411900511603 ], [ -74.993376289118402, 40.060495140167902 ], [ -74.993000133574895, 40.060647862511203 ], [ -74.992919610098994, 40.0606355364461 ] ] ] } },
{ "type": "Feature", "properties": { "aun": 226516452, "school_num": null, "location_id": null, "school_name": "ST BARNABAS CATHOLIC SCHOOL", "school_name_label": "ST BARNABAS CATHOLIC SCHOOL", "street_address": "6334 BUIST AVE", "zip_code": "19142", "phone_number": "(215) 729-3603", "active": "O", "grade_level": "ELEMENTARY/MIDDLE", "grade_org": "PREK-8", "enrollment": null, "type": 3, "type_specific": "PRIVATE", "objectid": 461, "Shape__Area": 1490.2578125, "Shape__Length": 176.59460343436109 }, "geometry": { "type": "Polygon", "coordinates": [ [ [ -75.226991033843802, 39.922142330469597 ], [ -75.226967916196799, 39.922123072029201 ], [ -75.226958115882795, 39.922130046354503 ], [ -75.226857461170695, 39.922046201100798 ], [ -75.226861068497897, 39.922043633795298 ], [ -75.226834075937902, 39.922021148955601 ], [ -75.226885149371697, 39.921984801403099 ], [ -75.226895582232601, 39.921977375862603 ], [ -75.226895742583693, 39.921977508909499 ], [ -75.226898544802097, 39.921979844464403 ], [ -75.227212305525299, 39.921756546387698 ], [ -75.227222739777005, 39.921749120849398 ], [ -75.227282269898694, 39.921798709440502 ], [ -75.227307054720598, 39.921819355994401 ], [ -75.227374947810006, 39.921875910788302 ], [ -75.227360470548504, 39.921886213930399 ], [ -75.227326021646405, 39.921910731297899 ], [ -75.227210443633297, 39.921992987052597 ], [ -75.227232783807295, 39.9220115965133 ], [ -75.227222439631404, 39.922018958712599 ], [ -75.227194351863005, 39.922038948824898 ], [ -75.227192263475004, 39.922040435700502 ], [ -75.227189459824203, 39.922038098995301 ], [ -75.227168320036199, 39.922020489014798 ], [ -75.227157885736901, 39.922027914548003 ], [ -75.227102384790896, 39.922067412902798 ], [ -75.226993837575606, 39.922144664929 ], [ -75.226991033843802, 39.922142330469597 ] ] ] } },
{ "type": "Feature", "properties": { "aun": 226517052, "school_num": null, "location_id": null, "school_name": "ST CECILIA SCHOOL", "school_name_label": "ST CECILIA SCHOOL", "street_address": "535 RHAWN ST", "zip_code": "19111", "phone_number": "(215) 725-8588", "active": "O", "grade_level": "ELEMENTARY/MIDDLE", "grade_org": "PREK-8", "enrollment": null, "type": 3, "type_specific": "ARCHDIOCESE", "objectid": 462, "Shape__Area": 6098.02734375, "Shape__Length": 584.0055748285273 }, "geometry": { "type": "MultiPolygon", "coordinates": [ [ [ [ -75.081550034802802, 40.077368343460002 ], [ -75.081511321260393, 40.077346833341601 ], [ -75.0814940692824, 40.077365158555899 ], [ -75.081328810104296, 40.077273340562598 ], [ -75.081240464473296, 40.077224256046797 ], [ -75.081256503032506, 40.0772072215847 ], [ -75.081200648364302, 40.077176185804902 ], [ -75.0812002597239, 40.077175965036197 ], [ -75.081267095127401, 40.077105005014602 ], [ -75.081266628804102, 40.0771047464006 ], [ -75.081161187887901, 40.077046166613798 ], [ -75.081152757023901, 40.077055120856599 ], [ -75.081124702746393, 40.077039533543498 ], [ -75.081132738951894, 40.077030995877401 ], [ -75.080859330425596, 40.076879090442802 ], [ -75.080850695998507, 40.076888261816698 ], [ -75.080823320498197, 40.076873051732598 ], [ -75.080831609221406, 40.076864245135603 ], [ -75.080814644453, 40.076854819348 ], [ -75.080873431260997, 40.076792378887397 ], [ -75.080864778179503, 40.076787570239198 ], [ -75.080883653559695, 40.076767522420802 ], [ -75.080892300957899, 40.076772326430401 ], [ -75.080950637750405, 40.0767103642943 ], [ -75.080955398336798, 40.0767130090235 ], [ -75.080965229309797, 40.0767025656858 ], [ -75.081046692856205, 40.076747827892298 ], [ -75.081037342386097, 40.076757759794397 ], [ -75.081036829844095, 40.076758303155302 ], [ -75.081402364208799, 40.0769613931121 ], [ -75.081454567135296, 40.076905968357899 ], [ -75.081454750749401, 40.076905773267001 ], [ -75.0814547808463, 40.076905790860302 ], [ -75.081464969143198, 40.076911453927799 ], [ -75.081477166856004, 40.076898503179798 ], [ -75.081480118250397, 40.076900141767602 ], [ -75.081510043171406, 40.076916777085302 ], [ -75.081497943371502, 40.076929624238403 ], [ -75.081497733704396, 40.076929848008099 ], [ -75.081510024035694, 40.076936677165797 ], [ -75.081527009688898, 40.076918634099101 ], [ -75.081779159087802, 40.077058727309101 ], [ -75.081762400043104, 40.077076526762099 ], [ -75.081803353248404, 40.0770992804174 ], [ -75.081550034802802, 40.077368343460002 ] ] ], [ [ [ -75.080403641104596, 40.076825754047697 ], [ -75.080498732830407, 40.076726031968903 ], [ -75.080503263995197, 40.076728582410603 ], [ -75.080536849872303, 40.076747482411101 ], [ -75.080554213242394, 40.076729272554402 ], [ -75.080501844232401, 40.076699802967603 ], [ -75.080672525700095, 40.076520807424203 ], [ -75.080674796595005, 40.076518427370203 ], [ -75.080679327796801, 40.076520976679603 ], [ -75.080860370134104, 40.076622856277297 ], [ -75.080688216290795, 40.076803394709302 ], [ -75.080687951673895, 40.076803673515997 ], [ -75.080685587805604, 40.076802343643401 ], [ -75.080642503378698, 40.076778099541102 ], [ -75.080637972249804, 40.076775547979601 ], [ -75.080620160834101, 40.076794227243902 ], [ -75.080661247170397, 40.0768173470791 ], [ -75.080417876898395, 40.077072566829997 ], [ -75.080417610858802, 40.077072844476803 ], [ -75.080415264209805, 40.077071524009099 ], [ -75.080401814038694, 40.077063954844597 ], [ -75.080268874405505, 40.076989145246003 ], [ -75.080257854052604, 40.076982944645003 ], [ -75.080259846820496, 40.076980852100903 ], [ -75.080275128833605, 40.076964828504899 ], [ -75.080272456544904, 40.076963325893303 ], [ -75.080403641104596, 40.076825754047697 ] ] ] ] } },
{ "type": "Feature", "properties": { "aun": 226517152, "school_num": null, "location_id": null, "school_name": "ST CHRISTOPHER SCHOOL", "school_name_label": "ST CHRISTOPHER SCHOOL", "street_address": "13305 PROCTOR RD", "zip_code": "19116", "phone_number": "(215) 673-5787", "active": "O", "grade_level": "ELEMENTARY/MIDDLE", "grade_org": "PREK-8", "enrollment": null, "type": 3, "type_specific": "ARCHDIOCESE", "objectid": 463, "Shape__Area": 9295.02734375, "Shape__Length": 917.40713959683706 }, "geometry": { "type": "Polygon", "coordinates": [ [ [ -75.009695337102002, 40.1249979541399 ], [ -75.009622989930605, 40.124955530641998 ], [ -75.009605882368106, 40.124972722875498 ], [ -75.009573174361506, 40.124953543908802 ], [ -75.009584806818296, 40.124941852816697 ], [ -75.009563852861803, 40.124929565434101 ], [ -75.009569710304405, 40.124923680323199 ], [ -75.009546887345493, 40.124910298669903 ], [ -75.009513778013599, 40.124890885984001 ], [ -75.009512797694896, 40.1248903107263 ], [ -75.009511990780695, 40.1248898375907 ], [ -75.0100203425622, 40.124379048168699 ], [ -75.010232663199105, 40.124165706319999 ], [ -75.010375057307598, 40.124022626249598 ], [ -75.010415318241996, 40.123982171684503 ], [ -75.010349796778399, 40.123943749727097 ], [ -75.010336227000295, 40.123957387198502 ], [ -75.010269910436193, 40.124024034189702 ], [ -75.009982779655104, 40.123855658807599 ], [ -75.010040952512, 40.123797198901997 ], [ -75.010074263049304, 40.123763720855699 ], [ -75.010052143957694, 40.123742952760203 ], [ -75.0100401671273, 40.123731704931501 ], [ -75.010043690737604, 40.123728163257503 ], [ -75.010063197410503, 40.123708559232298 ], [ -75.010066521050703, 40.123710508110598 ], [ -75.010415198527497, 40.123914973692798 ], [ -75.010418591986095, 40.1239115663181 ], [ -75.010473869797394, 40.123856044510703 ], [ -75.010800318681603, 40.123528145640996 ], [ -75.010973599601201, 40.1236298414644 ], [ -75.010969997900006, 40.123633537864301 ], [ -75.011005825871806, 40.123654544430202 ], [ -75.011048508917895, 40.123679573021803 ], [ -75.011078452735902, 40.123649481326602 ], [ -75.011101417411197, 40.1236629471504 ], [ -75.011273309098002, 40.123489994594102 ], [ -75.011275780611896, 40.123487506843098 ], [ -75.011317482554702, 40.123511943179103 ], [ -75.011392499104502, 40.123555901295198 ], [ -75.011398828037201, 40.123581693809001 ], [ -75.011489924470794, 40.1236350734941 ], [ -75.011459003930497, 40.1236661759947 ], [ -75.011472876629497, 40.123746955993603 ], [ -75.011432497098198, 40.1237875691507 ], [ -75.011443769259799, 40.123869236712899 ], [ -75.0113561585772, 40.1239573505961 ], [ -75.011216021328906, 40.1238752351058 ], [ -75.011114171456995, 40.123887028157903 ], [ -75.011068092154204, 40.1238600276169 ], [ -75.011046750867706, 40.123847524034097 ], [ -75.010972642836904, 40.123804099809902 ], [ -75.010967729624994, 40.123801221053803 ], [ -75.010966793657701, 40.123800673896397 ], [ -75.010969639728899, 40.12379781325 ], [ -75.010985356811304, 40.123782010252498 ], [ -75.011012192060406, 40.1237550320214 ], [ -75.0110530559419, 40.123713948476798 ], [ -75.010987216157105, 40.123675341344203 ], [ -75.010950078331106, 40.123653563582998 ], [ -75.010928334121502, 40.1236754267943 ], [ -75.010589852617301, 40.124015739789598 ], [ -75.010548477366299, 40.124057339242597 ], [ -75.010597591103405, 40.124086146807699 ], [ -75.010599131855301, 40.124087049649198 ], [ -75.010574639651907, 40.124111663141001 ], [ -75.010495712322594, 40.124190982819201 ], [ -75.010487224553501, 40.124199511863601 ], [ -75.010403117301294, 40.124284033332003 ], [ -75.010394216503798, 40.124292979406299 ], [ -75.010315025763106, 40.124372561884996 ], [ -75.010305863509799, 40.124381768662197 ], [ -75.010206540186005, 40.124481584484002 ], [ -75.010201973606897, 40.124486172446801 ], [ -75.010197694570294, 40.124483647789198 ], [ -75.010147699905104, 40.124454162424897 ], [ -75.010060173315296, 40.124542130957202 ], [ -75.010116200096704, 40.124574982473099 ], [ -75.010074647447397, 40.124616744237997 ], [ -75.0100663124759, 40.124625120335502 ], [ -75.0099871267346, 40.1247047049767 ], [ -75.009979001291896, 40.124712869806899 ], [ -75.009899500422705, 40.124792767885403 ], [ -75.009889409638902, 40.124802909880799 ], [ -75.009807580822795, 40.1248851481174 ], [ -75.009797177973994, 40.124895604797302 ], [ -75.009695337102002, 40.1249979541399 ] ] ] } },
{ "type": "Feature", "properties": { "aun": 226517302, "school_num": null, "location_id": null, "school_name": "ST DOMINIC SCHOOL", "school_name_label": "ST DOMINIC SCHOOL", "street_address": "8510 FRANKFORD AVE", "zip_code": "19136", "phone_number": "(215) 333-6703", "active": "O", "grade_level": "ELEMENTARY/MIDDLE", "grade_org": "PREK-8", "enrollment": null, "type": 3, "type_specific": "ARCHDIOCESE", "objectid": 464, "Shape__Area": 5169.15625, "Shape__Length": 459.5555212178931 }, "geometry": { "type": "Polygon", "coordinates": [ [ [ -75.015782603798797, 40.047634945619002 ], [ -75.016046988604401, 40.047438699404999 ], [ -75.0155883533874, 40.047073746793799 ], [ -75.015594334324405, 40.047069308406499 ], [ -75.015256979316504, 40.046800860169199 ], [ -75.0154220005779, 40.046678370154503 ], [ -75.015426960707003, 40.0466823143555 ], [ -75.015460808956604, 40.046709249714098 ], [ -75.015493772968199, 40.046684781125997 ], [ -75.015822883745898, 40.046946669829502 ], [ -75.015768230253499, 40.046987237773401 ], [ -75.016167899716606, 40.047305269369097 ], [ -75.016168340846903, 40.047304941970502 ], [ -75.016185671765797, 40.047292080706399 ], [ -75.016214611747898, 40.0473151066859 ], [ -75.016379677369301, 40.0474464547232 ], [ -75.016146813477903, 40.047619304605597 ], [ -75.016146737958294, 40.047619360250899 ], [ -75.015948208961404, 40.047766723857301 ], [ -75.015782603798797, 40.047634945619002 ] ] ] } },
{ "type": "Feature", "properties": { "aun": 226517552, "school_num": null, "location_id": null, "school_name": "ST FRANCIS DESALES SCHOOL", "school_name_label": "ST FRANCIS DESALES SCHOOL", "street_address": "917 S 47TH ST", "zip_code": "19143", "phone_number": "(215) 387-1749", "active": "O", "grade_level": "ELEMENTARY/MIDDLE", "grade_org": "PREK-8", "enrollment": null, "type": 3, "type_specific": "ARCHDIOCESE", "objectid": 465, "Shape__Area": 2239.91015625, "Shape__Length": 244.68591474651171 }, "geometry": { "type": "Polygon", "coordinates": [ [ [ -75.215536406774007, 39.947952402297297 ], [ -75.215378289701704, 39.948064090376299 ], [ -75.215374489429095, 39.948060875425298 ], [ -75.215372072308398, 39.948058828550899 ], [ -75.215348009955605, 39.948038462444401 ], [ -75.215346785352295, 39.948039320618797 ], [ -75.215343807341199, 39.948041404829802 ], [ -75.215317173260004, 39.948018861158602 ], [ -75.215314480729106, 39.948020745572798 ], [ -75.2153101414453, 39.9480170738399 ], [ -75.215291204230695, 39.948001045539598 ], [ -75.215293941841693, 39.947999129460598 ], [ -75.215289571443606, 39.947995428882997 ], [ -75.215285809480406, 39.947992246310598 ], [ -75.215156934602504, 39.947883165928097 ], [ -75.215156518435805, 39.947883456314599 ], [ -75.215153292505306, 39.947885714115998 ], [ -75.215148930601003, 39.947882021604201 ], [ -75.215130680042293, 39.947866573827802 ], [ -75.2151336535821, 39.947864491776201 ], [ -75.215107703379601, 39.947842526291602 ], [ -75.215110978902104, 39.947840233547304 ], [ -75.215082950600205, 39.947816509105003 ], [ -75.215172475632897, 39.947753853006802 ], [ -75.2152001961949, 39.947777314967801 ], [ -75.215207647199904, 39.947772100640201 ], [ -75.215239514121194, 39.947799071263802 ], [ -75.215324414292596, 39.9477396499367 ], [ -75.215324617131898, 39.947739508006002 ], [ -75.215325360433297, 39.947740137111502 ], [ -75.215329615997305, 39.9477437382929 ], [ -75.215415932885307, 39.947683325569599 ], [ -75.215412559667698, 39.947680470319902 ], [ -75.215548983858397, 39.947584987206298 ], [ -75.215551837859906, 39.947587404130701 ], [ -75.215616343891, 39.947542255479298 ], [ -75.215620019259603, 39.947545366300297 ], [ -75.215623342838398, 39.947543039689997 ], [ -75.215623747052504, 39.947542755795403 ], [ -75.215742612987597, 39.947643363605401 ], [ -75.215749704201102, 39.947649364391097 ], [ -75.215754078862403, 39.947653068424103 ], [ -75.215750583987798, 39.947655515141399 ], [ -75.215754646642296, 39.947658953243199 ], [ -75.215689933241705, 39.947704247182699 ], [ -75.215693061042998, 39.947706895402803 ], [ -75.215556997449895, 39.9478021253653 ], [ -75.215554217159607, 39.947799772013802 ], [ -75.215524465701705, 39.9478205956568 ], [ -75.215481424429299, 39.947850720187802 ], [ -75.215488966694394, 39.947857103745001 ], [ -75.215471223410503, 39.947869521686997 ], [ -75.215554327379806, 39.947939859870203 ], [ -75.215536406774007, 39.947952402297297 ] ] ] } },
{ "type": "Feature", "properties": { "aun": 226517752, "school_num": null, "location_id": null, "school_name": "ST GEORGE SCHOOL", "school_name_label": "ST GEORGE SCHOOL", "street_address": "2700 E VENANGO ST", "zip_code": "19134", "phone_number": "(215) 634-8803", "active": "O", "grade_level": "ELEMENTARY/MIDDLE", "grade_org": "PREK-8", "enrollment": null, "type": 3, "type_specific": "ARCHDIOCESE", "objectid": 466, "Shape__Area": 2298.359375, "Shape__Length": 358.69476742975792 }, "geometry": { "type": "Polygon", "coordinates": [ [ [ -75.093017997983395, 39.988735525741298 ], [ -75.092957527588794, 39.988665924115899 ], [ -75.092952525481707, 39.988660167824499 ], [ -75.093195098181496, 39.988535471828001 ], [ -75.093183394454101, 39.988522000716799 ], [ -75.093209155953801, 39.988508758245501 ], [ -75.093220610291894, 39.988521942007097 ], [ -75.093238880919401, 39.988512550387398 ], [ -75.093239687883994, 39.988512134316402 ], [ -75.093215812415593, 39.988484654161802 ], [ -75.0931993752599, 39.988493103836397 ], [ -75.093127771375407, 39.988410689755497 ], [ -75.092870571371094, 39.988542905137201 ], [ -75.092854303033704, 39.988551267441899 ], [ -75.0928231362319, 39.988515394183999 ], [ -75.092804950919799, 39.988494463311397 ], [ -75.092742073754195, 39.988422092593403 ], [ -75.092763882911797, 39.988410881784397 ], [ -75.092771762899801, 39.988419950699303 ], [ -75.092779341574001, 39.988428674748597 ], [ -75.092991261455197, 39.988319737098998 ], [ -75.092985753583605, 39.988313398067802 ], [ -75.093028071717001, 39.988291644561599 ], [ -75.093034180717197, 39.988298674410601 ], [ -75.093038189367107, 39.988303288162399 ], [ -75.093059419314599, 39.988327724682698 ], [ -75.093062948795307, 39.9883259108313 ], [ -75.093069944594603, 39.988333964737002 ], [ -75.093093810239097, 39.988361431181701 ], [ -75.093111681880004, 39.988352244342799 ], [ -75.093112133143293, 39.988352012635403 ], [ -75.093095284492094, 39.988332619736397 ], [ -75.093088490367194, 39.988324800265197 ], [ -75.093156625261798, 39.988289774006802 ], [ -75.093158362661597, 39.988291773980499 ], [ -75.093179594023695, 39.988316212763003 ], [ -75.093204034502193, 39.988303649281697 ], [ -75.093206091446703, 39.988306014813602 ], [ -75.093245554435498, 39.988351438398603 ], [ -75.093212069007905, 39.988368652484702 ], [ -75.093239518752199, 39.988400246391699 ], [ -75.093242331024101, 39.988398800000098 ], [ -75.0932496440482, 39.988395040758803 ], [ -75.093255670334997, 39.9884019774507 ], [ -75.093248278147399, 39.988405776532801 ], [ -75.093245624289295, 39.988407140992997 ], [ -75.093295736147994, 39.988464818498301 ], [ -75.093246580113302, 39.9884900878004 ], [ -75.093257621078493, 39.988502796829401 ], [ -75.093257752588102, 39.988502728916799 ], [ -75.093284189520503, 39.988489138270097 ], [ -75.093280156986097, 39.988484498070001 ], [ -75.093279676383005, 39.988483945196798 ], [ -75.093304176696506, 39.9884713504158 ], [ -75.0933668738667, 39.9884391209021 ], [ -75.093375315781103, 39.988448836884999 ], [ -75.093476366402896, 39.988565146843001 ], [ -75.093057185140907, 39.988780629891799 ], [ -75.093017997983395, 39.988735525741298 ] ] ] } },
{ "type": "Feature", "properties": { "aun": 226518752, "school_num": null, "location_id": null, "school_name": "ST MARTIN OF TOURS SCHOOL", "school_name_label": "ST MARTIN OF TOURS SCHOOL", "street_address": "5400 E ROOSEVELT BLV", "zip_code": "19124", "phone_number": "(215) 744-0444", "active": "O", "grade_level": "ELEMENTARY/MIDDLE", "grade_org": "PREK-8", "enrollment": null, "type": 3, "type_specific": "PRIVATE", "objectid": 467, "Shape__Area": 3029.515625, "Shape__Length": 396.34597922900861 }, "geometry": { "type": "Polygon", "coordinates": [ [ [ -75.086860632860805, 40.031954517777301 ], [ -75.086928266095498, 40.031895877628301 ], [ -75.086849594789498, 40.031846150854903 ], [ -75.086833724840105, 40.031854941896697 ], [ -75.0868437371781, 40.0318657117014 ], [ -75.086783603773597, 40.031898748163897 ], [ -75.086775423192407, 40.031903241604603 ], [ -75.086689709530305, 40.031811048832701 ], [ -75.086562660502693, 40.031674397548997 ], [ -75.086493236853897, 40.031712539033499 ], [ -75.086489350971902, 40.0317146733492 ], [ -75.086459973493902, 40.031683074054698 ], [ -75.086467469726799, 40.031678956716497 ], [ -75.086483291880896, 40.031670263730902 ], [ -75.0864225027386, 40.031604877987803 ], [ -75.086518242558796, 40.031552279265199 ], [ -75.086456583281006, 40.031485957678903 ], [ -75.086542995236499, 40.031438484631899 ], [ -75.086605280127102, 40.031505479563201 ], [ -75.086700880349596, 40.031452958550702 ], [ -75.086761672463396, 40.031518346465397 ], [ -75.086784604412898, 40.031505747875798 ], [ -75.086791132958098, 40.031512773056797 ], [ -75.086808613122898, 40.031531571958602 ], [ -75.086813524986297, 40.031536857814501 ], [ -75.086741449596701, 40.031576457325698 ], [ -75.086875234036697, 40.031720355755901 ], [ -75.086888298507802, 40.031734406276797 ], [ -75.0869437109545, 40.031794006319402 ], [ -75.086865782310795, 40.031837182462503 ], [ -75.086939999809601, 40.0318843247193 ], [ -75.086997332266094, 40.031835292891103 ], [ -75.087336965105393, 40.032061747922299 ], [ -75.087347696646503, 40.032068903174903 ], [ -75.087345973585997, 40.032070397242897 ], [ -75.0872088912664, 40.032189302803602 ], [ -75.086859869920701, 40.0319551792428 ], [ -75.086860632860805, 40.031954517777301 ] ] ] } },
{ "type": "Feature", "properties": { "aun": null, "school_num": null, "location_id": null, "school_name": "YESHIVA KETANA OF PHILADELPHIA", "school_name_label": "YESHIVA KETANA OF PHILADELPHIA", "street_address": "5900 DREXEL RD", "zip_code": "19131", "phone_number": "(610) 756-8367", "active": null, "grade_level": "ELEMENTARY SCHOOL", "grade_org": "K-3", "enrollment": null, "type": 3, "type_specific": "PRIVATE", "objectid": 468, "Shape__Area": 9760.62109375, "Shape__Length": 434.04888468997694 }, "geometry": { "type": "Polygon", "coordinates": [ [ [ -75.243042761950605, 39.987879306463803 ], [ -75.243400487526102, 39.9883304469097 ], [ -75.243758219233101, 39.988781588516702 ], [ -75.243270892959501, 39.989010501145401 ], [ -75.242555441201901, 39.988108216094503 ], [ -75.243042761950605, 39.987879306463803 ] ] ] } },
{ "type": "Feature", "properties": { "aun": 126515001, "school_num": 6823, "location_id": "5430", "school_name": "(TEMPORARY) AMY 5 AT JAMES MARTIN", "school_name_label": "(TEMPORARY) ALTERNATIVE MIDDLE YEARS AT JAMES MARTIN", "street_address": "600 E THOMPSON ST", "zip_code": "19125", "phone_number": "(215) 400-7190", "active": null, "grade_level": "MIDDLE SCHOOL", "grade_org": "6-8", "enrollment": 185, "type": 1, "type_specific": "DISTRICT", "objectid": 469, "Shape__Area": 9303.83984375, "Shape__Length": 400.90425140518278 }, "geometry": { "type": "Polygon", "coordinates": [ [ [ -75.126753318268499, 39.973152696381398 ], [ -75.126500130951499, 39.972690050080402 ], [ -75.127541776485501, 39.972329687496199 ], [ -75.127799284495893, 39.972793446016098 ], [ -75.126753318268499, 39.973152696381398 ] ] ] } },
{ "type": "Feature", "properties": { "aun": 0, "school_num": null, "location_id": null, "school_name": "ST MATTHEW SCHOOL", "school_name_label": "ST MATTHEW SCHOOL", "street_address": "3040 COTTMAN AVE", "zip_code": "19149", "phone_number": "(215) 333-3142", "active": "O", "grade_level": "ELEMENTARY/MIDDLE", "grade_org": "PREK-8", "enrollment": null, "type": 3, "type_specific": "ARCHDIOCESE", "objectid": 470, "Shape__Area": 8223.0, "Shape__Length": 911.94735452383816 }, "geometry": { "type": "Polygon", "coordinates": [ [ [ -75.050214257196203, 40.041644750434102 ], [ -75.050175836785002, 40.041622848449101 ], [ -75.049963621461899, 40.041501873865698 ], [ -75.049894647553998, 40.041462554889797 ], [ -75.049807871467493, 40.041413087181802 ], [ -75.049803296275897, 40.041410478092402 ], [ -75.049792398642893, 40.041421769971699 ], [ -75.049785667435202, 40.041428745784202 ], [ -75.049783548168406, 40.0414275381168 ], [ -75.049717470370894, 40.041389868452697 ], [ -75.049696508558398, 40.041377919958897 ], [ -75.049719706924094, 40.041353882472499 ], [ -75.049680975905005, 40.041331802939197 ], [ -75.049724193670698, 40.041287017524702 ], [ -75.049697814133594, 40.041271980595702 ], [ -75.049684292014504, 40.041264270726899 ], [ -75.049679817080502, 40.041261720304703 ], [ -75.049627948308597, 40.041315472742298 ], [ -75.049621200363305, 40.041322463920203 ], [ -75.049518465180498, 40.041263897514099 ], [ -75.049578373493603, 40.041201814721703 ], [ -75.049567788836995, 40.041195778891101 ], [ -75.049582987553094, 40.041180027720102 ], [ -75.049599257681805, 40.041163166414897 ], [ -75.049607144360607, 40.0411549934786 ], [ -75.049616862761894, 40.041162433723201 ], [ -75.049714888139206, 40.041060851852102 ], [ -75.0496501303504, 40.041023936262597 ], [ -75.049680481769499, 40.040992482375302 ], [ -75.049668900978901, 40.040987874949302 ], [ -75.049734297481606, 40.040920103713503 ], [ -75.049997505620993, 40.041070149127997 ], [ -75.049989868111794, 40.041078064390199 ], [ -75.050019610581401, 40.041095019567599 ], [ -75.049942981901594, 40.041174429778501 ], [ -75.049936209503798, 40.041181447430503 ], [ -75.049823442618305, 40.041117162602802 ], [ -75.0498191167231, 40.0411146967839 ], [ -75.049702238252294, 40.041235817401898 ], [ -75.049744879603097, 40.041260125466899 ], [ -75.049751543560106, 40.041253219033599 ], [ -75.049793905374301, 40.0412093190265 ], [ -75.049798403240999, 40.0412118823727 ], [ -75.050034149803807, 40.041346271759302 ], [ -75.050041093342799, 40.0413390779145 ], [ -75.050060235280299, 40.041319240759897 ], [ -75.049995375260494, 40.041282268909796 ], [ -75.0500523882381, 40.041223188143299 ], [ -75.050387898563599, 40.040875493467503 ], [ -75.050422766498897, 40.0408953701385 ], [ -75.050426760257196, 40.040891230202597 ], [ -75.050446502607699, 40.040870770734898 ], [ -75.050447065092499, 40.040870187010299 ], [ -75.050406091678497, 40.040846828465803 ], [ -75.050404776272799, 40.040846078963902 ], [ -75.050430581810303, 40.040819335275401 ], [ -75.050421783862802, 40.040814320280099 ], [ -75.050324859000298, 40.0407590695986 ], [ -75.050298925263107, 40.040744284313902 ], [ -75.050294831530493, 40.0407419501162 ], [ -75.050091851627499, 40.040952302139097 ], [ -75.050084996762706, 40.040959404586602 ], [ -75.049849674148305, 40.040825256132301 ], [ -75.049836467288898, 40.040817727142503 ], [ -75.050046212277294, 40.040600365615802 ], [ -75.050018772670896, 40.040584722661002 ], [ -75.050022190280899, 40.040581178529699 ], [ -75.050137792389407, 40.040461378067 ], [ -75.050143976734105, 40.040464902364 ], [ -75.050488879850306, 40.040661520614599 ], [ -75.050428986515399, 40.040723591815301 ], [ -75.050487246281406, 40.040756802988298 ], [ -75.050493939138505, 40.040749866783599 ], [ -75.050560398261396, 40.040680994891503 ], [ -75.050564840189395, 40.040683527609197 ], [ -75.050748218520596, 40.040788062997102 ], [ -75.050598457312205, 40.0409432631456 ], [ -75.050591775142493, 40.040950188344603 ], [ -75.050544145766906, 40.040923037698001 ], [ -75.050523568935404, 40.040944361723803 ], [ -75.050518708596996, 40.040949399239501 ], [ -75.0505594414835, 40.040972618057602 ], [ -75.050560870088802, 40.040973432165103 ], [ -75.050549789180494, 40.040984915782602 ], [ -75.050203211876195, 40.041344080194399 ], [ -75.050196509788407, 40.041351025177597 ], [ -75.050134314952402, 40.041315570119401 ], [ -75.050129829973798, 40.041313013847599 ], [ -75.050075494614603, 40.041369323794697 ], [ -75.050374828774295, 40.0415399594091 ], [ -75.050259847255106, 40.0416591169584 ], [ -75.050252611764094, 40.041666613689699 ], [ -75.050214257196203, 40.041644750434102 ] ] ] } },
{ "type": "Feature", "properties": { "aun": null, "school_num": null, "location_id": null, "school_name": "ST MONICA SCHOOL (JUNIOR SCHOOL)", "school_name_label": "ST MONICA JUNIOR SCHOOL", "street_address": "1720 RITNER ST", "zip_code": "19145", "phone_number": "(215) 334-6001", "active": null, "grade_level": "ELEMENTARY SCHOOL", "grade_org": "K-4", "enrollment": null, "type": 3, "type_specific": "ARCHDIOCESE", "objectid": 471, "Shape__Area": 2282.5546875, "Shape__Length": 241.37424133724645 }, "geometry": { "type": "Polygon", "coordinates": [ [ [ -75.176135801702898, 39.921279203074 ], [ -75.175968521261495, 39.9212578601785 ], [ -75.175967077159498, 39.921257676840398 ], [ -75.175994435936403, 39.921130556600701 ], [ -75.1759957111408, 39.921130719253 ], [ -75.176089399243196, 39.921142672705898 ], [ -75.176090148254403, 39.921139193587898 ], [ -75.176171150193596, 39.920762805913299 ], [ -75.176176178251595, 39.9207634458716 ], [ -75.176191049568402, 39.920694339721599 ], [ -75.176194259376103, 39.9206947496521 ], [ -75.176405138269004, 39.920721654733804 ], [ -75.176390255016301, 39.920790811320799 ], [ -75.176394616312905, 39.920791367601502 ], [ -75.176292015326197, 39.921268125514601 ], [ -75.176203302666394, 39.921256806502001 ], [ -75.176197666962807, 39.921282992965097 ], [ -75.176196807742997, 39.921286987692604 ], [ -75.176135801702898, 39.921279203074 ] ] ] } },
{ "type": "Feature", "properties": { "aun": 226519142, "school_num": null, "location_id": null, "school_name": "ST PETER THE APOSTLE SCHOOL", "school_name_label": "ST PETER THE APOSTLE SCHOOL", "street_address": "1009 N 5TH ST", "zip_code": "19123", "phone_number": "(215) 922-5958", "active": "O", "grade_level": "ELEMENTARY/MIDDLE", "grade_org": "PREK-8", "enrollment": null, "type": 3, "type_specific": "ARCHDIOCESE", "objectid": 472, "Shape__Area": 1430.3828125, "Shape__Length": 165.05053991473821 }, "geometry": { "type": "Polygon", "coordinates": [ [ [ -75.1447908021876, 39.969687279357899 ], [ -75.144801599454397, 39.969688837744499 ], [ -75.144801710621394, 39.969688381873603 ], [ -75.144805012965804, 39.969674832276198 ], [ -75.144796003358707, 39.969673531849402 ], [ -75.144873656464299, 39.969354943374398 ], [ -75.144873847148602, 39.9693549713555 ], [ -75.144882935389106, 39.969356281446302 ], [ -75.144883046598096, 39.969355824450098 ], [ -75.144887870630399, 39.969336031529998 ], [ -75.144888061314603, 39.9693360595111 ], [ -75.145097810300797, 39.9693663259822 ], [ -75.145092521012103, 39.969388023018602 ], [ -75.145106522366504, 39.969390042682399 ], [ -75.145083585739101, 39.9694841461463 ], [ -75.145087570117695, 39.969484720899302 ], [ -75.145055946153903, 39.969614466402497 ], [ -75.145055834945595, 39.9696149233989 ], [ -75.145052629387706, 39.9696144609334 ], [ -75.145029987802801, 39.969707355834501 ], [ -75.145019446768103, 39.969705833696203 ], [ -75.145013733595405, 39.969729269088802 ], [ -75.144975445956902, 39.969723743821298 ], [ -75.144973919028502, 39.969730008423603 ], [ -75.1447878984754, 39.969703488136098 ], [ -75.1447908021876, 39.969687279357899 ] ] ] } },
{ "type": "Feature", "properties": { "aun": null, "school_num": null, "location_id": null, "school_name": "NEW FOUNDATIONS CHARTER SCHOOL", "school_name_label": "NEW FOUNDATIONS CHARTER SCHOOL", "street_address": "4850 RHAWN ST", "zip_code": "19136", "phone_number": "(215) 344-6410", "active": null, "grade_level": "HIGH SCHOOL", "grade_org": "9-12", "enrollment": null, "type": 2, "type_specific": "CHARTER", "objectid": 473, "Shape__Area": 7015.015625, "Shape__Length": 469.09088926557354 }, "geometry": { "type": "Polygon", "coordinates": [ [ [ -75.0243914311515, 40.033712260309102 ], [ -75.024388823781706, 40.033709249722499 ], [ -75.024378759064106, 40.033714392425999 ], [ -75.024375927647597, 40.033711123099799 ], [ -75.024372717668697, 40.033707429176999 ], [ -75.024367484860306, 40.033710102771501 ], [ -75.024361281088105, 40.033713274809003 ], [ -75.024333556586797, 40.033681222894103 ], [ -75.024333647825003, 40.033681176627603 ], [ -75.024340256976004, 40.033677797958603 ], [ -75.024345789512694, 40.033674958025301 ], [ -75.024273312579396, 40.033591165186202 ], [ -75.024194820001995, 40.033500429922498 ], [ -75.024257027578003, 40.033468635939698 ], [ -75.024275691069306, 40.033459096303297 ], [ -75.024303258485006, 40.033445004769703 ], [ -75.024321658632303, 40.0334356007926 ], [ -75.024345411335901, 40.033423459608798 ], [ -75.024365175872703, 40.033413355896997 ], [ -75.024623497198903, 40.033281321556302 ], [ -75.024461866616207, 40.0330944677725 ], [ -75.024570465806605, 40.033038959474098 ], [ -75.024570543598003, 40.033038919646302 ], [ -75.0245866644225, 40.033057554234702 ], [ -75.024602645063297, 40.033076031188003 ], [ -75.024602721345801, 40.033075992450698 ], [ -75.024645274811604, 40.033054241566703 ], [ -75.024645337648394, 40.033054209268101 ], [ -75.024687279273607, 40.033032770483203 ], [ -75.024687191028605, 40.033032669272899 ], [ -75.024625807993999, 40.032961709643601 ], [ -75.024625785702398, 40.032961680956603 ], [ -75.024564069633499, 40.032890333818003 ], [ -75.024563663559903, 40.032889864642598 ], [ -75.024571831376207, 40.032885689473297 ], [ -75.024690946589104, 40.032824804651902 ], [ -75.024765257740597, 40.032910712066098 ], [ -75.024793191333302, 40.032896433131498 ], [ -75.02513881054, 40.033295982892803 ], [ -75.025078913181403, 40.033326598831501 ], [ -75.025256919152994, 40.033532378303498 ], [ -75.025255158435996, 40.033533278135103 ], [ -75.024961965297706, 40.0336831394808 ], [ -75.024937638159798, 40.033695574647098 ], [ -75.024937253726804, 40.033695770515898 ], [ -75.024893431794894, 40.033645109543301 ], [ -75.024856847689506, 40.033602817654703 ], [ -75.024776707892897, 40.0335101729031 ], [ -75.024776324969594, 40.033510367680897 ], [ -75.024609576129393, 40.033595598517202 ], [ -75.024433837717496, 40.033685422920598 ], [ -75.024434208780306, 40.033685851844197 ], [ -75.0244431176707, 40.033696134828801 ], [ -75.024397627579603, 40.033719413079297 ], [ -75.0243914311515, 40.033712260309102 ] ] ] } },
{ "type": "Feature", "properties": { "aun": 126513452, "school_num": 8205, "location_id": "3414", "school_name": "OLNEY HIGH SCHOOL", "school_name_label": "OLNEY HIGH SCHOOL CONTINUATION ACADEMY", "street_address": "100 W DUNCANNON AVE", "zip_code": "19120", "phone_number": "(215) 400-9140", "active": null, "grade_level": "HIGH SCHOOL", "grade_org": "9-12", "enrollment": 25, "type": 1, "type_specific": "CONTRACTED", "objectid": 474, "Shape__Area": 45069.03515625, "Shape__Length": 860.83542886621922 }, "geometry": { "type": "Polygon", "coordinates": [ [ [ -75.123063119100095, 40.028115692636902 ], [ -75.123131437476701, 40.027793855574402 ], [ -75.123133103629399, 40.0277936188727 ], [ -75.123727949827995, 40.027707457623499 ], [ -75.123732861823996, 40.027706747767901 ], [ -75.124269771898199, 40.0276313798635 ], [ -75.124564753293399, 40.0275904089821 ], [ -75.124811235242504, 40.027556436804403 ], [ -75.124864030846098, 40.027550018731702 ], [ -75.124962032776295, 40.027536089992303 ], [ -75.1249642471371, 40.027535770061199 ], [ -75.124934005395204, 40.027731033901198 ], [ -75.124913299111, 40.027856538651498 ], [ -75.124610376720199, 40.029322999733701 ], [ -75.124606432710706, 40.029322506362597 ], [ -75.122855365355903, 40.029101435241401 ], [ -75.122976360746904, 40.028524429707304 ], [ -75.122976821091399, 40.028522264258797 ], [ -75.123063119100095, 40.028115692636902 ] ] ] } },
{ "type": "Feature", "properties": { "aun": null, "school_num": null, "location_id": "8890", "school_name": "ONE BRIGHT RAY-SIMPSON CAMPUS", "school_name_label": "ONE BRIGHT RAY - SIMPSON EVENING", "street_address": "1142 E ERIE AVE", "zip_code": "19124", "phone_number": "(215) 744-6000", "active": null, "grade_level": "HIGH SCHOOL", "grade_org": "9-12", "enrollment": 176, "type": 1, "type_specific": "CONTRACTED", "objectid": 475, "Shape__Area": 6152.1484375, "Shape__Length": 395.61137742290305 }, "geometry": { "type": "Polygon", "coordinates": [ [ [ -75.105463334610803, 40.005382837970203 ], [ -75.105700149956604, 40.004299949110901 ], [ -75.105864236675899, 40.004287293689302 ], [ -75.106004744162703, 40.0053647249986 ], [ -75.105463334610803, 40.005382837970203 ] ] ] } },
{ "type": "Feature", "properties": { "aun": 133513315, "school_num": 8149, "location_id": "3406", "school_name": "JOHN B STETSON MIDDLE SCHOOL", "school_name_label": "JOHN B STETSON MIDDLE SCHOOL CONTINUATION ACADEMY", "street_address": "3200 B ST", "zip_code": "19134", "phone_number": "(215) 400-9150", "active": null, "grade_level": null, "grade_org": "5-8", "enrollment": 22, "type": 1, "type_specific": "CONTRACTED", "objectid": 476, "Shape__Area": 11147.5859375, "Shape__Length": 511.4448404652901 }, "geometry": { "type": "Polygon", "coordinates": [ [ [ -75.125228813767905, 39.999532430437597 ], [ -75.125277147485306, 39.9993128358227 ], [ -75.125365321095202, 39.998909046282002 ], [ -75.125475347926397, 39.998405601571903 ], [ -75.125513112263903, 39.998232771799799 ], [ -75.125513520132699, 39.998230895726401 ], [ -75.126007097833906, 39.998293891547299 ], [ -75.125859317206107, 39.998972745984098 ], [ -75.125770608559193, 39.999378555421899 ], [ -75.125727042914704, 39.999581107041401 ], [ -75.125712019240893, 39.999650933292898 ], [ -75.125216634944294, 39.999587749827199 ], [ -75.125228813767905, 39.999532430437597 ] ] ] } },
{ "type": "Feature", "properties": { "aun": null, "school_num": null, "location_id": null, "school_name": null, "school_name_label": "WISSAHICKON CHARTER SCHOOL", "street_address": "815 E WASHINGTON LN", "zip_code": "19138", "phone_number": "(267) 774-4370", "active": null, "grade_level": "ELEMENTARY/MIDDLE", "grade_org": "K-8", "enrollment": null, "type": 2, "type_specific": "CHARTER", "objectid": 477, "Shape__Area": 25616.24609375, "Shape__Length": 702.27448190883501 }, "geometry": { "type": "Polygon", "coordinates": [ [ [ -75.172343651478698, 40.051697130366001 ], [ -75.172757081930996, 40.051296987803497 ], [ -75.173485695472607, 40.051692005320703 ], [ -75.173631577425098, 40.051771194947598 ], [ -75.174071293794796, 40.052009481472801 ], [ -75.174514370715798, 40.052249585034602 ], [ -75.174210762167107, 40.052545195555801 ], [ -75.1737424550751, 40.053001159056002 ], [ -75.173619038379002, 40.052884825855202 ], [ -75.173359272107206, 40.052684585775097 ], [ -75.173097043338998, 40.052367052627098 ], [ -75.172545187161901, 40.051918009480097 ], [ -75.172567468310604, 40.051896555116102 ], [ -75.172343651478698, 40.051697130366001 ] ] ] } },
{ "type": "Feature", "properties": { "aun": null, "school_num": null, "location_id": null, "school_name": null, "school_name_label": "MILL CREEK SCHOOL", "street_address": "4601 MARKET ST", "zip_code": "19139", "phone_number": "(215) 471-4900", "active": null, "grade_level": "MIDDLE/HIGH", "grade_org": "7-12", "enrollment": null, "type": 3, "type_specific": "PRIVATE", "objectid": 478, "Shape__Area": 8369.7265625, "Shape__Length": 510.02307371176283 }, "geometry": { "type": "Polygon", "coordinates": [ [ [ -75.215041092058001, 39.960154139904297 ], [ -75.214732730221499, 39.960114657011196 ], [ -75.214729916108894, 39.960127669479498 ], [ -75.2147292244357, 39.960130869643102 ], [ -75.214717329807002, 39.960129346521001 ], [ -75.214467548494994, 39.960097363052299 ], [ -75.214546046583607, 39.959734333104102 ], [ -75.2144918626486, 39.959727396269599 ], [ -75.2144992102603, 39.959693419712501 ], [ -75.214448031344901, 39.959686866870399 ], [ -75.214482573195198, 39.959527125881401 ], [ -75.214482658128802, 39.959526732444203 ], [ -75.214521598637603, 39.9595317184911 ], [ -75.214533496081899, 39.959533241698097 ], [ -75.214540647272699, 39.9595001741883 ], [ -75.214540732247897, 39.959499779625702 ], [ -75.214548796039907, 39.959500809279199 ], [ -75.214578026762993, 39.959504555834897 ], [ -75.214589924203807, 39.959506079036103 ], [ -75.214668594206401, 39.9591422498101 ], [ -75.214668679180306, 39.959141855247402 ], [ -75.214761754845298, 39.959153773521599 ], [ -75.214928510367898, 39.959175126981798 ], [ -75.214927463017304, 39.959179976003099 ], [ -75.214925616753902, 39.959188507107299 ], [ -75.214935142824004, 39.959189726720801 ], [ -75.215248739875605, 39.959229881194297 ], [ -75.215245379612895, 39.9592454145454 ], [ -75.2152067569114, 39.959424049653599 ], [ -75.214879206301404, 39.9593821091146 ], [ -75.214838810375099, 39.9595689367112 ], [ -75.215165476238298, 39.959610764319301 ], [ -75.215090266248893, 39.959958603180503 ], [ -75.215094673910301, 39.959959167961102 ], [ -75.215053417091099, 39.960149972543903 ], [ -75.215052208863497, 39.960155563590199 ], [ -75.215041092058001, 39.960154139904297 ] ] ] } },
{ "type": "Feature", "properties": { "aun": null, "school_num": 3766, "location_id": "8270", "school_name": "(TEMPORARY) HOLME, THOMAS SCHOOL", "school_name_label": "(TEMPORARY) THOMAS HOLME SCHOOL", "street_address": "3001 RYAN AVE", "zip_code": "19152", "phone_number": "(215) 400-3130", "active": null, "grade_level": "ELEMENTARY/MIDDLE", "grade_org": "K-8", "enrollment": 787, "type": 1, "type_specific": "DISTRICT", "objectid": 479, "Shape__Area": 88974.62109375, "Shape__Length": 1262.2235762786945 }, "geometry": { "type": "Polygon", "coordinates": [ [ [ -75.044606834850796, 40.046467988595403 ], [ -75.044475565854896, 40.046485270794903 ], [ -75.044346057789596, 40.046509144955401 ], [ -75.044218871567793, 40.046539509412 ], [ -75.044094556140095, 40.046576231809901 ], [ -75.043973649779701, 40.046619153639803 ], [ -75.043856675690904, 40.046668090133899 ], [ -75.043744137661804, 40.0467228290374 ], [ -75.043636524367798, 40.0467831329616 ], [ -75.043534300452393, 40.046848742553003 ], [ -75.043437908170802, 40.046919372025997 ], [ -75.043347764058197, 40.046994719221402 ], [ -75.043264256405394, 40.047074455409202 ], [ -75.043187749157298, 40.047158237769899 ], [ -75.043132049008904, 40.047219876004903 ], [ -75.043072029139097, 40.047279070818099 ], [ -75.043007872514494, 40.047335644051898 ], [ -75.042939770574193, 40.047389425632304 ], [ -75.042404011871795, 40.046612303672298 ], [ -75.042506877653395, 40.045723650137703 ], [ -75.0429179880623, 40.044783886746899 ], [ -75.042926896043795, 40.0447635166881 ], [ -75.043765511019501, 40.044736313217797 ], [ -75.043750445309797, 40.044462044657898 ], [ -75.0450317820343, 40.044420468073902 ], [ -75.045067264301295, 40.044679951083403 ], [ -75.045093810124598, 40.044940064993703 ], [ -75.045111398851006, 40.045200626864599 ], [ -75.045120018566607, 40.0454614550857 ], [ -75.045119664722094, 40.045722367091599 ], [ -75.045110335696407, 40.045983180384198 ], [ -75.045087339410998, 40.046417208380497 ], [ -75.044606834850796, 40.046467988595403 ] ] ] } },
{ "type": "Feature", "properties": { "aun": null, "school_num": 3786, "location_id": "4270", "school_name": "(TEMPORARY) DICK, WILLIAM SCHOOL", "school_name_label": "(TEMPORARY) WILLIAM DICK SCHOOL", "street_address": "2200 N 22ND ST", "zip_code": "19132", "phone_number": "(215) 400-7340", "active": null, "grade_level": "ELEMENTARY/MIDDLE", "grade_org": "K-8", "enrollment": 343, "type": 1, "type_specific": "DISTRICT", "objectid": 480, "Shape__Area": 22184.30078125, "Shape__Length": 591.54236189609151 }, "geometry": { "type": "Polygon", "coordinates": [ [ [ -75.169018901069805, 39.989504221553801 ], [ -75.169166898237094, 39.9888132697656 ], [ -75.169245166476401, 39.988447804533202 ], [ -75.169265913989094, 39.9884356331956 ], [ -75.169284734037802, 39.988424594339001 ], [ -75.169303810316507, 39.988413401310702 ], [ -75.170318144372303, 39.988539724604699 ], [ -75.170416755821606, 39.988552080711997 ], [ -75.170458339389597, 39.9885850294298 ], [ -75.170449035263502, 39.9886291817269 ], [ -75.170248178650596, 39.989582699394802 ], [ -75.170247194229106, 39.989584870110697 ], [ -75.170226715310704, 39.989662236000903 ], [ -75.170226349387406, 39.989663581549301 ], [ -75.170136628305997, 39.9896521189239 ], [ -75.170079795484298, 39.989644925198498 ], [ -75.169250471291704, 39.989539024641502 ], [ -75.169018366077694, 39.989506740246497 ], [ -75.169018901069805, 39.989504221553801 ] ] ] } },
{ "type": "Feature", "properties": { "aun": null, "school_num": null, "location_id": null, "school_name": "EXCEL ACADEMY CENTRAL", "school_name_label": "EXCEL ACADEMY CENTRAL", "street_address": "201 E OLNEY AVE", "zip_code": "19120", "phone_number": "(215) 346-8970", "active": null, "grade_level": "HIGH SCHOOL", "grade_org": "9-12", "enrollment": 197, "type": 1, "type_specific": "CONTRACTED", "objectid": 481, "Shape__Area": 13668.359375, "Shape__Length": 931.25556586474534 }, "geometry": { "type": "Polygon", "coordinates": [ [ [ -75.117424569196899, 40.036036492734397 ], [ -75.117441489261097, 40.035958776085003 ], [ -75.117435295785995, 40.035957979754698 ], [ -75.117429911526401, 40.035957286443399 ], [ -75.117431725007194, 40.035948951829901 ], [ -75.117503876692794, 40.035617540652602 ], [ -75.117656620356797, 40.035637187891197 ], [ -75.117663488126396, 40.035605641504802 ], [ -75.1177584494651, 40.035548809565199 ], [ -75.117778499905597, 40.035456708754602 ], [ -75.117772300616593, 40.035455912308201 ], [ -75.117710716326599, 40.035447990979598 ], [ -75.117712532818203, 40.035439653052698 ], [ -75.117737151360899, 40.035326562756197 ], [ -75.117803303273305, 40.0353350730553 ], [ -75.117827479136395, 40.035224022436097 ], [ -75.117993051680699, 40.035133767566897 ], [ -75.118011076336799, 40.035050970715297 ], [ -75.118169687085498, 40.035071373457399 ], [ -75.118170086400596, 40.035069540005999 ], [ -75.118186800420801, 40.0350716890146 ], [ -75.118189362346996, 40.035059920605903 ], [ -75.118228329103303, 40.035064932324197 ], [ -75.118234534173993, 40.0350657300054 ], [ -75.118233995799997, 40.035068202252702 ], [ -75.118232179251507, 40.035076543563697 ], [ -75.118459659573304, 40.035105804267303 ], [ -75.118463651270801, 40.035087467459597 ], [ -75.118648919558396, 40.035111297148099 ], [ -75.118655121710404, 40.035112094739503 ], [ -75.118653198134993, 40.035120930295399 ], [ -75.1186513815057, 40.035129274989004 ], [ -75.118938405268906, 40.035166191435302 ], [ -75.1189446073857, 40.035166990136403 ], [ -75.118939408907295, 40.035190871041102 ], [ -75.118937590760098, 40.035199217956098 ], [ -75.118957863672605, 40.035201825683103 ], [ -75.119010511544005, 40.035217453783197 ], [ -75.119033979183001, 40.035229005293303 ], [ -75.119062142641397, 40.035247744187103 ], [ -75.119088965045805, 40.0352711039083 ], [ -75.119105058801594, 40.035289329795297 ], [ -75.119119037701296, 40.035315959998897 ], [ -75.119119475646301, 40.035316795596799 ], [ -75.119127523729802, 40.035333739056497 ], [ -75.119132888351501, 40.035355045091798 ], [ -75.119133799791101, 40.035383654440103 ], [ -75.119131542748903, 40.035394025373499 ], [ -75.119125224904906, 40.0354230457841 ], [ -75.119117802685096, 40.035439242930401 ], [ -75.119105733843, 40.035459266623498 ], [ -75.119100034669103, 40.0354659410851 ], [ -75.119086626562606, 40.035482375040701 ], [ -75.119071201647699, 40.035496746748002 ], [ -75.119054438118397, 40.035508041191299 ], [ -75.119041697237407, 40.035513689360897 ], [ -75.119055108993194, 40.035530118213401 ], [ -75.118813043692995, 40.035662068681503 ], [ -75.118825329853493, 40.0356757078737 ], [ -75.118826453622901, 40.035676956762501 ], [ -75.118666865325196, 40.035763725552101 ], [ -75.118656134691605, 40.035751915024797 ], [ -75.118495724324404, 40.035838864104001 ], [ -75.118461006873503, 40.035857680658701 ], [ -75.118474405346703, 40.035871578515 ], [ -75.118481791957606, 40.035879240924601 ], [ -75.118444241888398, 40.035897724519103 ], [ -75.118426136027097, 40.035876673894201 ], [ -75.118418093026904, 40.035880270548397 ], [ -75.118385567918807, 40.035846896862701 ], [ -75.118375510296502, 40.035850491279 ], [ -75.118356286005493, 40.0358522369174 ], [ -75.1183441877359, 40.035850681379301 ], [ -75.118327229437199, 40.0358445870582 ], [ -75.118318177450703, 40.035836116100697 ], [ -75.118310801700304, 40.035827645256703 ], [ -75.1183091067182, 40.035821592060401 ], [ -75.118306731177697, 40.035813100632502 ], [ -75.118308522877697, 40.035804871379298 ], [ -75.118303362798599, 40.035799304181303 ], [ -75.1182491404915, 40.035740804837097 ], [ -75.118234180268104, 40.0357388807384 ], [ -75.118232520632503, 40.035746500317899 ], [ -75.118159355384094, 40.035737089600801 ], [ -75.118160845753806, 40.035730245532399 ], [ -75.118143316633706, 40.035727989995898 ], [ -75.118096789518404, 40.035941709671697 ], [ -75.1180907260879, 40.035969560024803 ], [ -75.118057478443504, 40.035965284141803 ], [ -75.118048275728597, 40.035964100148597 ], [ -75.118041450961002, 40.035995448187201 ], [ -75.117995409599004, 40.035989526444403 ], [ -75.117980426237693, 40.036058352726897 ], [ -75.117977533547105, 40.036062780313401 ], [ -75.117973712913397, 40.036065481440403 ], [ -75.1179731765599, 40.036065861096397 ], [ -75.117967812374104, 40.036068427738101 ], [ -75.117962498618596, 40.036069240783803 ], [ -75.1179515987522, 40.036067839937999 ], [ -75.117948031159699, 40.036065603599901 ], [ -75.117943671060104, 40.036062266740899 ], [ -75.117941659447595, 40.036057388881503 ], [ -75.117941659131205, 40.036054941457898 ], [ -75.117941660620403, 40.036046969649803 ], [ -75.117937280861796, 40.036046406379 ], [ -75.117902935376605, 40.036041988159802 ], [ -75.117896816523995, 40.036070094027401 ], [ -75.117896181705504, 40.036073012324501 ], [ -75.117859404296595, 40.036068281568198 ], [ -75.117773738069005, 40.036057262994802 ], [ -75.117765892737907, 40.036056253125402 ], [ -75.117741478942094, 40.036053113293796 ], [ -75.117734550651704, 40.036084935363398 ], [ -75.117422754205293, 40.036044828439401 ], [ -75.117424569196899, 40.036036492734397 ] ], [ [ -75.118332930687799, 40.035710077144202 ], [ -75.118521188295205, 40.035607396899003 ], [ -75.118514226639803, 40.035599658629998 ], [ -75.118510794977794, 40.035595844120301 ], [ -75.118513347300194, 40.035594411397298 ], [ -75.118669213332794, 40.035506896418397 ], [ -75.118680445119693, 40.035518704911603 ], [ -75.118873060683399, 40.035413455786703 ], [ -75.118866377320202, 40.035405568487398 ], [ -75.118865012616894, 40.035403958173603 ], [ -75.118860151493195, 40.0354019039723 ], [ -75.118852606809895, 40.035397411834502 ], [ -75.118848920667105, 40.035393433825497 ], [ -75.118843555565405, 40.035385860547898 ], [ -75.118839699660896, 40.035379572019401 ], [ -75.118838865449106, 40.035376221359897 ], [ -75.118837145293995, 40.035369304861597 ], [ -75.118840503226096, 40.035353177935697 ], [ -75.118844746703402, 40.035347240517098 ], [ -75.118847546146995, 40.035333802752803 ], [ -75.118841545364702, 40.035333063847098 ], [ -75.1186155330915, 40.035305256673503 ], [ -75.118612580283894, 40.035319436519799 ], [ -75.118417365473903, 40.035295417181104 ], [ -75.118419124796802, 40.0352869641805 ], [ -75.118420817081002, 40.035278841897799 ], [ -75.118414686498497, 40.0352780876064 ], [ -75.118148691652905, 40.035245360585598 ], [ -75.118132004220499, 40.035325491772397 ], [ -75.118130199927094, 40.0353341588593 ], [ -75.118222517438895, 40.035345517684597 ], [ -75.118229645514504, 40.035346393955798 ], [ -75.118187483380296, 40.0355488674887 ], [ -75.118181946277005, 40.035548866753501 ], [ -75.118157199168607, 40.035667707244201 ], [ -75.118155438033796, 40.035676168084102 ], [ -75.118171900552099, 40.035678194194702 ], [ -75.118173371527106, 40.035671132308799 ], [ -75.118246791629801, 40.035680165921598 ], [ -75.118245311727904, 40.035687269276202 ], [ -75.118258901462696, 40.035688941219 ], [ -75.118292698285103, 40.035670929197799 ], [ -75.118332930687799, 40.035710077144202 ] ] ] } },
{ "type": "Feature", "properties": { "aun": 126515001, "school_num": null, "location_id": "3210", "school_name": "FRANKLIN HIGH SCHOOL EOP", "school_name_label": "BEN FRANKLIN HIGH SCHOOL EOP", "street_address": "550 N BROAD ST", "zip_code": "19130", "phone_number": "(215) 400-7600", "active": null, "grade_level": "HIGH SCHOOL", "grade_org": "9-12", "enrollment": 176, "type": 1, "type_specific": "DISTRICT", "objectid": 482, "Shape__Area": 11938.203125, "Shape__Length": 465.36495876051202 }, "geometry": { "type": "Polygon", "coordinates": [ [ [ -75.162744549170498, 39.963915008343598 ], [ -75.161356942431695, 39.963742145031901 ], [ -75.161464783596102, 39.963221617747102 ], [ -75.162848454384601, 39.9633963261712 ], [ -75.162744549170498, 39.963915008343598 ] ] ] } },
{ "type": "Feature", "properties": { "aun": null, "school_num": null, "location_id": "3510", "school_name": "EL CENTRO DE ESTUDIANTES", "school_name_label": "EL CENTRO DE ESTUDIANTES (BIG PICTURE)", "street_address": "3360 FRANKFORD AVE", "zip_code": "19134", "phone_number": "(267) 687-1172", "active": null, "grade_level": "HIGH SCHOOL", "grade_org": "9-12", "enrollment": 121, "type": 1, "type_specific": "CONTRACTED", "objectid": 483, "Shape__Area": 172.54296875, "Shape__Length": 67.278729489983803 }, "geometry": { "type": "Polygon", "coordinates": [ [ [ -75.101365462611994, 39.998491997243299 ], [ -75.101318591685001, 39.998515757269203 ], [ -75.101182840060503, 39.998362981111299 ], [ -75.101226298674504, 39.998333742956497 ], [ -75.101365462611994, 39.998491997243299 ] ] ] } },
{ "type": "Feature", "properties": { "aun": null, "school_num": null, "location_id": null, "school_name": "RE-ENGAGEMENT CENTER", "school_name_label": "RE-ENGAGEMENT CENTER", "street_address": "440 N BROAD ST", "zip_code": "19130", "phone_number": "(215) 400-6700", "active": null, "grade_level": "HIGH SCHOOL", "grade_org": "9-12", "enrollment": 1, "type": 1, "type_specific": "DISTRICT", "objectid": 484, "Shape__Area": 33046.55078125, "Shape__Length": 742.73940522837256 }, "geometry": { "type": "Polygon", "coordinates": [ [ [ -75.162125410029901, 39.9602016989001 ], [ -75.1627629181787, 39.960279138178002 ], [ -75.162753638120705, 39.960329738356002 ], [ -75.163498938439503, 39.9604244507765 ], [ -75.163189281384604, 39.961834113813303 ], [ -75.161796711645493, 39.961657919588703 ], [ -75.162125410029901, 39.9602016989001 ] ] ] } },
{ "type": "Feature", "properties": { "aun": null, "school_num": null, "location_id": null, "school_name": "STUDENT TRANSITION CENTER", "school_name_label": "STUDENT TRANSITION CENTER", "street_address": "440 N BROAD ST", "zip_code": "19130", "phone_number": null, "active": null, "grade_level": "ELEMENTARY/MIDDLE/HIGH", "grade_org": "1-12", "enrollment": 46, "type": 1, "type_specific": "DISTRICT", "objectid": 485, "Shape__Area": 33046.55078125, "Shape__Length": 742.73940522837256 }, "geometry": { "type": "Polygon", "coordinates": [ [ [ -75.162125410029901, 39.9602016989001 ], [ -75.1627629181787, 39.960279138178002 ], [ -75.162753638120705, 39.960329738356002 ], [ -75.163498938439503, 39.9604244507765 ], [ -75.163189281384604, 39.961834113813303 ], [ -75.161796711645493, 39.961657919588703 ], [ -75.162125410029901, 39.9602016989001 ] ] ] } },
{ "type": "Feature", "properties": { "aun": null, "school_num": null, "location_id": null, "school_name": "UNIVERSAL VARE CHARTER SCHOOL", "school_name_label": "UNIVERSAL VARE CHARTER SCHOOL", "street_address": "1901 S 23RD ST", "zip_code": "19145", "phone_number": "(215) 952-8611", "active": null, "grade_level": "MIDDLE SCHOOL", "grade_org": "5-8", "enrollment": 127, "type": 2, "type_specific": "CHARTER", "objectid": 486, "Shape__Area": 4095.13671875, "Shape__Length": 266.08687550741598 }, "geometry": { "type": "Polygon", "coordinates": [ [ [ -75.183489145096004, 39.928025051557299 ], [ -75.183679833644902, 39.928049742846298 ], [ -75.183678065622303, 39.928057747054702 ], [ -75.183692793656604, 39.9280591894046 ], [ -75.183922201194207, 39.928087663799403 ], [ -75.183864449572496, 39.928359553471999 ], [ -75.183846574334694, 39.928443717845902 ], [ -75.183840256861004, 39.9284734945428 ], [ -75.183838179337698, 39.928483070849097 ], [ -75.183802109450795, 39.928643154949299 ], [ -75.183800577396397, 39.928649907529703 ], [ -75.1833644126975, 39.928595220677302 ], [ -75.183401421620303, 39.928425791699503 ], [ -75.183489145096004, 39.928025051557299 ] ] ] } },
{ "type": "Feature", "properties": { "aun": null, "school_num": null, "location_id": null, "school_name": "YOUTHBUILD PHILADELPHIA CHARTER", "school_name_label": "YOUTHBUILD PHILADELPHIA CHARTER SCHOOL", "street_address": "2309 N BROAD ST", "zip_code": "19132", "phone_number": "(215) 627-8671", "active": null, "grade_level": "HIGH SCHOOL", "grade_org": "12", "enrollment": 274, "type": 2, "type_specific": "CHARTER", "objectid": 487, "Shape__Area": 1515.11328125, "Shape__Length": 170.34832450269607 }, "geometry": { "type": "Polygon", "coordinates": [ [ [ -75.155027012987304, 39.988295580514702 ], [ -75.155063852650599, 39.988123979940298 ], [ -75.155594027365794, 39.9881948187464 ], [ -75.155556248264602, 39.9883668982906 ], [ -75.155027012987304, 39.988295580514702 ] ] ] } },
{ "type": "Feature", "properties": { "aun": null, "school_num": null, "location_id": null, "school_name": "BELMONT CHARTER HIGH SCHOOL", "school_name_label": "BELMONT CHARTER HIGH SCHOOL", "street_address": "1301 BELMONT AVE", "zip_code": "19104", "phone_number": "(215) 877-1286", "active": null, "grade_level": "HIGH SCHOOL", "grade_org": "9-12", "enrollment": null, "type": 2, "type_specific": "CHARTER", "objectid": 488, "Shape__Area": 18997.98828125, "Shape__Length": 673.03496351621789 }, "geometry": { "type": "Polygon", "coordinates": [ [ [ -75.210512046100305, 39.9751201601551 ], [ -75.2124603006461, 39.974804758496802 ], [ -75.212775771529707, 39.975959722484802 ], [ -75.210512046100305, 39.9751201601551 ] ] ] } },
{ "type": "Feature", "properties": { "aun": null, "school_num": null, "location_id": null, "school_name": "KIPP PHILADELPHIA ELEMENTARY ACADEMY", "school_name_label": "KIPP PHILADELPHIA ELEMENTARY ACADEMY", "street_address": "2409 W WESTMORELAND ST", "zip_code": "19140", "phone_number": "(267) 687-7283", "active": null, "grade_level": "ELEMENTARY SCHOOL", "grade_org": "K-4", "enrollment": null, "type": 2, "type_specific": "CHARTER", "objectid": 489, "Shape__Area": 11088.765625, "Shape__Length": 544.80434197458715 }, "geometry": { "type": "Polygon", "coordinates": [ [ [ -75.168689564241603, 40.006196368590203 ], [ -75.168905381711397, 40.005720174261199 ], [ -75.168914525503894, 40.005722781035999 ], [ -75.1691410994042, 40.005787373135597 ], [ -75.168981498053796, 40.0061264270376 ], [ -75.169672678837998, 40.006323231888601 ], [ -75.169462816069796, 40.007210358143801 ], [ -75.169073844827494, 40.006791719924102 ], [ -75.168808286016002, 40.006506973883099 ], [ -75.168803108149902, 40.006501441251899 ], [ -75.168789187457804, 40.006486605060701 ], [ -75.168652886838302, 40.0063412029007 ], [ -75.168632621865697, 40.006319581319197 ], [ -75.168689564241603, 40.006196368590203 ] ] ] } },
{ "type": "Feature", "properties": { "aun": null, "school_num": null, "location_id": null, "school_name": "KIPP PHILADELPHIA PREPARATORY ACADEMY", "school_name_label": "KIPP PHILADELPHIA PREPARATORY ACADEMY", "street_address": "2600 W CLEARFIELD ST", "zip_code": "19132", "phone_number": "(215) 227-1728", "active": null, "grade_level": "MIDDLE SCHOOL", "grade_org": "5-8", "enrollment": null, "type": 2, "type_specific": "CHARTER", "objectid": 490, "Shape__Area": 11182.15234375, "Shape__Length": 446.17451212227672 }, "geometry": { "type": "Polygon", "coordinates": [ [ [ -75.1740558223443, 40.002618898649096 ], [ -75.172753273180106, 40.002450981261603 ], [ -75.1728657878013, 40.001934808941499 ], [ -75.174168327301402, 40.002102726181299 ], [ -75.1740558223443, 40.002618898649096 ] ] ] } },
{ "type": "Feature", "properties": { "aun": 126515001, "school_num": 7815, "location_id": null, "school_name": "KIPP WEST PHILADELPHIA PREPARATORY", "school_name_label": "KIPP WEST PHILADELPHIA PREPARATORY CHARTER SCHOOL", "street_address": "5900 BALTIMORE AVE", "zip_code": "19143", "phone_number": "(215) 294-2973", "active": null, "grade_level": "MIDDLE SCHOOL", "grade_org": "5-8", "enrollment": null, "type": 2, "type_specific": "CHARTER", "objectid": 491, "Shape__Area": 47956.20703125, "Shape__Length": 1019.2879601083175 }, "geometry": { "type": "Polygon", "coordinates": [ [ [ -75.242987251589, 39.9433688364674 ], [ -75.242805042834107, 39.9434360356722 ], [ -75.242807429732196, 39.943439870892 ], [ -75.242881339475005, 39.943557198740898 ], [ -75.242651190245297, 39.943637001013499 ], [ -75.243271775307207, 39.944651439095999 ], [ -75.241833678796993, 39.9451846243009 ], [ -75.241193948240607, 39.944150042211 ], [ -75.241041785201404, 39.944206190824403 ], [ -75.24086363664, 39.943893916382201 ], [ -75.241251212438399, 39.943673869324002 ], [ -75.241545778940605, 39.943512894641103 ], [ -75.241891365082395, 39.943331354699303 ], [ -75.242167395649602, 39.943185094093003 ], [ -75.242614922920097, 39.942951360844901 ], [ -75.242627862535997, 39.9429446001907 ], [ -75.242641672002705, 39.942953444610303 ], [ -75.242733550651394, 39.9430123068501 ], [ -75.243206294649298, 39.943108218256903 ], [ -75.243283437890696, 39.943212309964302 ], [ -75.242958247851107, 39.943323632645502 ], [ -75.242987251589, 39.9433688364674 ] ] ] } },
{ "type": "Feature", "properties": { "aun": null, "school_num": null, "location_id": null, "school_name": "ANTHONY WAYNE ACADEMY", "school_name_label": "ANTHONY WAYNE ACADEMY", "street_address": "5538 WAYNE AVE", "zip_code": "19144", "phone_number": "(267) 297-7782", "active": null, "grade_level": "MIDDLE/HIGH", "grade_org": "6-12", "enrollment": null, "type": 3, "type_specific": "PRIVATE", "objectid": 492, "Shape__Area": 4753.52734375, "Shape__Length": 304.21172383917178 }, "geometry": { "type": "Polygon", "coordinates": [ [ [ -75.178483657944, 40.031367051671602 ], [ -75.178594036642806, 40.031258400401299 ], [ -75.178648355375799, 40.031204930905602 ], [ -75.178649886743798, 40.031205850433402 ], [ -75.178701801690195, 40.031237016366198 ], [ -75.1788068212864, 40.031133640841503 ], [ -75.178805909363206, 40.031132883850397 ], [ -75.178798502951395, 40.031126742091701 ], [ -75.178954207774098, 40.030973474735902 ], [ -75.178924219176196, 40.030955472475299 ], [ -75.178923891954, 40.0309557951445 ], [ -75.178919802095805, 40.030953339562203 ], [ -75.178914877006903, 40.030950384367699 ], [ -75.178976727378497, 40.030900704268397 ], [ -75.179379135841799, 40.031134241280697 ], [ -75.179162863055595, 40.031347129243201 ], [ -75.179013494806696, 40.031494161842303 ], [ -75.178892029629196, 40.031613724320799 ], [ -75.1784827006679, 40.031367994318103 ], [ -75.178483657944, 40.031367051671602 ] ] ] } },
{ "type": "Feature", "properties": { "aun": null, "school_num": null, "location_id": null, "school_name": "BETHEL BAPTIST ACADEMY", "school_name_label": "BETHEL BAPTIST ACADEMY", "street_address": "2400 S BROAD ST", "zip_code": "19145", "phone_number": "(215) 426-1909", "active": null, "grade_level": "ELEMENTARY/MIDDLE/HIGH", "grade_org": "PREK-12", "enrollment": null, "type": 3, "type_specific": "PRIVATE", "objectid": 493, "Shape__Area": 1177.171875, "Shape__Length": 137.50348473424762 }, "geometry": { "type": "Polygon", "coordinates": [ [ [ -75.171062858774704, 39.920373639318697 ], [ -75.171057490969403, 39.920404743254899 ], [ -75.1710086283056, 39.920626016941398 ], [ -75.170727468541898, 39.920587276417102 ], [ -75.170783051501999, 39.920336250440798 ], [ -75.171062858774704, 39.920373639318697 ] ] ] } },
{ "type": "Feature", "properties": { "aun": 300513960, "school_num": null, "location_id": null, "school_name": "GREENE TOWNE SCHOOL INC", "school_name_label": "GREENE TOWNE SCHOOL INC.", "street_address": "55 N 22ND ST", "zip_code": "19103", "phone_number": "(215) 563-6368", "active": null, "grade_level": "ELEMENTARY SCHOOL", "grade_org": "PREK-3", "enrollment": null, "type": 3, "type_specific": "PRIVATE", "objectid": 494, "Shape__Area": 4428.90234375, "Shape__Length": 290.02811535656787 }, "geometry": { "type": "Polygon", "coordinates": [ [ [ -75.176142353889205, 39.955932614199 ], [ -75.175246901395894, 39.955819186841097 ], [ -75.175304529810603, 39.955549297838303 ], [ -75.175310316393194, 39.955522071827502 ], [ -75.176206582471707, 39.955635517029897 ], [ -75.176146022631499, 39.955933083945503 ], [ -75.176142353889205, 39.955932614199 ] ] ] } },
{ "type": "Feature", "properties": { "aun": null, "school_num": null, "location_id": null, "school_name": "POINCIANA MONTESSORI", "school_name_label": "POINCIANA MONTESSORI", "street_address": "6144 GERMANTOWN AVE", "zip_code": "19144", "phone_number": "(215) 975-0015", "active": null, "grade_level": "ELEMENTARY SCHOOL", "grade_org": "K-4", "enrollment": null, "type": 3, "type_specific": "PRIVATE", "objectid": 495, "Shape__Area": 2773.56640625, "Shape__Length": 209.44265097409519 }, "geometry": { "type": "Polygon", "coordinates": [ [ [ -75.179743126743006, 40.0416477761704 ], [ -75.180110658266202, 40.0414800178389 ], [ -75.180397385289794, 40.041697127635899 ], [ -75.180296173240706, 40.041795903682001 ], [ -75.180008529748505, 40.041981379879999 ], [ -75.179743126743006, 40.0416477761704 ] ] ] } },
{ "type": "Feature", "properties": { "aun": null, "school_num": null, "location_id": null, "school_name": "SMART CENTER ACADEMY", "school_name_label": "SMART CENTER ACADEMY", "street_address": "3301 W WESTMORELAND ST", "zip_code": "19129", "phone_number": "(610) 742-2804", "active": null, "grade_level": "PRE-K/KINDERGARTEN", "grade_org": "PREK/K", "enrollment": null, "type": 3, "type_specific": "PRIVATE", "objectid": 496, "Shape__Area": 5499.50390625, "Shape__Length": 470.45722071869648 }, "geometry": { "type": "Polygon", "coordinates": [ [ [ -75.183107642384499, 40.006785276205299 ], [ -75.183126798361002, 40.006706621792702 ], [ -75.184976872227395, 40.006620882626002 ], [ -75.184992286174605, 40.006845936311798 ], [ -75.184996707269704, 40.006905919501101 ], [ -75.183107642384499, 40.006785276205299 ] ] ] } }
]
}
